split_method,compound,circuit,era,rmse_V2_baseline,n_V2_baseline,rmse_V2_plus_TM,n_V2_plus_TM,rmse_V2_plus_Consistency,n_V2_plus_Consistency,rmse_V2_plus_Both,n_V2_plus_Both,delta_V2_plus_TM,delta_V2_plus_Consistency,delta_V2_plus_Both
random,HARD,70th_Anniversary_Grand_Prix,2018-2021,0.34318271337363754,16.0,0.3553609380539346,16.0,0.33208028354489255,16.0,0.34393227955845035,16.0,0.012178224680297056,-0.011102429828744986,0.000749566184812811
random,HARD,Abu_Dhabi_Grand_Prix,2018-2021,0.5317215610484219,48.0,0.5268588437873812,48.0,0.5321715654619787,48.0,0.5225034071309488,48.0,-0.0048627172610407055,0.00045000441355680376,-0.00921815391747316
random,HARD,Abu_Dhabi_Grand_Prix,2022-2025,0.3428137011874252,38.0,0.34345387707672936,38.0,0.3443835588021856,38.0,0.34451067632949356,38.0,0.0006401758893041509,0.0015698576147603616,0.0016969751420683465
random,HARD,Australian_Grand_Prix,2022-2025,0.5436402881962116,36.0,0.5534609414290249,36.0,0.5410750482969948,36.0,0.5545255540227263,36.0,0.009820653232813337,-0.0025652398992167535,0.010885265826514723
random,HARD,Australian_Grand_Prix,2026+,0.5021704198569199,2.0,0.47924257301898177,2.0,0.6125780890650107,2.0,0.5641756775374999,2.0,-0.022927846837938137,0.11040766920809075,0.06200525768057996
random,HARD,Austrian_Grand_Prix,2018-2021,0.3688636074133712,29.0,0.36797489316322524,29.0,0.3726907226003288,29.0,0.3838999586181779,29.0,-0.0008887142501459722,0.003827115186957608,0.015036351204806675
random,HARD,Austrian_Grand_Prix,2022-2025,0.31444292558930415,37.0,0.31820735817509965,37.0,0.31479184754825784,37.0,0.3180716187784482,37.0,0.0037644325857955074,0.00034892195895369627,0.00362869318914405
random,HARD,Azerbaijan_Grand_Prix,2018-2021,0.5746722828340435,8.0,0.49908396055803245,8.0,0.4560658558946088,8.0,0.4511480578285455,8.0,-0.07558832227601103,-0.11860642693943468,-0.12352422500549798
random,HARD,Azerbaijan_Grand_Prix,2022-2025,0.5075270928400744,58.0,0.510439383449769,58.0,0.5112351232275634,58.0,0.5083942638502305,58.0,0.0029122906096946677,0.003708030387489014,0.0008671710101560981
random,HARD,Bahrain_Grand_Prix,2018-2021,0.46734997160301717,17.0,0.419333330943669,17.0,0.47394358283968835,17.0,0.4177878844384188,17.0,-0.048016640659348186,0.006593611236671182,-0.04956208716459837
random,HARD,Bahrain_Grand_Prix,2022-2025,0.3979570973232416,18.0,0.4028145267768157,18.0,0.39449998108045625,18.0,0.4043742996683527,18.0,0.004857429453574091,-0.0034571162427853297,0.006417202345111117
random,HARD,Belgian_Grand_Prix,2022-2025,0.615728487054546,8.0,0.6258523650050833,8.0,0.6436978057535923,8.0,0.6430750449381677,8.0,0.010123877950537374,0.027969318699046286,0.027346557883621725
random,HARD,British_Grand_Prix,2018-2021,0.5270294735076458,17.0,0.6053045024340514,17.0,0.5301670159236176,17.0,0.6122839513081427,17.0,0.07827502892640559,0.00313754241597175,0.08525447780049689
random,HARD,British_Grand_Prix,2022-2025,0.5365715094438357,7.0,0.5320232599143219,7.0,0.5998715533321628,7.0,0.6255259543190058,7.0,-0.004548249529513826,0.0633000438883271,0.08895444487517012
random,HARD,Canadian_Grand_Prix,2018-2021,0.5257350135272799,12.0,0.5269913600741652,12.0,0.5306685232522048,12.0,0.5294696413442395,12.0,0.001256346546885334,0.0049335097249249005,0.003734627816959546
random,HARD,Canadian_Grand_Prix,2022-2025,0.5373898304025047,35.0,0.4997137332616941,35.0,0.5334647597426885,35.0,0.49975803049539574,35.0,-0.03767609714081055,-0.003925070659816177,-0.03763179990710891
random,HARD,Chinese_Grand_Prix,2018-2021,0.35036392580925585,8.0,0.3631830471771978,8.0,0.39423097400613305,8.0,0.4019359638576693,8.0,0.012819121367941944,0.0438670481968772,0.05157203804841343
random,HARD,Chinese_Grand_Prix,2022-2025,0.5378369366059017,25.0,0.5468845331161416,25.0,0.5552138073088371,25.0,0.5631064208448893,25.0,0.009047596510239897,0.017376870702935365,0.02526948423898756
random,HARD,Chinese_Grand_Prix,2026+,0.2995877577477945,22.0,0.2995882490133411,22.0,0.33219014938643815,22.0,0.3174060239151279,22.0,4.912655465760807e-07,0.032602391638643646,0.017818266167333396
random,HARD,Dutch_Grand_Prix,2018-2021,0.44400459421241123,3.0,0.3985885342836066,3.0,0.2970931097707594,3.0,0.32692954892555287,3.0,-0.04541605992880465,-0.1469114844416518,-0.11707504528685836
random,HARD,Dutch_Grand_Prix,2022-2025,0.2799189918635269,27.0,0.2563507479076859,27.0,0.2826075232500416,27.0,0.25101644073035356,27.0,-0.023568243955841006,0.002688531386514703,-0.02890255113317336
random,HARD,Emilia_Romagna_Grand_Prix,2018-2021,0.3814877516705532,15.0,0.38901901826685775,15.0,0.40283374343144357,15.0,0.40439312924641313,15.0,0.007531266596304542,0.02134599176089036,0.02290537757585992
random,HARD,Emilia_Romagna_Grand_Prix,2022-2025,0.4985078452773568,20.0,0.49890958765834187,20.0,0.434022596651356,20.0,0.4423420228570073,20.0,0.00040174238098505954,-0.0644852486260008,-0.05616582242034951
random,HARD,French_Grand_Prix,2018-2021,0.4572006652853586,16.0,0.4503357817932406,16.0,0.4557427051328004,16.0,0.4431366490858083,16.0,-0.006864883492118001,-0.0014579601525581687,-0.014064016199550278
random,HARD,French_Grand_Prix,2022-2025,0.2964278260001027,9.0,0.2787406758748543,9.0,0.27836963657760233,9.0,0.2745798511999245,9.0,-0.017687150125248408,-0.01805818942250037,-0.021847974800178194
random,HARD,Hungarian_Grand_Prix,2018-2021,0.583672143071726,25.0,0.5809837621118231,25.0,0.5852138445981101,25.0,0.583349883306344,25.0,-0.0026883809599028696,0.0015417015263841094,-0.00032225976538202694
random,HARD,Hungarian_Grand_Prix,2022-2025,0.541954669792323,29.0,0.5413552604535302,29.0,0.539952870273156,29.0,0.5399658429017378,29.0,-0.0005994093387927668,-0.0020017995191670135,-0.0019888268905852158
random,HARD,Italian_Grand_Prix,2018-2021,0.36476197419867395,8.0,0.4016075421944581,8.0,0.43092510572924586,8.0,0.4443914223030242,8.0,0.036845567995784145,0.0661631315305719,0.07962944810435024
random,HARD,Italian_Grand_Prix,2022-2025,0.43384861712198175,42.0,0.433837747761626,42.0,0.43158361823348174,42.0,0.4314285229267414,42.0,-1.0869360355769686e-05,-0.002264998888500014,-0.002420094195240363
random,HARD,Japanese_Grand_Prix,2022-2025,0.4162803697873997,21.0,0.4481125769570121,21.0,0.4848169961208018,21.0,0.49862819388171403,21.0,0.031832207169612436,0.06853662633340213,0.08234782409431435
random,HARD,Japanese_Grand_Prix,2026+,1.0342564150927351,14.0,1.0006790854843615,14.0,1.041752801917935,14.0,1.0087311279391,14.0,-0.033577329608373674,0.007496386825199819,-0.025525287153635112
random,HARD,Las_Vegas_Grand_Prix,2022-2025,0.5522134484448598,32.0,0.5243588354416235,32.0,0.5447291275749274,32.0,0.5246092444394174,32.0,-0.027854613003236217,-0.007484320869932337,-0.02760420400544239
random,HARD,Mexican_Grand_Prix,2018-2021,0.8013686913721887,23.0,0.803940721392202,23.0,0.8014050452818169,23.0,0.8036248462368241,23.0,0.0025720300200132717,3.635390962819507e-05,0.0022561548646353735
random,HARD,Mexico_City_Grand_Prix,2018-2021,0.384810778982047,13.0,0.3696038562729357,13.0,0.38652593822311687,13.0,0.3633938368100499,13.0,-0.015206922709111337,0.0017151592410698524,-0.021416942171997133
random,HARD,Mexico_City_Grand_Prix,2022-2025,0.33010034400601557,10.0,0.3136713878656263,10.0,0.3174227420944468,10.0,0.31393693721480587,10.0,-0.01642895614038925,-0.012677601911568748,-0.0161634067912097
random,HARD,Miami_Grand_Prix,2022-2025,0.357538964002843,39.0,0.3574213927777927,39.0,0.35689924035331,39.0,0.3560824677517659,39.0,-0.00011757122505029471,-0.0006397236495330194,-0.0014564962510771329
random,HARD,Miami_Grand_Prix,2026+,0.3530651586468964,14.0,0.3468419529541915,14.0,0.36220910244063387,14.0,0.3451405578195929,14.0,-0.006223205692704903,0.009143943793737452,-0.007924600827303507
random,HARD,Monaco_Grand_Prix,2018-2021,1.2140210658802189,30.0,0.9705098074582997,30.0,1.2564941644628365,30.0,0.992640294403605,30.0,-0.24351125842191912,0.04247309858261761,-0.22138077147661384
random,HARD,Monaco_Grand_Prix,2022-2025,1.549326338966885,20.0,1.552587202904016,20.0,1.5612727789879812,20.0,1.5623413563712978,20.0,0.0032608639371309867,0.011946440021096238,0.013015017404412799
random,HARD,Portuguese_Grand_Prix,2018-2021,0.9775789069530125,6.0,0.8732940222229243,6.0,0.6321021300972944,6.0,0.21945610436492563,6.0,-0.10428488473008823,-0.3454767768557181,-0.7581228025880868
random,HARD,Qatar_Grand_Prix,2018-2021,0.7715033423811256,5.0,0.8222029320440291,5.0,0.7518987684031252,5.0,0.762146623232443,5.0,0.050699589662903444,-0.019604573978000417,-0.009356719148682635
random,HARD,Qatar_Grand_Prix,2022-2025,0.9654687239580941,10.0,0.9447107814648448,10.0,0.9642070754300851,10.0,0.9583851079906993,10.0,-0.02075794249324936,-0.0012616485280090295,-0.0070836159673948185
random,HARD,Russian_Grand_Prix,2018-2021,0.8381875417469768,16.0,0.8265914333890175,16.0,0.835400007999237,16.0,0.8262734827678798,16.0,-0.011596108357959323,-0.0027875337477398787,-0.01191405897909703
random,HARD,Saudi_Arabian_Grand_Prix,2022-2025,0.4276632309463446,35.0,0.4514648422730537,35.0,0.46624879269083314,35.0,0.48001301344012864,35.0,0.023801611326709105,0.03858556174448852,0.052349782493784025
random,HARD,Singapore_Grand_Prix,2018-2021,1.022493482119186,10.0,0.9917603020538296,10.0,0.9708066908645446,10.0,0.9706641854815344,10.0,-0.030733180065356414,-0.05168679125464137,-0.05182929663765157
random,HARD,Singapore_Grand_Prix,2022-2025,0.7577551886381215,46.0,0.7608987371959006,46.0,0.7609954168447068,46.0,0.7651688868871217,46.0,0.0031435485577790967,0.003240228206585316,0.007413698249000178
random,HARD,Spanish_Grand_Prix,2018-2021,0.9975107650245759,2.0,0.9949330844728458,2.0,0.9933214024440274,2.0,0.9977218655623754,2.0,-0.0025776805517301327,-0.0041893625805484724,0.00021110053779949123
random,HARD,Spanish_Grand_Prix,2022-2025,1.204447296588661,9.0,1.0493589438582624,9.0,1.211904209943588,9.0,1.0940382572074392,9.0,-0.15508835273039856,0.007456913354926931,-0.11040903938122182
random,HARD,Styrian_Grand_Prix,2018-2021,0.24073193703271073,7.0,0.2716417375495339,7.0,0.2950558825832988,7.0,0.29420570025260295,7.0,0.030909800516823183,0.05432394555058806,0.05347376321989222
random,HARD,São_Paulo_Grand_Prix,2018-2021,0.31910079422526694,9.0,0.36695682852370937,9.0,0.29710505580571006,9.0,0.34543639797181064,9.0,0.04785603429844243,-0.021995738419556876,0.0263356037465437
random,HARD,United_States_Grand_Prix,2018-2021,0.5201003763121689,17.0,0.5356646232351951,17.0,0.5125511049845959,17.0,0.5319568269144135,17.0,0.01556424692302627,-0.007549271327572993,0.011856450602244606
random,HARD,United_States_Grand_Prix,2022-2025,0.44366733899963323,16.0,0.41965009193977104,16.0,0.44740014375150505,16.0,0.4258676300746926,16.0,-0.02401724705986219,0.003732804751871821,-0.01779970892494065
random,HYPERSOFT,Canadian_Grand_Prix,2018-2021,0.1756391203764173,4.0,0.16720368715862588,4.0,0.16720368715862977,4.0,0.167203687158626,4.0,-0.008435433217791416,-0.00843543321778753,-0.008435433217791305
random,HYPERSOFT,Monaco_Grand_Prix,2018-2021,1.9348786809903316,2.0,2.286497670749294,2.0,2.2864976707492817,2.0,2.286497670749294,2.0,0.35161898975896255,0.3516189897589501,0.35161898975896255
random,HYPERSOFT,Singapore_Grand_Prix,2018-2021,0.8902408836904216,8.0,0.8712799085858522,8.0,0.8772212862256287,8.0,0.8713435498400182,8.0,-0.0189609751045694,-0.013019597464792976,-0.018897333850403486
random,MEDIUM,Abu_Dhabi_Grand_Prix,2018-2021,0.3289563713246911,12.0,0.25808011245871615,12.0,0.3222203563329863,12.0,0.24692550246596076,12.0,-0.07087625886597493,-0.006736014991704786,-0.08203086885873032
random,MEDIUM,Abu_Dhabi_Grand_Prix,2022-2025,0.43251243459767397,20.0,0.43347728071378216,20.0,0.42209545628557843,20.0,0.43339027936319285,20.0,0.0009648461161081978,-0.010416978312095537,0.000877844765518887
random,MEDIUM,Australian_Grand_Prix,2018-2021,0.6298234268699884,16.0,0.636616296053378,16.0,0.629719291761344,16.0,0.6358488315732981,16.0,0.006792869183389616,-0.00010413510864437647,0.0060254047033097
random,MEDIUM,Australian_Grand_Prix,2022-2025,1.3513576674477723,8.0,1.2186998203858477,8.0,1.353051525293234,8.0,1.0851978323710525,8.0,-0.13265784706192463,0.0016938578454617215,-0.2661598350767198
random,MEDIUM,Australian_Grand_Prix,2026+,0.3317951104509856,5.0,0.26726224608330335,5.0,0.3283280191842363,5.0,0.2726062802207499,5.0,-0.06453286436768224,-0.003467091266749267,-0.05918883023023569
random,MEDIUM,Austrian_Grand_Prix,2018-2021,0.5289480664696484,20.0,0.5196431418473043,20.0,0.5204071120185189,20.0,0.5184636406731614,20.0,-0.009304924622344113,-0.008540954451129568,-0.010484425796487007
random,MEDIUM,Austrian_Grand_Prix,2022-2025,0.5153995339060032,23.0,0.5250650146505114,23.0,0.524822291296113,23.0,0.5271797791397235,23.0,0.009665480744508126,0.009422757390109782,0.011780245233720232
random,MEDIUM,Azerbaijan_Grand_Prix,2018-2021,0.735000334077315,11.0,0.726190356221151,11.0,0.7153292578768106,11.0,0.7149033196224375,11.0,-0.008809977856163997,-0.019671076200504456,-0.02009701445487755
random,MEDIUM,Azerbaijan_Grand_Prix,2022-2025,0.36635858607802246,23.0,0.3850244229264539,23.0,0.34910871683983086,23.0,0.36133115390828124,23.0,0.018665836848431427,-0.017249869238191606,-0.005027432169741219
random,MEDIUM,Bahrain_Grand_Prix,2018-2021,0.656007622035713,42.0,0.6588955656867004,42.0,0.6644242383025396,42.0,0.6693898601542125,42.0,0.0028879436509874346,0.00841661626682666,0.01338223811849959
random,MEDIUM,Bahrain_Grand_Prix,2022-2025,0.6161430723721857,20.0,0.6232923086878529,20.0,0.5946182553433905,20.0,0.6095080663769568,20.0,0.007149236315667218,-0.021524817028795162,-0.006635005995228926
random,MEDIUM,Belgian_Grand_Prix,2018-2021,0.024836367322149108,2.0,0.2212994656789092,2.0,0.12106956190924485,2.0,0.2295288755731031,2.0,0.1964630983567601,0.09623319458709574,0.204692508250954
random,MEDIUM,Belgian_Grand_Prix,2022-2025,0.588139938638524,40.0,0.5906191963043703,40.0,0.5866242037833942,40.0,0.5889041125934458,40.0,0.002479257665846335,-0.0015157348551297911,0.0007641739549217874
random,MEDIUM,Brazilian_Grand_Prix,2018-2021,0.33925094703736464,5.0,0.3359624604675475,5.0,0.33374125559566686,5.0,0.3494313412380048,5.0,-0.0032884865698171173,-0.005509691441697773,0.010180394200640153
random,MEDIUM,British_Grand_Prix,2018-2021,0.5184011505142203,15.0,0.5322360425840857,15.0,0.508311903585171,15.0,0.5360566176316026,15.0,0.013834892069865434,-0.010089246929049334,0.017655467117382306
random,MEDIUM,British_Grand_Prix,2022-2025,0.41797676161019437,32.0,0.4165065851560276,32.0,0.417974896353849,32.0,0.4151788022909854,32.0,-0.0014701764541667495,-1.8652563453791515e-06,-0.0027979593192089536
random,MEDIUM,Canadian_Grand_Prix,2018-2021,0.5937717902605,2.0,0.5914982949804244,2.0,0.5880917574115663,2.0,0.6179791873634152,2.0,-0.002273495280075588,-0.005680032848933703,0.024207397102915196
random,MEDIUM,Canadian_Grand_Prix,2022-2025,0.4344594919171554,22.0,0.40812759487039196,22.0,0.43692475068927994,22.0,0.3991995357393341,22.0,-0.02633189704676342,0.0024652587721245567,-0.035259956177821294
random,MEDIUM,Canadian_Grand_Prix,2026+,0.4588077349130599,8.0,0.4559101397504608,8.0,0.4685941916547009,8.0,0.4165952722376271,8.0,-0.002897595162599076,0.009786456741641025,-0.04221246267543277
random,MEDIUM,Chinese_Grand_Prix,2018-2021,0.4202790066060283,7.0,0.5151044979153374,7.0,0.3606391030913988,7.0,0.46593090645229057,7.0,0.09482549130930912,-0.0596399035146295,0.04565189984626228
random,MEDIUM,Chinese_Grand_Prix,2022-2025,0.43750659500808137,5.0,0.4759220276121716,5.0,0.413696301627719,5.0,0.44638033878866346,5.0,0.03841543260409025,-0.02381029338036239,0.008873743780582088
random,MEDIUM,Dutch_Grand_Prix,2018-2021,0.934770676567134,10.0,0.906999559867477,10.0,0.8898599822863174,10.0,0.896550868811473,10.0,-0.027771116699656928,-0.04491069428081662,-0.03821980775566103
random,MEDIUM,Dutch_Grand_Prix,2022-2025,0.4276484680278959,24.0,0.3969194858001292,24.0,0.41293738128842583,24.0,0.3964796091442457,24.0,-0.03072898222776671,-0.01471108673947008,-0.03116885888365023
random,MEDIUM,Eifel_Grand_Prix,2018-2021,0.3209332468479438,4.0,0.2476409001127543,4.0,0.34719156275534396,4.0,0.24546597237180193,4.0,-0.07329234673518947,0.026258315907400187,-0.07546727447614185
random,MEDIUM,Emilia_Romagna_Grand_Prix,2018-2021,0.28879755890640163,10.0,0.3443289491360276,10.0,0.29367242919084446,10.0,0.3448924536466287,10.0,0.05553139022962594,0.004874870284442834,0.05609489474022705
random,MEDIUM,Emilia_Romagna_Grand_Prix,2022-2025,0.46942338497316877,27.0,0.4464418834633861,27.0,0.47012969151511386,27.0,0.4363346828566158,27.0,-0.022981501509782676,0.0007063065419450898,-0.03308870211655296
random,MEDIUM,French_Grand_Prix,2018-2021,0.3829346099114768,9.0,0.38968255988008405,9.0,0.3836634158165233,9.0,0.3898720744220415,9.0,0.006747949968607225,0.0007288059050464812,0.006937464510564706
random,MEDIUM,French_Grand_Prix,2022-2025,0.40216491242026586,5.0,0.4032294889319191,5.0,0.39476949488883223,5.0,0.4050070548921035,5.0,0.001064576511653259,-0.0073954175314336346,0.0028421424718376165
random,MEDIUM,German_Grand_Prix,2018-2021,1.3955750826036155,3.0,1.3845153180401881,3.0,1.383923936444386,3.0,1.3880090672681409,3.0,-0.011059764563427388,-0.011651146159229464,-0.0075660153354746296
random,MEDIUM,Hungarian_Grand_Prix,2018-2021,0.6242340751075867,18.0,0.6129213512908348,18.0,0.6165468293141144,18.0,0.6099054286004295,18.0,-0.011312723816751857,-0.007687245793472242,-0.01432864650715715
random,MEDIUM,Hungarian_Grand_Prix,2022-2025,0.5286030499645429,57.0,0.5314789994180781,57.0,0.5332785032600473,57.0,0.5337902963208783,57.0,0.002875949453535198,0.00467545329550445,0.005187246356335384
random,MEDIUM,Italian_Grand_Prix,2018-2021,0.43973364692689076,13.0,0.43438421953392914,13.0,0.4387397234864906,13.0,0.43463580648071115,13.0,-0.005349427392961625,-0.0009939234404001684,-0.005097840446179613
random,MEDIUM,Italian_Grand_Prix,2022-2025,0.3830134791481251,25.0,0.38342017710891857,25.0,0.38913059783952497,25.0,0.3888678581187935,25.0,0.0004066979607934562,0.006117118691399859,0.005854378970668372
random,MEDIUM,Japanese_Grand_Prix,2018-2021,0.7821549112279613,6.0,0.7800393711235616,6.0,0.7470218187831242,6.0,0.7452043354047058,6.0,-0.002115540104399738,-0.03513309244483709,-0.03695057582325556
random,MEDIUM,Japanese_Grand_Prix,2022-2025,0.49794012934074694,25.0,0.5047395705687655,25.0,0.5205827621208232,25.0,0.5195215119524454,25.0,0.006799441228018566,0.022642632780076277,0.021581382611698507
random,MEDIUM,Japanese_Grand_Prix,2026+,0.42434459523128254,5.0,0.46843104067912555,5.0,0.4155110176537341,5.0,0.46789513116336406,5.0,0.044086445447843015,-0.008833577577548435,0.043550535932081524
random,MEDIUM,Las_Vegas_Grand_Prix,2022-2025,0.40879898332604986,15.0,0.4090260011297332,15.0,0.4091668815737693,15.0,0.40419463051422716,15.0,0.00022701780368333813,0.0003678982477194337,-0.004604352811822698
random,MEDIUM,Mexican_Grand_Prix,2018-2021,0.34238889344155327,10.0,0.3350789071392318,10.0,0.32713643789251884,10.0,0.3238096185601926,10.0,-0.007309986302321492,-0.015252455549034427,-0.018579274881360686
random,MEDIUM,Mexico_City_Grand_Prix,2018-2021,0.3163472296870877,17.0,0.28069297500060436,17.0,0.30820048569883357,17.0,0.28274582281216926,17.0,-0.035654254686483366,-0.008146743988254157,-0.03360140687491847
random,MEDIUM,Mexico_City_Grand_Prix,2022-2025,0.5639933133116576,38.0,0.5421701478320627,38.0,0.5394344612072159,38.0,0.5336834549901635,38.0,-0.02182316547959484,-0.024558852104441642,-0.030309858321494132
random,MEDIUM,Miami_Grand_Prix,2022-2025,0.3486455104404311,26.0,0.3559407818567514,26.0,0.3439324872514903,26.0,0.35496294729933986,26.0,0.007295271416320304,-0.00471302318894079,0.006317436858908787
random,MEDIUM,Monaco_Grand_Prix,2018-2021,1.0474686458107585,6.0,0.8642067642134429,6.0,1.0931176970384018,6.0,0.8676175200207572,6.0,-0.1832618815973156,0.04564905122764329,-0.1798511257900013
random,MEDIUM,Monaco_Grand_Prix,2022-2025,1.1763962436935207,34.0,1.251554462522246,34.0,1.156466892630408,34.0,1.2780235249461005,34.0,0.0751582188287252,-0.019929351063112666,0.1016272812525798
random,MEDIUM,Portuguese_Grand_Prix,2018-2021,0.6706059766003211,35.0,0.6768886663171467,35.0,0.6709709929170785,35.0,0.687199632597207,35.0,0.006282689716825662,0.0003650163167574494,0.016593655996885892
random,MEDIUM,Qatar_Grand_Prix,2018-2021,0.7567024277733664,10.0,0.7278466415323056,10.0,0.75380315547613,10.0,0.7270889832661247,10.0,-0.028855786241060777,-0.0028992722972364104,-0.029613444507241682
random,MEDIUM,Qatar_Grand_Prix,2022-2025,0.43984530349998086,34.0,0.43550955293836585,34.0,0.42681826448481164,34.0,0.42663142052645076,34.0,-0.004335750561615004,-0.013027039015169217,-0.0132138829735301
random,MEDIUM,Russian_Grand_Prix,2018-2021,0.8184983846684533,35.0,0.825603272202308,35.0,0.8171165904232457,35.0,0.8242259486440842,35.0,0.007104887533854742,-0.0013817942452075682,0.0057275639756309005
random,MEDIUM,Saudi_Arabian_Grand_Prix,2018-2021,0.5111791673719377,9.0,0.5272646975424518,9.0,0.5037746246994359,9.0,0.5220812250184677,9.0,0.016085530170514062,-0.0074045426725017904,0.010902057646529961
random,MEDIUM,Saudi_Arabian_Grand_Prix,2022-2025,0.6259709159261801,10.0,0.5991946072712389,10.0,0.5675350632268068,10.0,0.5575822118462248,10.0,-0.026776308654941294,-0.05843585269937335,-0.06838870407995534
random,MEDIUM,Singapore_Grand_Prix,2022-2025,1.08496329162656,22.0,1.090237326231467,22.0,1.064420146766095,22.0,1.0649078056713692,22.0,0.005274034604907163,-0.020543144860464935,-0.02005548595519069
random,MEDIUM,Spanish_Grand_Prix,2018-2021,0.6349393195361375,43.0,0.614094667710894,43.0,0.6265389593233597,43.0,0.6147459196978692,43.0,-0.02084465182524342,-0.008400360212777791,-0.02019339983826829
random,MEDIUM,Spanish_Grand_Prix,2022-2025,0.49968827358569984,38.0,0.503631468462608,38.0,0.5047544958750964,38.0,0.5067292745966735,38.0,0.00394319487690814,0.005066222289396516,0.007041001010973658
random,MEDIUM,Styrian_Grand_Prix,2018-2021,0.3770320583898898,26.0,0.33866249793036024,26.0,0.380344853402745,26.0,0.33197083242827546,26.0,-0.03836956045952955,0.0033127950128551964,-0.045061225961614326
random,MEDIUM,São_Paulo_Grand_Prix,2018-2021,0.23247589617589579,3.0,0.2027311020267533,3.0,0.21519864200170988,3.0,0.21888396056789097,3.0,-0.029744794149142495,-0.017277254174185908,-0.013591935608004813
random,MEDIUM,São_Paulo_Grand_Prix,2022-2025,0.45887284658683963,49.0,0.4539978799820999,49.0,0.4613506319222852,49.0,0.46578331748937885,49.0,-0.004874966604739739,0.0024777853354455703,0.006910470902539212
random,MEDIUM,United_States_Grand_Prix,2018-2021,0.840429321148861,12.0,0.834404240735897,12.0,0.8360051307960493,12.0,0.8334142624932691,12.0,-0.006025080412964012,-0.004424190352811719,-0.0070150586555919325
random,MEDIUM,United_States_Grand_Prix,2022-2025,0.38613864037063134,41.0,0.3956730397003923,41.0,0.37673252674505836,41.0,0.383726556117388,41.0,0.009534399329760967,-0.009406113625572976,-0.0024120842532433517
random,SOFT,Abu_Dhabi_Grand_Prix,2018-2021,0.545489316727488,7.0,0.49324291786189706,7.0,0.5514412053522252,7.0,0.5258483727330027,7.0,-0.05224639886559096,0.005951888624737167,-0.01964094399448535
random,SOFT,Australian_Grand_Prix,2018-2021,0.7125656196580163,12.0,0.7121426427611611,12.0,0.713045516131977,12.0,0.7120924550697738,12.0,-0.00042297689685522055,0.0004798964739606282,-0.00047316458824253615
random,SOFT,Austrian_Grand_Prix,2018-2021,0.28303916224987913,25.0,0.2978937790795955,25.0,0.2787248319619881,25.0,0.3372606558483976,25.0,0.014854616829716394,-0.004314330287891022,0.054221493598518467
random,SOFT,Azerbaijan_Grand_Prix,2018-2021,0.743201259324225,10.0,0.750958393844306,10.0,0.7366160176486531,10.0,0.7451230957809606,10.0,0.007757134520080977,-0.00658524167557184,0.0019218364567356039
random,SOFT,Bahrain_Grand_Prix,2018-2021,0.7668637593278745,10.0,0.7799865361931916,10.0,0.8089007021641001,10.0,0.8109656399529653,10.0,0.013122776865317043,0.04203694283622561,0.044101880625090795
random,SOFT,Bahrain_Grand_Prix,2022-2025,0.6023805601789132,42.0,0.6037100044898255,42.0,0.6030537887275403,42.0,0.6039164995836073,42.0,0.0013294443109123089,0.0006732285486271694,0.0015359394046940977
random,SOFT,Belgian_Grand_Prix,2018-2021,0.6251660111773509,15.0,0.6412862138682789,15.0,0.6203600414849701,15.0,0.6440647865329737,15.0,0.016120202690927954,-0.004805969692380785,0.018898775355622788
random,SOFT,Belgian_Grand_Prix,2022-2025,0.5455532124732363,9.0,0.5254576835292205,9.0,0.46831539826876,9.0,0.4745106504112142,9.0,-0.020095528944015784,-0.07723781420447628,-0.07104256206202209
random,SOFT,Brazilian_Grand_Prix,2018-2021,0.37911347479440133,24.0,0.3771671678453799,24.0,0.3791487163726144,24.0,0.3767146854577967,24.0,-0.0019463069490214258,3.524157821305218e-05,-0.0023987893366046453
random,SOFT,British_Grand_Prix,2018-2021,0.4131191215006998,8.0,0.4360677513057898,8.0,0.42352710447190905,8.0,0.4361488681656522,8.0,0.022948629805089993,0.010407982971209262,0.02302974666495239
random,SOFT,British_Grand_Prix,2022-2025,0.4160512895732076,10.0,0.446360735172425,10.0,0.42122896759036377,10.0,0.4467787032124531,10.0,0.030309445599217444,0.005177678017156184,0.030727413639245527
random,SOFT,Canadian_Grand_Prix,2026+,0.5861361712158072,10.0,0.5936550854865933,10.0,0.5928904048328328,10.0,0.5759415726629767,10.0,0.007518914270786103,0.006754233617025651,-0.010194598552830447
random,SOFT,Chinese_Grand_Prix,2018-2021,0.5715431344251486,9.0,0.5660442059218088,9.0,0.607127251617583,9.0,0.6011240341739021,9.0,-0.005498928503339773,0.03558411719243437,0.029580899748753553
random,SOFT,Dutch_Grand_Prix,2018-2021,0.5156903307731879,8.0,0.5399207328700271,8.0,0.5148828115983634,8.0,0.5434984044050146,8.0,0.024230402096839132,-0.000807519174824578,0.02780807363182669
random,SOFT,Dutch_Grand_Prix,2022-2025,0.30718994108828096,29.0,0.300888019333029,29.0,0.30277246128072366,29.0,0.3005535953187729,29.0,-0.00630192175525196,-0.004417479807557301,-0.006636345769508056
random,SOFT,Eifel_Grand_Prix,2018-2021,1.0305262855334827,2.0,1.0175903824792192,2.0,1.0307408772148727,2.0,1.014881928109496,2.0,-0.012935903054263509,0.0002145916813900417,-0.01564435742398662
random,SOFT,Emilia_Romagna_Grand_Prix,2018-2021,1.0989394070830305,6.0,1.0671692483808741,6.0,0.8377604032045146,6.0,0.8312348532736031,6.0,-0.03177015870215638,-0.2611790038785159,-0.26770455380942737
random,SOFT,French_Grand_Prix,2018-2021,0.43196545444079393,7.0,0.42838983881087317,7.0,0.4455087794500775,7.0,0.3711984538475156,7.0,-0.0035756156299207587,0.013543325009283569,-0.06076700059327833
random,SOFT,German_Grand_Prix,2018-2021,0.7857266161669412,9.0,0.7782734998124112,9.0,0.7703776467246564,9.0,0.7983717913470237,9.0,-0.007453116354529943,-0.01534896944228481,0.012645175180082568
random,SOFT,Hungarian_Grand_Prix,2018-2021,0.7457225514448055,6.0,0.7458651366243643,6.0,0.7440909415864556,6.0,0.7477643033679473,6.0,0.00014258517955878514,-0.0016316098583498695,0.0020417519231418213
random,SOFT,Hungarian_Grand_Prix,2022-2025,0.5450128955780776,7.0,0.47162950258648373,7.0,0.5634469369435682,7.0,0.47223764082838093,7.0,-0.07338339299159391,0.01843404136549054,-0.0727752547496967
random,SOFT,Italian_Grand_Prix,2018-2021,0.3360258976390142,15.0,0.33700914477024185,15.0,0.3313052699293213,15.0,0.333370987577397,15.0,0.0009832471312276603,-0.004720627709692893,-0.002654910061617166
random,SOFT,Italian_Grand_Prix,2022-2025,0.09933425581941503,5.0,0.1518506059317495,5.0,0.11490629190416944,5.0,0.14866135412025505,5.0,0.05251635011233448,0.01557203608475441,0.04932709830084002
random,SOFT,Japanese_Grand_Prix,2018-2021,0.5078548378913118,18.0,0.5129608467329406,18.0,0.5099567316406116,18.0,0.5174001085279641,18.0,0.005106008841628817,0.00210189374929981,0.009545270636652337
random,SOFT,Mexico_City_Grand_Prix,2022-2025,0.3862756620371129,18.0,0.4127726344148623,18.0,0.41433929406892184,18.0,0.4220742189560568,18.0,0.026496972377749395,0.02806363203180895,0.0357985569189439
random,SOFT,Monaco_Grand_Prix,2018-2021,0.8097882369116954,26.0,0.840044534143662,26.0,0.7485669561498963,26.0,0.743361087439071,26.0,0.030256297231966545,-0.06122128076179911,-0.0664271494726244
random,SOFT,Portuguese_Grand_Prix,2018-2021,0.47322890085924874,6.0,0.4706635129326977,6.0,0.4731739172499678,6.0,0.4706568860483393,6.0,-0.0025653879265510326,-5.498360928091195e-05,-0.002572014810909462
random,SOFT,Russian_Grand_Prix,2018-2021,0.6072134743066115,23.0,0.6445803749229155,23.0,0.5060974465577416,23.0,0.5379944499559205,23.0,0.03736690061630399,-0.10111602774886996,-0.06921902435069105
random,SOFT,Singapore_Grand_Prix,2018-2021,0.6125764087859649,15.0,0.6050736995706407,15.0,0.6025640340157515,15.0,0.5399745378811837,15.0,-0.007502709215324144,-0.010012374770213328,-0.07260187090478121
random,SOFT,Singapore_Grand_Prix,2022-2025,0.5652952562300689,10.0,0.5842968782455027,10.0,0.5181404813941837,10.0,0.5617424109886107,10.0,0.01900162201543376,-0.04715477483588526,-0.003552845241458269
random,SOFT,Spanish_Grand_Prix,2018-2021,0.6306324559520033,32.0,0.6318767416343992,32.0,0.6265606473939223,32.0,0.6279023453865289,32.0,0.0012442856823958737,-0.004071808558081091,-0.002730110565474453
random,SOFT,Spanish_Grand_Prix,2022-2025,0.6358744069559479,51.0,0.6488576659783489,51.0,0.6460544695003861,51.0,0.6487805380328613,51.0,0.01298325902240105,0.010180062544438262,0.012906131076913407
random,SOFT,Styrian_Grand_Prix,2018-2021,0.3952669149003549,12.0,0.37052894758007815,12.0,0.3928485749636611,12.0,0.38332630820127017,12.0,-0.024737967320276777,-0.002418339936693825,-0.011940606699084755
random,SOFT,São_Paulo_Grand_Prix,2022-2025,0.37341238933257903,28.0,0.3740278101518796,28.0,0.37382586275266805,28.0,0.37399716969984254,28.0,0.0006154208193005495,0.00041347342008901666,0.0005847803672635044
random,SOFT,United_States_Grand_Prix,2018-2021,0.6296386752013964,7.0,0.6698668274101426,7.0,0.612365666870824,7.0,0.6586749879037397,7.0,0.040228152208746204,-0.017273008330572326,0.029036312702343303
random,SOFT,United_States_Grand_Prix,2022-2025,0.32975989514438553,11.0,0.34468500219669335,11.0,0.32395935296370343,11.0,0.33426038634925176,11.0,0.014925107052307818,-0.0058005421806821,0.0045004912048662304
random,SUPERSOFT,Abu_Dhabi_Grand_Prix,2018-2021,0.8661121280000359,10.0,0.8660241797079731,10.0,0.8660241797079734,10.0,0.8660241797079732,10.0,-8.794829206282273e-05,-8.794829206248966e-05,-8.794829206271171e-05
random,SUPERSOFT,Australian_Grand_Prix,2018-2021,0.7957412716319328,6.0,0.792657039125101,6.0,0.7926570391251007,6.0,0.792657039125101,6.0,-0.0030842325068317633,-0.0030842325068320964,-0.0030842325068317633
random,SUPERSOFT,Austrian_Grand_Prix,2018-2021,0.3550833037151327,4.0,0.3067029610414616,4.0,0.30670296104146194,4.0,0.3067029610414618,4.0,-0.048380342673671084,-0.04838034267367075,-0.04838034267367092
random,SUPERSOFT,Azerbaijan_Grand_Prix,2018-2021,1.1343129013200997,14.0,1.101821976804344,14.0,1.1018219768043414,14.0,1.1018219768043458,14.0,-0.03249092451575564,-0.0324909245157583,-0.03249092451575386
random,SUPERSOFT,Belgian_Grand_Prix,2018-2021,1.0957277760129598,4.0,1.111246549470517,4.0,1.1052762795577733,4.0,1.1166842691243741,4.0,0.015518773457557256,0.009548503544813514,0.020956493111414343
random,SUPERSOFT,Brazilian_Grand_Prix,2018-2021,0.5653608233083481,15.0,0.5625795827308557,15.0,0.5625795827308557,15.0,0.5625795827308557,15.0,-0.0027812405774924054,-0.0027812405774924054,-0.0027812405774924054
random,SUPERSOFT,Canadian_Grand_Prix,2018-2021,0.3371253676905404,18.0,0.3378661770784767,18.0,0.3378661770784766,18.0,0.33786617707847694,18.0,0.0007408093879363031,0.0007408093879361921,0.0007408093879365252
random,SUPERSOFT,French_Grand_Prix,2018-2021,0.8175587556430056,9.0,0.8107689863582959,9.0,0.8107689863582962,9.0,0.810768986358296,9.0,-0.006789769284709757,-0.006789769284709424,-0.006789769284709646
random,SUPERSOFT,Japanese_Grand_Prix,2018-2021,0.5692165296674003,5.0,0.6625974814936468,5.0,0.6625974814936506,5.0,0.6625974814936465,5.0,0.0933809518262465,0.09338095182625028,0.09338095182624617
random,SUPERSOFT,Mexican_Grand_Prix,2018-2021,0.968940844301163,17.0,0.9526739618893522,17.0,0.9526739618893522,17.0,0.9526739618893519,17.0,-0.016266882411810846,-0.016266882411810846,-0.016266882411811068
random,SUPERSOFT,United_States_Grand_Prix,2018-2021,0.6074845113145253,3.0,0.5963810373759112,3.0,0.596381037375911,3.0,0.5963810373759113,3.0,-0.011103473938614106,-0.011103473938614328,-0.011103473938613995
random,ULTRASOFT,Abu_Dhabi_Grand_Prix,2018-2021,0.8923421437441263,4.0,0.8978319405725207,4.0,0.8978319405725202,4.0,0.8978319405725205,4.0,0.005489796828394344,0.0054897968283939,0.005489796828394122
random,ULTRASOFT,Chinese_Grand_Prix,2018-2021,1.4008156604420474,19.0,1.3903686555271217,19.0,1.390368655527123,19.0,1.3903686555271209,19.0,-0.010447004914925673,-0.01044700491492434,-0.010447004914926561
random,ULTRASOFT,German_Grand_Prix,2018-2021,0.6437482982059202,6.0,0.6460048331475214,6.0,0.6441742102843251,6.0,0.6450704489924542,6.0,0.0022565349416012737,0.00042591207840492196,0.001322150786534082
random,ULTRASOFT,Hungarian_Grand_Prix,2018-2021,0.12588311188026285,2.0,0.10447676713707503,2.0,0.1472829577600918,2.0,0.06487666530825238,2.0,-0.021406344743187825,0.021399845879828933,-0.06100644657201047
random,ULTRASOFT,Mexican_Grand_Prix,2018-2021,0.9124090221297018,4.0,0.8691463878137032,4.0,0.8691463878136994,4.0,0.8691463878137152,4.0,-0.04326263431599853,-0.04326263431600241,-0.04326263431598654
random,ULTRASOFT,Monaco_Grand_Prix,2018-2021,1.0706821643923676,23.0,1.0740611336835126,23.0,1.0740611336835104,23.0,1.0740611336835122,23.0,0.0033789692911450064,0.003378969291142786,0.0033789692911445623
random,ULTRASOFT,Russian_Grand_Prix,2018-2021,0.875366075630804,4.0,0.8612372033872017,4.0,0.861237203387202,4.0,0.8612372033872038,4.0,-0.014128872243602375,-0.014128872243602042,-0.014128872243600266
random,ULTRASOFT,Singapore_Grand_Prix,2018-2021,2.4657490322444184,9.0,2.4196255864602185,9.0,2.500338481407379,9.0,2.7948429262680583,9.0,-0.04612344578419991,0.034589449162960584,0.32909389402363987
fixed_2018_2023_train,HARD,Abu_Dhabi_Grand_Prix,2022-2025,0.36784210729970074,60.0,0.36897295725915014,60.0,0.37291681987940706,60.0,0.3722719119253097,60.0,0.0011308499594493981,0.00507471257970632,0.004429804625608935
fixed_2018_2023_train,HARD,Australian_Grand_Prix,2022-2025,0.9107124761734047,33.0,1.0284966111578877,33.0,1.0796149068700003,33.0,1.128059899871833,33.0,0.11778413498448304,0.1689024306965956,0.2173474236984283
fixed_2018_2023_train,HARD,Austrian_Grand_Prix,2022-2025,0.3468098287732152,54.0,0.3453468152984868,54.0,0.35312899272861037,54.0,0.34582053219480047,54.0,-0.0014630134747283807,0.006319163955395168,-0.0009892965784147334
fixed_2018_2023_train,HARD,Azerbaijan_Grand_Prix,2022-2025,0.5856550819263908,129.0,0.5899592257117645,129.0,0.5855597934891297,129.0,0.5873594544214762,129.0,0.004304143785373693,-9.528843726114289e-05,0.0017043724950853711
fixed_2018_2023_train,HARD,Bahrain_Grand_Prix,2022-2025,0.5220465580425562,50.0,0.5240987077692757,50.0,0.5064992673628287,50.0,0.5096145384951749,50.0,0.002052149726719521,-0.015547290679727488,-0.012432019547381268
fixed_2018_2023_train,HARD,Belgian_Grand_Prix,2022-2025,0.5673470329632629,34.0,0.5810321496078885,34.0,0.6064024796653557,34.0,0.6252658407777945,34.0,0.013685116644625572,0.03905544670209271,0.057918807814531514
fixed_2018_2023_train,HARD,British_Grand_Prix,2022-2025,0.7827712212101023,27.0,0.778570096806192,27.0,0.7584945629779617,27.0,0.7624316225176745,27.0,-0.004201124403910295,-0.024276658232140647,-0.02033959869242785
fixed_2018_2023_train,HARD,Canadian_Grand_Prix,2022-2025,0.4367779873449082,95.0,0.4187916880494952,95.0,0.4356356195715532,95.0,0.41588250945244687,95.0,-0.01798629929541301,-0.0011423677733549686,-0.020895477892461323
fixed_2018_2023_train,HARD,Dutch_Grand_Prix,2022-2025,0.4335483174527231,108.0,0.43646124071711456,108.0,0.4385720795497688,108.0,0.438896246171713,108.0,0.002912923264391465,0.005023762097045692,0.005347928718989925
fixed_2018_2023_train,HARD,Hungarian_Grand_Prix,2022-2025,0.6865835227398122,117.0,0.6998712781075508,117.0,0.691750751462942,117.0,0.7024261740251743,117.0,0.01328775536773863,0.005167228723129802,0.015842651285362108
fixed_2018_2023_train,HARD,Italian_Grand_Prix,2022-2025,0.3989868081695965,98.0,0.40741618551316494,98.0,0.40689335795417336,98.0,0.4099067773846317,98.0,0.008429377343568467,0.007906549784576888,0.010919969215035241
fixed_2018_2023_train,HARD,Japanese_Grand_Prix,2022-2025,0.8703738926756952,85.0,0.8797550618859188,85.0,1.0322950941845745,85.0,1.0498518956050207,85.0,0.009381169210223583,0.16192120150887934,0.17947800292932548
fixed_2018_2023_train,HARD,Las_Vegas_Grand_Prix,2022-2025,0.684840013179137,97.0,0.6693601714855005,97.0,0.6868555402730783,97.0,0.662527093249921,97.0,-0.015479841693636476,0.0020155270939412606,-0.022312919929216024
fixed_2018_2023_train,HARD,Mexico_City_Grand_Prix,2022-2025,0.7132774586665798,51.0,0.5712940908565379,51.0,0.6171383952055016,51.0,0.5801976832730329,51.0,-0.14198336781004184,-0.09613906346107814,-0.13307977539354687
fixed_2018_2023_train,HARD,Miami_Grand_Prix,2022-2025,0.535195666305116,75.0,0.54978989591843,75.0,0.5381819191495458,75.0,0.550308614756138,75.0,0.014594229613314025,0.002986252844429882,0.015112948451022068
fixed_2018_2023_train,HARD,Monaco_Grand_Prix,2022-2025,1.5859349497400985,78.0,1.5466365456819438,78.0,1.5819638790552368,78.0,1.5450617023923672,78.0,-0.03929840405815477,-0.003971070684861688,-0.040873247347731345
fixed_2018_2023_train,HARD,Qatar_Grand_Prix,2022-2025,0.5416404997917581,54.0,0.5406508693163469,54.0,0.5478484846425079,54.0,0.5467383721824771,54.0,-0.0009896304754112295,0.006207984850749804,0.005097872390719016
fixed_2018_2023_train,HARD,Saudi_Arabian_Grand_Prix,2022-2025,0.49783563815066717,75.0,0.5139583161370216,75.0,0.49307168423727465,75.0,0.5123854408874,75.0,0.016122677986354417,-0.004763953913392516,0.014549802736732842
fixed_2018_2023_train,HARD,Singapore_Grand_Prix,2022-2025,0.8245574949741331,145.0,0.8039065670795232,145.0,0.8085530985842124,145.0,0.8034444009914193,145.0,-0.020650927894609872,-0.016004396389920683,-0.02111309398271377
fixed_2018_2023_train,HARD,Spanish_Grand_Prix,2022-2025,1.255634560420582,3.0,1.0518847515760332,3.0,1.2610754172058778,3.0,1.108250689264902,3.0,-0.20374980884454885,0.005440856785295711,-0.14738387115568008
fixed_2018_2023_train,HARD,United_States_Grand_Prix,2022-2025,0.5541168325212185,54.0,0.5628102294409809,54.0,0.5496716167530815,54.0,0.5599410959641671,54.0,0.008693396919762453,-0.004445215768136945,0.005824263442948618
fixed_2018_2023_train,MEDIUM,Abu_Dhabi_Grand_Prix,2022-2025,0.5445489817661864,45.0,0.5210675346224884,45.0,0.5205907643167251,45.0,0.5212317229654859,45.0,-0.02348144714369793,-0.02395821744946125,-0.023317258800700458
fixed_2018_2023_train,MEDIUM,Australian_Grand_Prix,2022-2025,0.9651124261024576,14.0,0.9575485636384615,14.0,0.9696754861169008,14.0,0.9201501977005213,14.0,-0.007563862463996096,0.0045630600144431765,-0.04496222840193631
fixed_2018_2023_train,MEDIUM,Austrian_Grand_Prix,2022-2025,0.47903875229267506,66.0,0.486619537957229,66.0,0.47552609538228735,66.0,0.4784440615019665,66.0,0.007580785664553946,-0.0035126569103877125,-0.000594690790708563
fixed_2018_2023_train,MEDIUM,Azerbaijan_Grand_Prix,2022-2025,0.5226856353372648,39.0,0.52181347710218,39.0,0.5182781159529087,39.0,0.5130788212156311,39.0,-0.0008721582350847967,-0.004407519384356018,-0.009606814121633667
fixed_2018_2023_train,MEDIUM,Bahrain_Grand_Prix,2022-2025,0.6922815296002158,43.0,0.6994136662820298,43.0,0.605828868578478,43.0,0.6148289454833135,43.0,0.007132136681814005,-0.08645266102173788,-0.07745258411690237
fixed_2018_2023_train,MEDIUM,Belgian_Grand_Prix,2022-2025,1.1016622059029564,94.0,1.1344905298042998,94.0,1.1074340512163345,94.0,1.134477568168806,94.0,0.03282832390134338,0.005771845313378154,0.03281536226584958
fixed_2018_2023_train,MEDIUM,British_Grand_Prix,2022-2025,1.46678236489361,37.0,1.5029266030575252,37.0,1.488576998660141,37.0,1.509513750239755,37.0,0.03614423816391521,0.021794633766530902,0.04273138534614507
fixed_2018_2023_train,MEDIUM,Canadian_Grand_Prix,2022-2025,0.5987227275088036,31.0,0.6085455274835551,31.0,0.5983061660657274,31.0,0.6055542823435929,31.0,0.00982279997475144,-0.00041656144307622434,0.006831554834789255
fixed_2018_2023_train,MEDIUM,Dutch_Grand_Prix,2022-2025,0.28306644094717426,75.0,0.2736301617304887,75.0,0.2853259173331108,75.0,0.27607187107719894,75.0,-0.00943627921668555,0.002259476385936543,-0.00699456986997532
fixed_2018_2023_train,MEDIUM,Emilia_Romagna_Grand_Prix,2022-2025,0.9285250898108641,89.0,0.8954941875454551,89.0,0.9464296714589225,89.0,0.8002325521035796,89.0,-0.03303090226540906,0.017904581648058415,-0.12829253770728455
fixed_2018_2023_train,MEDIUM,Hungarian_Grand_Prix,2022-2025,0.6011720970622747,98.0,0.6042552478517221,98.0,0.6029227009884041,98.0,0.6029769423151226,98.0,0.003083150789447431,0.0017506039261293571,0.0018048452528478531
fixed_2018_2023_train,MEDIUM,Italian_Grand_Prix,2022-2025,0.42161446713638734,70.0,0.4172692871711057,70.0,0.4097259494011065,70.0,0.41007140921957935,70.0,-0.004345179965281665,-0.011888517735280824,-0.011543057916807986
fixed_2018_2023_train,MEDIUM,Japanese_Grand_Prix,2022-2025,0.52737030641424,89.0,0.5322917274163333,89.0,0.5304515826800523,89.0,0.5349546902211946,89.0,0.004921421002093362,0.0030812762658123383,0.007584383806954587
fixed_2018_2023_train,MEDIUM,Las_Vegas_Grand_Prix,2022-2025,1.0525623332505274,60.0,1.0395625625233478,60.0,1.058366645288515,60.0,1.0410213382379347,60.0,-0.012999770727179616,0.005804312037987591,-0.011540995012592647
fixed_2018_2023_train,MEDIUM,Mexico_City_Grand_Prix,2022-2025,0.6051444888561444,122.0,0.6054148048176046,122.0,0.6009913375476463,122.0,0.6051204493967873,122.0,0.0002703159614602102,-0.0041531513084980265,-2.4039459357028115e-05
fixed_2018_2023_train,MEDIUM,Miami_Grand_Prix,2022-2025,0.45126479624463106,58.0,0.44539885594912704,58.0,0.46016515882035736,58.0,0.45517704233212275,58.0,-0.005865940295504024,0.008900362575726295,0.003912246087491689
fixed_2018_2023_train,MEDIUM,Monaco_Grand_Prix,2022-2025,0.6432034322887068,45.0,0.6428725575763212,45.0,0.6921087646063215,45.0,0.6787636782981473,45.0,-0.000330874712385576,0.048905332317614736,0.03556024600944052
fixed_2018_2023_train,MEDIUM,Qatar_Grand_Prix,2022-2025,0.46896156507229153,105.0,0.5250802206440339,105.0,0.5345964948786148,105.0,0.561284387233456,105.0,0.05611865557174239,0.0656349298063233,0.09232282216116444
fixed_2018_2023_train,MEDIUM,Saudi_Arabian_Grand_Prix,2022-2025,0.40451524285251633,9.0,0.43256935366002464,9.0,0.40257966550597263,9.0,0.4319311759064838,9.0,0.028054110807508303,-0.0019355773465437043,0.027415933053967445
fixed_2018_2023_train,MEDIUM,Singapore_Grand_Prix,2022-2025,0.3695461724740551,49.0,0.3383005979171007,49.0,0.379273307815986,49.0,0.36056790814837325,49.0,-0.03124557455695437,0.009727135341930926,-0.008978264325681828
fixed_2018_2023_train,MEDIUM,Spanish_Grand_Prix,2022-2025,0.5483075150045469,62.0,0.5170452039977841,62.0,0.544626281606715,62.0,0.5155544575119797,62.0,-0.0312623110067628,-0.0036812333978318845,-0.032753057492567184
fixed_2018_2023_train,MEDIUM,São_Paulo_Grand_Prix,2022-2025,0.6302400926384252,92.0,0.6319927720557242,92.0,0.6315245330812512,92.0,0.6346162373934137,92.0,0.0017526794172990634,0.0012844404428260514,0.004376144754988487
fixed_2018_2023_train,MEDIUM,United_States_Grand_Prix,2022-2025,0.43914456207495,89.0,0.4221405502210224,89.0,0.44507674207895076,89.0,0.42820853885554905,89.0,-0.01700401185392758,0.005932180004000753,-0.010936023219400959
fixed_2018_2023_train,SOFT,Bahrain_Grand_Prix,2022-2025,0.6561605313125007,97.0,0.6613643438612862,97.0,0.6428141204372263,97.0,0.6491869043921975,97.0,0.005203812548785436,-0.01334641087527444,-0.006973626920303233
fixed_2018_2023_train,SOFT,Dutch_Grand_Prix,2022-2025,0.47855867157572224,54.0,0.4764231639214646,54.0,0.4765312534477252,54.0,0.4763341638828842,54.0,-0.002135507654257629,-0.0020274181279970604,-0.0022245076928380514
fixed_2018_2023_train,SOFT,Hungarian_Grand_Prix,2022-2025,0.7830569823027821,15.0,0.7766873400827431,15.0,0.790842164378181,15.0,0.7554512346395471,15.0,-0.006369642220038996,0.007785182075398911,-0.02760574766323498
fixed_2018_2023_train,SOFT,Mexico_City_Grand_Prix,2022-2025,0.6961688432257049,61.0,0.7112235309267576,61.0,0.6702115866975865,61.0,0.7048252794845548,61.0,0.015054687701052671,-0.025957256528118422,0.00865643625884982
fixed_2018_2023_train,SOFT,Singapore_Grand_Prix,2022-2025,0.6154576492657537,26.0,0.6532473637965831,26.0,0.5438079096411683,26.0,0.5498636301055798,26.0,0.037789714530829355,-0.07164973962458543,-0.06559401916017393
fixed_2018_2023_train,SOFT,Spanish_Grand_Prix,2022-2025,0.6555335813745714,148.0,0.6705140577030464,148.0,0.6561595421591886,148.0,0.6708082933728434,148.0,0.01498047632847499,0.0006259607846171855,0.015274711998272017
fixed_2018_2023_train,SOFT,São_Paulo_Grand_Prix,2022-2025,0.392588765765593,15.0,0.3997850795593179,15.0,0.4184228643930167,15.0,0.4137610428105338,15.0,0.007196313793724929,0.025834098627423696,0.02117227704494079
expanding_window_test_2021,HARD,Abu_Dhabi_Grand_Prix,2018-2021,0.5986443155759095,59.0,0.5882177972082697,59.0,0.6009613961779486,59.0,0.5671518292888327,59.0,-0.010426518367639748,0.0023170806020391677,-0.03149248628707679
expanding_window_test_2021,HARD,Austrian_Grand_Prix,2018-2021,0.5336552109297027,56.0,0.5306517252709942,56.0,0.5311988070763831,56.0,0.521911702442891,56.0,-0.003003485658708449,-0.0024564038533195776,-0.011743508486811716
expanding_window_test_2021,HARD,Bahrain_Grand_Prix,2018-2021,0.6162477999326319,32.0,0.5865460329716125,32.0,0.7252201075141019,32.0,0.6724294255943454,32.0,-0.02970176696101945,0.10897230758147003,0.056181625661713475
expanding_window_test_2021,HARD,French_Grand_Prix,2018-2021,0.7576178825100375,38.0,0.7723008459075537,38.0,0.7670000530128758,38.0,0.7601359076438248,38.0,0.01468296339751618,0.009382170502838294,0.002518025133787294
expanding_window_test_2021,HARD,Italian_Grand_Prix,2018-2021,0.46187063257483973,19.0,0.4636942981764725,19.0,0.4753608466050336,19.0,0.44698181088777333,19.0,0.0018236656016327735,0.013490214030193848,-0.0148888216870664
expanding_window_test_2021,HARD,Monaco_Grand_Prix,2018-2021,1.1786769898686653,77.0,1.5269339910669815,77.0,1.6086925696257846,77.0,1.6579629061330443,77.0,0.34825700119831615,0.43001557975711924,0.479285916264379
expanding_window_test_2021,HARD,Portuguese_Grand_Prix,2018-2021,0.5866440470176572,25.0,0.9807760839375549,25.0,0.5702118141801988,25.0,1.1367356896414273,25.0,0.39413203691989773,-0.016432232837458316,0.5500916426237702
expanding_window_test_2021,HARD,Russian_Grand_Prix,2018-2021,0.9294727663664236,47.0,0.9150915337844032,47.0,0.9266085794827927,47.0,0.9279007421229685,47.0,-0.014381232582020398,-0.0028641868836308815,-0.0015720242434551501
expanding_window_test_2021,HARD,Styrian_Grand_Prix,2018-2021,0.3568018037696915,58.0,0.3567970779704905,58.0,0.356786005580722,58.0,0.35678128033398904,58.0,-4.725799201021896e-06,-1.5798188969518012e-05,-2.0523435702468618e-05
expanding_window_test_2021,HARD,United_States_Grand_Prix,2018-2021,0.48546507440178654,62.0,0.48917631224738006,62.0,0.5012651528714196,62.0,0.5005304361597996,62.0,0.003711237845593518,0.01580007846963305,0.015065361758013096
expanding_window_test_2021,MEDIUM,Austrian_Grand_Prix,2018-2021,0.5467354652618934,54.0,0.5275449580620934,54.0,0.5381321934708387,54.0,0.5328119379070425,54.0,-0.019190507199799978,-0.00860327179105469,-0.013923527354850918
expanding_window_test_2021,MEDIUM,Bahrain_Grand_Prix,2018-2021,0.6711551064038908,60.0,0.7129138694333479,60.0,0.6528867758180307,60.0,0.6974698354632056,60.0,0.041758763029457135,-0.018268330585860082,0.026314729059314867
expanding_window_test_2021,MEDIUM,Emilia_Romagna_Grand_Prix,2018-2021,0.4808866143004102,25.0,0.4538751475963958,25.0,0.48019865239525816,25.0,0.4506330742994803,25.0,-0.027011466704014386,-0.0006879619051520236,-0.03025354000092989
expanding_window_test_2021,MEDIUM,French_Grand_Prix,2018-2021,0.49944306136569916,56.0,0.5002657748967367,56.0,0.5011398462275265,56.0,0.5051166359313061,56.0,0.0008227135310375777,0.0016967848618273385,0.005673574565606909
expanding_window_test_2021,MEDIUM,Italian_Grand_Prix,2018-2021,0.5311031811330269,43.0,0.5281314465206328,43.0,0.5299848895098015,43.0,0.5367334203434,43.0,-0.0029717346123940835,-0.0011182916232254092,0.005630239210373089
expanding_window_test_2021,MEDIUM,Portuguese_Grand_Prix,2018-2021,0.5786031388517648,71.0,0.5777125344682184,71.0,0.5760955028039736,71.0,0.5702993960162943,71.0,-0.0008906043835464894,-0.0025076360477912507,-0.008303742835470529
expanding_window_test_2021,MEDIUM,Russian_Grand_Prix,2018-2021,1.8214567854814812,28.0,1.8469249861232944,28.0,1.7929330784989765,28.0,1.819401350483379,28.0,0.02546820064181321,-0.028523706982504615,-0.0020554349981021236
expanding_window_test_2021,MEDIUM,Spanish_Grand_Prix,2018-2021,0.5426953019564155,62.0,0.5435055724462324,62.0,0.5230296466283882,62.0,0.5435203174969083,62.0,0.0008102704898169666,-0.01966565532802722,0.0008250155404928572
expanding_window_test_2021,MEDIUM,Styrian_Grand_Prix,2018-2021,0.5162632635983223,42.0,0.537653154973476,42.0,0.502598792809693,42.0,0.47571417100657226,42.0,0.02138989137515368,-0.013664470788629313,-0.04054909259175005
expanding_window_test_2021,MEDIUM,United_States_Grand_Prix,2018-2021,0.34462628781852,32.0,0.37731243213448984,32.0,0.3835560053943356,32.0,0.3792025744356177,32.0,0.032686144315969834,0.03892971757581559,0.03457628661709772
expanding_window_test_2021,SOFT,Abu_Dhabi_Grand_Prix,2018-2021,0.8620964615101558,30.0,0.8449900921216941,30.0,0.9188437480132425,30.0,0.9124590927696472,30.0,-0.017106369388461773,0.05674728650308669,0.050362631259491364
expanding_window_test_2021,SOFT,Azerbaijan_Grand_Prix,2018-2021,0.6353074420315736,20.0,0.6408310002678418,20.0,0.5998658168632274,20.0,0.6096939851170243,20.0,0.005523558236268156,-0.03544162516834626,-0.025613456914549304
expanding_window_test_2021,SOFT,Emilia_Romagna_Grand_Prix,2018-2021,1.81626577013563,25.0,1.910989945389073,25.0,1.8099989980828004,25.0,1.8697735550743642,25.0,0.09472417525344312,-0.00626677205282955,0.053507784938734204
expanding_window_test_2021,SOFT,Monaco_Grand_Prix,2018-2021,0.7584935204621042,59.0,0.7042441799095659,59.0,0.734795022586371,59.0,0.7602597808888584,59.0,-0.05424934055253827,-0.023698497875733193,0.001766260426754207
expanding_window_test_2021,SOFT,Portuguese_Grand_Prix,2018-2021,0.5340840115757647,12.0,0.5349987916615183,12.0,0.5254083778618195,12.0,0.5258251784309969,12.0,0.0009147800857536303,-0.008675633713945197,-0.00825883314476783
expanding_window_test_2021,SOFT,Spanish_Grand_Prix,2018-2021,0.5848255034221842,45.0,0.6144266449247683,45.0,0.5967922927781693,45.0,0.6121838817679143,45.0,0.029601141502584083,0.011966789355985052,0.027358378345730072
expanding_window_test_2021,SOFT,Styrian_Grand_Prix,2018-2021,0.3673381809421674,23.0,0.383895940122587,23.0,0.4412218060702831,23.0,0.44344162057691894,23.0,0.016557759180419573,0.07388362512811569,0.07610343963475152
expanding_window_test_2023,HARD,Abu_Dhabi_Grand_Prix,2022-2025,0.4113342359391955,71.0,0.41232296881084823,71.0,0.4189596757928561,71.0,0.41906010458262655,71.0,0.0009887328716527422,0.007625439853660598,0.007725868643431055
expanding_window_test_2023,HARD,Australian_Grand_Prix,2022-2025,0.9220162769935563,68.0,0.8488609096268372,68.0,0.8235208528613789,68.0,0.8237706825513111,68.0,-0.07315536736671902,-0.09849542413217738,-0.09824559444224512
expanding_window_test_2023,HARD,Austrian_Grand_Prix,2022-2025,0.6021853720474417,38.0,0.6405999040270625,38.0,0.6388516394242938,38.0,0.6561293033556836,38.0,0.03841453197962075,0.03666626737685208,0.05394393130824193
expanding_window_test_2023,HARD,Azerbaijan_Grand_Prix,2022-2025,0.2620431488686103,72.0,0.2955470251368598,72.0,0.25153232176459384,72.0,0.2717883323400633,72.0,0.03350387626824952,-0.010510827104016462,0.009745183471452978
expanding_window_test_2023,HARD,Bahrain_Grand_Prix,2022-2025,1.0270745082192114,36.0,0.9668937348062653,36.0,1.0088634958696876,36.0,0.9376211309837901,36.0,-0.06018077341294614,-0.018211012349523825,-0.08945337723542135
expanding_window_test_2023,HARD,Canadian_Grand_Prix,2022-2025,0.4489636083931621,47.0,0.40566248951292033,47.0,0.4494317225547059,47.0,0.40058188632921665,47.0,-0.04330111888024174,0.0004681141615438533,-0.04838172206394542
expanding_window_test_2023,HARD,Hungarian_Grand_Prix,2022-2025,0.4445244848528536,45.0,0.443848310727345,45.0,0.4892541270692134,45.0,0.5542150594811397,45.0,-0.0006761741255086329,0.04472964221635978,0.10969057462828607
expanding_window_test_2023,HARD,Italian_Grand_Prix,2022-2025,0.5836875075767387,54.0,0.5750566275598689,54.0,0.594138625835208,54.0,0.5811030019122772,54.0,-0.008630880016869846,0.010451118258469339,-0.002584505664461556
expanding_window_test_2023,HARD,Miami_Grand_Prix,2022-2025,0.4470655752750527,70.0,0.4329021951795539,70.0,0.46428200883278553,70.0,0.41890496268090605,70.0,-0.014163380095498779,0.017216433557732835,-0.02816061259414665
expanding_window_test_2023,HARD,Monaco_Grand_Prix,2022-2025,2.3732967838377044,28.0,2.3603871246587733,28.0,2.5615995910691693,28.0,2.5032157027244573,28.0,-0.012909659178931054,0.18830280723146497,0.1299189188867529
expanding_window_test_2023,HARD,Saudi_Arabian_Grand_Prix,2022-2025,0.7446243058229837,53.0,0.7880352748012139,53.0,0.7440330669941992,53.0,0.7914946385545633,53.0,0.04341096897823027,-0.0005912388287844239,0.04687033273157959
expanding_window_test_2023,HARD,United_States_Grand_Prix,2022-2025,0.44104444157721745,35.0,0.4149201116876221,35.0,0.40938352446575793,35.0,0.3987866128077793,35.0,-0.026124329889595344,-0.03166091711145952,-0.04225782876943818
expanding_window_test_2023,MEDIUM,Abu_Dhabi_Grand_Prix,2022-2025,0.4587378822970188,28.0,0.43670137493753486,28.0,0.486647534164978,28.0,0.5004254765057722,28.0,-0.022036507359483926,0.02790965186795924,0.0416875942087534
expanding_window_test_2023,MEDIUM,Austrian_Grand_Prix,2022-2025,0.9508589051392381,73.0,0.9856607651405854,73.0,1.1752613521329243,73.0,1.1338642630649303,73.0,0.03480186000134733,0.22440244699368617,0.18300535792569217
expanding_window_test_2023,MEDIUM,Azerbaijan_Grand_Prix,2022-2025,0.43885445689416275,14.0,0.4396250139227127,14.0,0.4343890416721817,14.0,0.43454595714476446,14.0,0.0007705570285499452,-0.004465415221981073,-0.004308499749398287
expanding_window_test_2023,MEDIUM,Belgian_Grand_Prix,2022-2025,0.8063296591646052,22.0,0.8356844897259397,22.0,0.7896706463609935,22.0,0.8842784599702537,22.0,0.029354830561334477,-0.016659012803611706,0.07794880080564848
expanding_window_test_2023,MEDIUM,British_Grand_Prix,2022-2025,0.5244995609161563,53.0,0.9650091458508996,53.0,0.43013340154762203,53.0,0.9066783639395715,53.0,0.44050958493474324,-0.09436615936853432,0.3821788030234151
expanding_window_test_2023,MEDIUM,Canadian_Grand_Prix,2022-2025,0.36425144549714344,61.0,0.32324502235995795,61.0,0.382459046301021,61.0,0.3010406121676195,61.0,-0.0410064231371855,0.018207600803877566,-0.06321083332952393
expanding_window_test_2023,MEDIUM,Hungarian_Grand_Prix,2022-2025,0.6603824896534958,76.0,0.6608286298266237,76.0,0.7001118339479859,76.0,0.6993890226887177,76.0,0.0004461401731279402,0.039729344294490154,0.039006533035221946
expanding_window_test_2023,MEDIUM,Italian_Grand_Prix,2022-2025,0.41058612676811906,35.0,0.41815004147327545,35.0,0.4187950366203229,35.0,0.4165550651758554,35.0,0.007563914705156383,0.00820890985220385,0.005968938407736324
expanding_window_test_2023,MEDIUM,Miami_Grand_Prix,2022-2025,0.4016212047567597,21.0,0.40753219841987004,21.0,0.40183682513844743,21.0,0.40747354198571106,21.0,0.00591099366311032,0.00021562038168770892,0.005852337228951343
expanding_window_test_2023,MEDIUM,Monaco_Grand_Prix,2022-2025,2.042574600564511,63.0,1.99092127962097,63.0,2.032331848108278,63.0,1.9908048507488283,63.0,-0.051653320943541026,-0.010242752456233184,-0.05176974981568283
expanding_window_test_2023,MEDIUM,Saudi_Arabian_Grand_Prix,2022-2025,0.6364063318643599,24.0,0.6751493634348169,24.0,0.6578830286427769,24.0,0.6842339730988027,24.0,0.038743031570457,0.021476696778417015,0.04782764123444283
expanding_window_test_2023,MEDIUM,Singapore_Grand_Prix,2022-2025,1.4305902754452948,32.0,1.5855051382933687,32.0,1.545658599960121,32.0,1.5923899605006286,32.0,0.15491486284807388,0.11506832451482607,0.16179968505533382
expanding_window_test_2023,MEDIUM,Spanish_Grand_Prix,2022-2025,0.9435399813328397,47.0,0.8159525183325085,47.0,0.9067826145707063,47.0,0.8172870664946347,47.0,-0.1275874630003312,-0.03675736676213337,-0.126252914838205
expanding_window_test_2023,MEDIUM,São_Paulo_Grand_Prix,2022-2025,0.534947098220809,46.0,0.6117948699838012,46.0,0.5660709617910182,46.0,0.7115003970030113,46.0,0.07684777176299218,0.031123863570209243,0.17655329878220227
expanding_window_test_2023,MEDIUM,United_States_Grand_Prix,2022-2025,0.44833668345531535,61.0,0.4797516303157277,61.0,0.44007940520174255,61.0,0.5009073074537268,61.0,0.03141494686041235,-0.008257278253572808,0.05257062399841145
expanding_window_test_2023,SOFT,Bahrain_Grand_Prix,2022-2025,0.9573811407624027,62.0,0.9620849030256466,62.0,0.9584154881363318,62.0,0.9600520669855837,62.0,0.004703762263243982,0.0010343473739291564,0.0026709262231809916
expanding_window_test_2023,SOFT,Belgian_Grand_Prix,2022-2025,0.7456177803032916,45.0,0.7481490809064751,45.0,0.7500137084923496,45.0,1.0055015551428041,45.0,0.0025313006031835172,0.004395928189057985,0.2598837748395125
expanding_window_test_2023,SOFT,British_Grand_Prix,2022-2025,0.4268092559200815,28.0,0.44489833024376885,28.0,0.4824111462873491,28.0,0.4825753624635436,28.0,0.018089074323687337,0.05560189036726759,0.05576610654346209
expanding_window_test_2023,SOFT,Dutch_Grand_Prix,2022-2025,0.5002518704354066,73.0,0.4944004448673292,73.0,0.49011575035778826,73.0,0.4893810813671484,73.0,-0.00585142556807744,-0.010136120077618382,-0.010870789068258224
expanding_window_test_2023,SOFT,Spanish_Grand_Prix,2022-2025,0.6766969124845593,24.0,0.645333820448111,24.0,0.6654151319850456,24.0,0.6447233980773208,24.0,-0.03136309203644827,-0.011281780499513672,-0.0319735144072385
expanding_window_test_2023,SOFT,São_Paulo_Grand_Prix,2022-2025,0.45486208751515866,68.0,0.45990170976232514,68.0,0.4595273824892563,68.0,0.46142698695100953,68.0,0.005039622247166475,0.004665294974097622,0.006564899435850868
expanding_window_test_2024,HARD,Australian_Grand_Prix,2022-2025,0.9107124761734047,33.0,1.0284966111578877,33.0,1.0796149068700003,33.0,1.128059899871833,33.0,0.11778413498448304,0.1689024306965956,0.2173474236984283
expanding_window_test_2024,HARD,Austrian_Grand_Prix,2022-2025,0.3468098287732152,54.0,0.3453468152984868,54.0,0.35312899272861037,54.0,0.34582053219480047,54.0,-0.0014630134747283807,0.006319163955395168,-0.0009892965784147334
expanding_window_test_2024,HARD,Azerbaijan_Grand_Prix,2022-2025,0.7564224768761673,66.0,0.7706934153697732,66.0,0.7562876771585468,66.0,0.7686070763976119,66.0,0.014270938493605945,-0.0001347997176204263,0.012184599521444683
expanding_window_test_2024,HARD,Bahrain_Grand_Prix,2022-2025,0.2700441813104574,39.0,0.266677624610983,39.0,0.2759058560648719,39.0,0.2631583087063094,39.0,-0.003366556699474388,0.005861674754414514,-0.006885872604147969
expanding_window_test_2024,HARD,Belgian_Grand_Prix,2022-2025,0.5673470329632629,34.0,0.5810321496078885,34.0,0.6064024796653557,34.0,0.6252658407777945,34.0,0.013685116644625572,0.03905544670209271,0.057918807814531514
expanding_window_test_2024,HARD,British_Grand_Prix,2022-2025,0.7827712212101023,27.0,0.778570096806192,27.0,0.7584945629779617,27.0,0.7624316225176745,27.0,-0.004201124403910295,-0.024276658232140647,-0.02033959869242785
expanding_window_test_2024,HARD,Dutch_Grand_Prix,2022-2025,0.3320880276857952,83.0,0.33458589077634954,83.0,0.3400145891479109,83.0,0.3402648113298721,83.0,0.002497863090554331,0.007926561462115678,0.008176783644076868
expanding_window_test_2024,HARD,Hungarian_Grand_Prix,2022-2025,0.77448400457986,47.0,0.79598899081262,47.0,0.7785628630021922,47.0,0.7959824445952461,47.0,0.02150498623275998,0.004078858422332243,0.021498440015386144
expanding_window_test_2024,HARD,Italian_Grand_Prix,2022-2025,0.31841312058646376,61.0,0.3333974988305407,61.0,0.3328504036264424,61.0,0.33806791808958425,61.0,0.014984378244076946,0.014437283039978654,0.01965479750312049
expanding_window_test_2024,HARD,Japanese_Grand_Prix,2022-2025,0.5689528621459762,32.0,0.5601843539645907,32.0,0.8423434608313373,32.0,0.8526753625095469,32.0,-0.008768508181385526,0.2733905986853611,0.2837225003635707
expanding_window_test_2024,HARD,Las_Vegas_Grand_Prix,2022-2025,0.7118085145041019,57.0,0.6893944123931552,57.0,0.7135126643922117,57.0,0.6723703033967939,57.0,-0.022414102110946632,0.0017041498881098516,-0.03943821110730794
expanding_window_test_2024,HARD,Mexico_City_Grand_Prix,2022-2025,0.7132774586665798,51.0,0.5712940908565379,51.0,0.6171383952055016,51.0,0.5801976832730329,51.0,-0.14198336781004184,-0.09613906346107814,-0.13307977539354687
expanding_window_test_2024,HARD,Miami_Grand_Prix,2022-2025,0.6747441390778717,29.0,0.6929601316159857,29.0,0.6786439193926356,29.0,0.6936508364128078,29.0,0.018215992538114012,0.003899780314763901,0.018906697334936107
expanding_window_test_2024,HARD,Qatar_Grand_Prix,2022-2025,0.3692917296031841,14.0,0.3698907574983223,14.0,0.4146305015251279,14.0,0.4072232223346715,14.0,0.00059902789513816,0.0453387719219438,0.03793149273148738
expanding_window_test_2024,HARD,Saudi_Arabian_Grand_Prix,2022-2025,0.49783563815066717,75.0,0.5139583161370216,75.0,0.49307168423727465,75.0,0.5123854408874,75.0,0.016122677986354417,-0.004763953913392516,0.014549802736732842
expanding_window_test_2024,HARD,Singapore_Grand_Prix,2022-2025,0.6967140191634786,59.0,0.731633583748888,59.0,0.6871199812573402,59.0,0.7318360328154246,59.0,0.034919564585409346,-0.009594037906138442,0.035122013651946005
expanding_window_test_2024,HARD,United_States_Grand_Prix,2022-2025,0.5541168325212185,54.0,0.5628102294409809,54.0,0.5496716167530815,54.0,0.5599410959641671,54.0,0.008693396919762453,-0.004445215768136945,0.005824263442948618
expanding_window_test_2024,MEDIUM,Australian_Grand_Prix,2022-2025,0.3647204233534154,11.0,0.35983149857192365,11.0,0.4729566633960658,11.0,0.4478642013934113,11.0,-0.004888924781491777,0.10823624004265037,0.0831437780399959
expanding_window_test_2024,MEDIUM,Austrian_Grand_Prix,2022-2025,0.47903875229267506,66.0,0.486619537957229,66.0,0.47552609538228735,66.0,0.4784440615019665,66.0,0.007580785664553946,-0.0035126569103877125,-0.000594690790708563
expanding_window_test_2024,MEDIUM,Azerbaijan_Grand_Prix,2022-2025,0.46954859467793914,19.0,0.46896412697454826,19.0,0.4597736698737256,19.0,0.4525206760986848,19.0,-0.0005844677033908785,-0.009774924804213547,-0.017027918579254342
expanding_window_test_2024,MEDIUM,Belgian_Grand_Prix,2022-2025,0.491449731950122,39.0,0.4752438432190605,39.0,0.5044929412032216,39.0,0.47794281634658936,39.0,-0.01620588873106149,0.013043209253099652,-0.013506915603532621
expanding_window_test_2024,MEDIUM,British_Grand_Prix,2022-2025,1.6336651647441334,29.0,1.6748746200333042,29.0,1.6580837932563857,29.0,1.682089755802113,29.0,0.04120945528917086,0.024418628512252294,0.04842459105797969
expanding_window_test_2024,MEDIUM,Canadian_Grand_Prix,2022-2025,0.8071826159480896,14.0,0.8107496802456885,14.0,0.8074500918833964,14.0,0.8083822359420272,14.0,0.0035670642975988986,0.000267475935306849,0.001199619993937584
expanding_window_test_2024,MEDIUM,Dutch_Grand_Prix,2022-2025,0.22698248641243335,52.0,0.2450263514801925,52.0,0.24881697555783153,52.0,0.2498741379227733,52.0,0.01804386506775915,0.021834489145398178,0.02289165151033995
expanding_window_test_2024,MEDIUM,Emilia_Romagna_Grand_Prix,2022-2025,0.8591982508471874,44.0,0.8343684556066016,44.0,0.8754528311672494,44.0,0.755421305995852,44.0,-0.024829795240585817,0.016254580320061995,-0.10377694485133537
expanding_window_test_2024,MEDIUM,Hungarian_Grand_Prix,2022-2025,0.6625065441853152,67.0,0.66678031265109,67.0,0.6686801846665738,67.0,0.6687345187223962,67.0,0.004273768465774763,0.006173640481258569,0.006227974537081016
expanding_window_test_2024,MEDIUM,Italian_Grand_Prix,2022-2025,0.40389121269044664,22.0,0.4054043711789595,22.0,0.4081335721618547,22.0,0.40783449767455804,22.0,0.0015131584885128557,0.004242359471408053,0.003943284984111395
expanding_window_test_2024,MEDIUM,Japanese_Grand_Prix,2022-2025,0.5272867164251804,52.0,0.5338558931151566,52.0,0.539433275246941,52.0,0.5400836607766851,52.0,0.006569176689976142,0.012146558821760522,0.012796944351504691
expanding_window_test_2024,MEDIUM,Las_Vegas_Grand_Prix,2022-2025,0.8212986173855706,20.0,0.7929326867639294,20.0,0.8924771344555124,20.0,0.8954357856967898,20.0,-0.028365930621641278,0.07117851706994172,0.07413716831121919
expanding_window_test_2024,MEDIUM,Mexico_City_Grand_Prix,2022-2025,0.6178463216616877,57.0,0.6263996269871978,57.0,0.6203745489725303,57.0,0.6271265691556468,57.0,0.008553305325510019,0.002528227310842568,0.00928024749395906
expanding_window_test_2024,MEDIUM,Miami_Grand_Prix,2022-2025,0.45126479624463106,58.0,0.44539885594912704,58.0,0.46016515882035736,58.0,0.45517704233212275,58.0,-0.005865940295504024,0.008900362575726295,0.003912246087491689
expanding_window_test_2024,MEDIUM,Qatar_Grand_Prix,2022-2025,0.530071338110601,56.0,0.5981452086027064,56.0,0.6001198040465189,56.0,0.6361656903543319,56.0,0.06807387049210534,0.07004846593591785,0.10609435224373087
expanding_window_test_2024,MEDIUM,Saudi_Arabian_Grand_Prix,2022-2025,0.40451524285251633,9.0,0.43256935366002464,9.0,0.40257966550597263,9.0,0.4319311759064838,9.0,0.028054110807508303,-0.0019355773465437043,0.027415933053967445
expanding_window_test_2024,MEDIUM,Singapore_Grand_Prix,2022-2025,0.3695461724740551,49.0,0.3383005979171007,49.0,0.379273307815986,49.0,0.36056790814837325,49.0,-0.03124557455695437,0.009727135341930926,-0.008978264325681828
expanding_window_test_2024,MEDIUM,Spanish_Grand_Prix,2022-2025,0.5943567472842438,41.0,0.4986199164857599,41.0,0.5873218272327378,41.0,0.4979764079877449,41.0,-0.09573683079848394,-0.007034920051505966,-0.09638033929649892
expanding_window_test_2024,MEDIUM,United_States_Grand_Prix,2022-2025,0.5358338247053532,39.0,0.5128722777309495,39.0,0.5448007090814947,39.0,0.5252794268850319,39.0,-0.02296154697440378,0.00896688437614146,-0.010554397820321304
expanding_window_test_2024,SOFT,Bahrain_Grand_Prix,2022-2025,0.6042914610064029,59.0,0.6092677668102149,59.0,0.5817891463910038,59.0,0.58539980248502,59.0,0.004976305803812031,-0.02250231461539909,-0.01889165852138286
expanding_window_test_2024,SOFT,Spanish_Grand_Prix,2022-2025,0.5965695576036565,77.0,0.6051883850077758,77.0,0.5949757588467316,77.0,0.6064044458824999,77.0,0.008618827404119345,-0.0015937987569248913,0.009834888278843379
expanding_window_test_2025,HARD,Abu_Dhabi_Grand_Prix,2022-2025,0.35695567396882105,60.0,0.36050649525684103,60.0,0.3564701086080746,60.0,0.3595698972730801,60.0,0.0035508212880199785,-0.00048556536074645384,0.0026142233042590335
expanding_window_test_2025,HARD,Azerbaijan_Grand_Prix,2022-2025,0.4396162914559679,63.0,0.43312449555849575,63.0,0.4389302336223735,63.0,0.43341401495924986,63.0,-0.0064917958974721746,-0.0006860578335944334,-0.006202276496718062
expanding_window_test_2025,HARD,Bahrain_Grand_Prix,2022-2025,0.9950637894885498,11.0,0.9971092421070625,11.0,0.9464539869309854,11.0,0.9748126032160698,11.0,0.002045452618512744,-0.04860980255756442,-0.020251186272480015
expanding_window_test_2025,HARD,Canadian_Grand_Prix,2022-2025,0.44005253244589365,95.0,0.4190256885445859,95.0,0.4394319430716691,95.0,0.4154969611903213,95.0,-0.021026843901307768,-0.000620589374224545,-0.02455557125557234
expanding_window_test_2025,HARD,Chinese_Grand_Prix,2022-2025,0.6655785664786136,72.0,0.6758660253163985,72.0,0.6674550020747483,72.0,0.6718386090511765,72.0,0.010287458837784924,0.0018764355961347068,0.006260042572562963
expanding_window_test_2025,HARD,Dutch_Grand_Prix,2022-2025,0.4167892664082212,25.0,0.39598488399154613,25.0,0.4061328743547406,25.0,0.39610000526224315,25.0,-0.020804382416675093,-0.010656392053480623,-0.020689261145978077
expanding_window_test_2025,HARD,Emilia_Romagna_Grand_Prix,2022-2025,0.5146072596598331,48.0,0.5479572317175696,48.0,0.5680641120963338,48.0,0.5952322517193201,48.0,0.03334997205773649,0.05345685243650067,0.08062499205948703
expanding_window_test_2025,HARD,Hungarian_Grand_Prix,2022-2025,0.7094355100570694,70.0,0.7213617972538119,70.0,0.705333920548444,70.0,0.7169099535843794,70.0,0.011926287196742491,-0.004101589508625381,0.007474443527309971
expanding_window_test_2025,HARD,Italian_Grand_Prix,2022-2025,0.4713695404448812,37.0,0.4714230241686441,37.0,0.4720180442268093,37.0,0.47201812960379835,37.0,5.348372376290378e-05,0.0006485037819281003,0.0006485891589171344
expanding_window_test_2025,HARD,Japanese_Grand_Prix,2022-2025,0.8635924054957701,53.0,0.8761586312486078,53.0,0.8985106882253114,53.0,0.9029928095784511,53.0,0.012566225752837723,0.03491828272954134,0.03940040408268097
expanding_window_test_2025,HARD,Las_Vegas_Grand_Prix,2022-2025,0.5694392557600226,40.0,0.5632913909158147,40.0,0.5673321500624894,40.0,0.566331002316536,40.0,-0.006147864844207929,-0.0021071056975332514,-0.0031082534434866416
expanding_window_test_2025,HARD,Miami_Grand_Prix,2022-2025,0.23018411680779732,46.0,0.2326520029976835,46.0,0.23235371300938273,46.0,0.23331873868976355,46.0,0.002467886189886165,0.002169596201585411,0.0031346218819662264
expanding_window_test_2025,HARD,Monaco_Grand_Prix,2022-2025,1.5056811569289223,78.0,1.530629319636844,78.0,1.5432357527831384,78.0,1.5484856242613418,78.0,0.02494816270792155,0.037554595854216055,0.042804467332419494
expanding_window_test_2025,HARD,Qatar_Grand_Prix,2022-2025,0.5857134773915855,40.0,0.5863645128964798,40.0,0.5762457605774001,40.0,0.5765719826590785,40.0,0.000651035504894315,-0.009467716814185456,-0.009141494732507027
expanding_window_test_2025,HARD,Singapore_Grand_Prix,2022-2025,0.8795626770546532,86.0,0.860789560905215,86.0,0.8647790361652536,86.0,0.8566170947720453,86.0,-0.018773116149438218,-0.01478364088939954,-0.0229455822826079
expanding_window_test_2025,HARD,Spanish_Grand_Prix,2022-2025,1.2317328232767821,3.0,0.9249270480400761,3.0,1.2123765798550568,3.0,0.969358619512306,3.0,-0.30680577523670605,-0.019356243421725372,-0.2623742037644762
expanding_window_test_2025,MEDIUM,Abu_Dhabi_Grand_Prix,2022-2025,0.4183224129315584,45.0,0.3935263419994044,45.0,0.3941259913757753,45.0,0.3883521981806797,45.0,-0.024796070932154024,-0.02419642155578311,-0.029970214750878743
expanding_window_test_2025,MEDIUM,Australian_Grand_Prix,2022-2025,1.711735894716143,3.0,1.6652817483594633,3.0,1.6769152533659237,3.0,1.5533488568604308,3.0,-0.04645414635667966,-0.03482064135021923,-0.15838703785571218
expanding_window_test_2025,MEDIUM,Azerbaijan_Grand_Prix,2022-2025,0.5729225298307588,20.0,0.5713601622459884,20.0,0.5746386635027187,20.0,0.5710819274672805,20.0,-0.0015623675847703522,0.0017161336719599962,-0.001840602363478272
expanding_window_test_2025,MEDIUM,Bahrain_Grand_Prix,2022-2025,0.6922815296002158,43.0,0.6994136662820298,43.0,0.605828868578478,43.0,0.6148289454833135,43.0,0.007132136681814005,-0.08645266102173788,-0.07745258411690237
expanding_window_test_2025,MEDIUM,Belgian_Grand_Prix,2022-2025,0.7630555300925157,55.0,0.7673231607649245,55.0,0.7613682261660562,55.0,0.7690467821055081,55.0,0.004267630672408762,-0.001687303926459549,0.005991252012992443
expanding_window_test_2025,MEDIUM,British_Grand_Prix,2022-2025,0.6051416735094384,8.0,0.5990518453078223,8.0,0.604512471466346,8.0,0.5987914594800992,8.0,-0.0060898282016160765,-0.0006292020430923584,-0.006350214029339218
expanding_window_test_2025,MEDIUM,Canadian_Grand_Prix,2022-2025,0.3542716862489535,17.0,0.4038948377424622,17.0,0.35382396622368434,17.0,0.40135770699136925,17.0,0.04962315149350871,-0.00044772002526916044,0.047086020742415746
expanding_window_test_2025,MEDIUM,Chinese_Grand_Prix,2022-2025,0.40515216318751845,21.0,0.3232996285383507,21.0,0.43285539627984904,21.0,0.34760618326624476,21.0,-0.08185253464916775,0.02770323309233058,-0.05754597992127369
expanding_window_test_2025,MEDIUM,Dutch_Grand_Prix,2022-2025,0.4479073187281111,23.0,0.38608495561342004,23.0,0.44283937658795836,23.0,0.3938538905714845,23.0,-0.06182236311469108,-0.00506794214015277,-0.054053428156626615
expanding_window_test_2025,MEDIUM,Emilia_Romagna_Grand_Prix,2022-2025,0.44007714692059674,45.0,0.4125187274593593,45.0,0.4461927822760827,45.0,0.41752480757265525,45.0,-0.027558419461237438,0.006115635355485982,-0.022552339347941486
expanding_window_test_2025,MEDIUM,Hungarian_Grand_Prix,2022-2025,0.41134695129677507,31.0,0.4103358256713234,31.0,0.4032068691544295,31.0,0.40242832998285855,31.0,-0.001011125625451692,-0.008140082142345573,-0.00891862131391652
expanding_window_test_2025,MEDIUM,Italian_Grand_Prix,2022-2025,0.36565666234384286,48.0,0.3654982405335019,48.0,0.35637573960633745,48.0,0.3598377750991536,48.0,-0.00015842181034098068,-0.009280922737505415,-0.005818887244689264
expanding_window_test_2025,MEDIUM,Japanese_Grand_Prix,2022-2025,0.4067275632684029,37.0,0.40874918983353425,37.0,0.39916992387475764,37.0,0.4011973233023957,37.0,0.002021626565131329,-0.007557639393645288,-0.005530239966007211
expanding_window_test_2025,MEDIUM,Las_Vegas_Grand_Prix,2022-2025,1.0861825643344178,40.0,1.0844852307764652,40.0,1.168052050503954,40.0,1.1857107389016825,40.0,-0.0016973335579526516,0.08186948616953615,0.0995281745672647
expanding_window_test_2025,MEDIUM,Mexico_City_Grand_Prix,2022-2025,0.4262979750738486,65.0,0.40927885538624154,65.0,0.41749586846034054,65.0,0.4088911139507543,65.0,-0.017019119687607054,-0.008802106613508054,-0.017406861123094308
expanding_window_test_2025,MEDIUM,Monaco_Grand_Prix,2022-2025,1.252015669063414,45.0,1.0853129794623348,45.0,1.1831266760541803,45.0,1.0882587527215635,45.0,-0.16670268960107926,-0.06888899300923379,-0.16375691634185063
expanding_window_test_2025,MEDIUM,Qatar_Grand_Prix,2022-2025,1.0157128667276176,49.0,1.0414540619437163,49.0,1.0494675615048894,49.0,1.0592952343090696,49.0,0.025741195216098633,0.033754694777271776,0.04358236758145195
expanding_window_test_2025,MEDIUM,Spanish_Grand_Prix,2022-2025,0.4644038228714264,21.0,0.5423621614566528,21.0,0.4862930162988923,21.0,0.5430480275111015,21.0,0.07795833858522644,0.021889193427465925,0.07864420463967509
expanding_window_test_2025,MEDIUM,São_Paulo_Grand_Prix,2022-2025,0.6302400926384252,92.0,0.6319927720557242,92.0,0.6315245330812512,92.0,0.6346162373934137,92.0,0.0017526794172990634,0.0012844404428260514,0.004376144754988487
expanding_window_test_2025,MEDIUM,United_States_Grand_Prix,2022-2025,0.3075788095230112,50.0,0.30251576096305377,50.0,0.3062463724797219,50.0,0.30393715946405997,50.0,-0.005063048559957428,-0.0013324370432892807,-0.003641650058951229
expanding_window_test_2025,SOFT,Bahrain_Grand_Prix,2022-2025,0.6206248504238113,38.0,0.6207773747435825,38.0,0.6153293586937673,38.0,0.6190631188205977,38.0,0.00015252431977119674,-0.005295491730044066,-0.0015617316032136008
expanding_window_test_2025,SOFT,Dutch_Grand_Prix,2022-2025,0.4726909758877424,54.0,0.47060174302415575,54.0,0.4686518641244748,54.0,0.4685315170842235,54.0,-0.002089232863586643,-0.0040391117632676,-0.004159458803518867
expanding_window_test_2025,SOFT,Hungarian_Grand_Prix,2022-2025,0.7494467610536307,15.0,0.7392245613815921,15.0,0.7571377417757114,15.0,0.7183320440839301,15.0,-0.010222199672038634,0.0076909807220806314,-0.031114716969700584
expanding_window_test_2025,SOFT,Mexico_City_Grand_Prix,2022-2025,0.6961688432257049,61.0,0.7112235309267576,61.0,0.6702115866975865,61.0,0.7048252794845548,61.0,0.015054687701052671,-0.025957256528118422,0.00865643625884982
expanding_window_test_2025,SOFT,Singapore_Grand_Prix,2022-2025,0.48360654615184984,26.0,0.4883093249560478,26.0,0.4518657820277842,26.0,0.4495923105731754,26.0,0.004702778804197949,-0.031740764124065624,-0.034014235578674445
expanding_window_test_2025,SOFT,Spanish_Grand_Prix,2022-2025,0.6990794444977652,71.0,0.7288282660012759,71.0,0.7019885913230964,71.0,0.7287917256819227,71.0,0.02974882150351077,0.002909146825331277,0.029712281184157585
expanding_window_test_2025,SOFT,São_Paulo_Grand_Prix,2022-2025,0.392588765765593,15.0,0.3997850795593179,15.0,0.4184228643930167,15.0,0.4137610428105338,15.0,0.007196313793724929,0.025834098627423696,0.02117227704494079
