season,race,d1,d2,circuit_id,circuit_type,degr,p_sc,rain
2021,Abu_Dhabi_Grand_Prix,VER,PER,AUH,Track,low,0.044,
2021,Austrian_Grand_Prix,VER,PER,AUS,Track,high,0.062,
2021,Azerbaijan_Grand_Prix,VER,PER,AZR,Street,low,0.098,
2021,Bahrain_Grand_Prix,VER,PER,BAH,Track,high,0.077,
2021,Belgian_Grand_Prix,VER,PER,BEL,Track,medium,0.064,
2021,British_Grand_Prix,VER,PER,UK,Track,medium,0.084,
2021,Dutch_Grand_Prix,VER,PER,DUT,Track,high,0.042,
2021,Emilia_Romagna_Grand_Prix,VER,PER,IMO,Track,medium,0.063,
2021,French_Grand_Prix,VER,PER,FRA,Track,medium,0.071,
2021,Hungarian_Grand_Prix,VER,PER,HUN,Track,medium,0.027,
2021,Italian_Grand_Prix,VER,PER,ITA,Track,low,0.054,
2021,Mexico_City_Grand_Prix,VER,PER,MEX,Track,low,0.07,
2021,Monaco_Grand_Prix,VER,PER,MON,Street,low,0.041,
2021,Portuguese_Grand_Prix,VER,PER,,,,,
2021,Qatar_Grand_Prix,VER,PER,QTR,Track,high,0.088,
2021,Russian_Grand_Prix,VER,PER,RUS,Track,low,0.047,
2021,Saudi_Arabian_Grand_Prix,VER,PER,KSA,Street,low,0.1,
2021,Spanish_Grand_Prix,VER,PER,SPN,Track,high,0.038,
2021,Styrian_Grand_Prix,VER,PER,AUS,Track,high,,
2021,São_Paulo_Grand_Prix,VER,PER,BRA,Track,medium,0.071,
2021,Turkish_Grand_Prix,VER,PER,IST,Track,high,,
2021,United_States_Grand_Prix,VER,PER,TEX,Track,high,0.064,
2022,Abu_Dhabi_Grand_Prix,VER,PER,AUH,Track,low,0.044,
2022,Australian_Grand_Prix,VER,PER,MEL,Street,medium,0.062,
2022,Austrian_Grand_Prix,VER,PER,AUS,Track,high,0.062,
2022,Azerbaijan_Grand_Prix,VER,PER,AZR,Street,low,0.098,
2022,Bahrain_Grand_Prix,VER,PER,BAH,Track,high,0.077,
2022,Belgian_Grand_Prix,VER,PER,BEL,Track,medium,0.064,
2022,British_Grand_Prix,VER,PER,UK,Track,medium,0.084,
2022,Canadian_Grand_Prix,VER,PER,CAN,Street,medium,0.051,
2022,Dutch_Grand_Prix,VER,PER,DUT,Track,high,0.042,
2022,Emilia_Romagna_Grand_Prix,VER,PER,IMO,Track,medium,0.063,
2022,French_Grand_Prix,VER,PER,FRA,Track,medium,0.071,
2022,Hungarian_Grand_Prix,VER,PER,HUN,Track,medium,0.027,
2022,Italian_Grand_Prix,VER,PER,ITA,Track,low,0.054,
2022,Japanese_Grand_Prix,VER,PER,JPN,Track,high,0.058,
2022,Mexico_City_Grand_Prix,VER,PER,MEX,Track,low,0.07,
2022,Miami_Grand_Prix,VER,PER,MIA,Track,medium,0.07,
2022,Monaco_Grand_Prix,VER,PER,MON,Street,low,0.041,
2022,Saudi_Arabian_Grand_Prix,VER,PER,KSA,Street,low,0.1,
2022,Singapore_Grand_Prix,VER,PER,SIN,Street,low,0.054,
2022,Spanish_Grand_Prix,VER,PER,SPN,Track,high,0.038,
2022,São_Paulo_Grand_Prix,VER,PER,BRA,Track,medium,0.071,
2022,United_States_Grand_Prix,VER,PER,TEX,Track,high,0.064,
2023,Abu_Dhabi_Grand_Prix,VER,PER,AUH,Track,low,0.044,
2023,Australian_Grand_Prix,VER,PER,MEL,Street,medium,0.062,
2023,Austrian_Grand_Prix,VER,PER,AUS,Track,high,0.062,
2023,Azerbaijan_Grand_Prix,VER,PER,AZR,Street,low,0.098,
2023,Bahrain_Grand_Prix,VER,PER,BAH,Track,high,0.077,
2023,Belgian_Grand_Prix,VER,PER,BEL,Track,medium,0.064,
2023,British_Grand_Prix,VER,PER,UK,Track,medium,0.084,
2023,Canadian_Grand_Prix,VER,PER,CAN,Street,medium,0.051,
2023,Dutch_Grand_Prix,VER,PER,DUT,Track,high,0.042,
2023,Hungarian_Grand_Prix,VER,PER,HUN,Track,medium,0.027,
2023,Italian_Grand_Prix,VER,PER,ITA,Track,low,0.054,
2023,Japanese_Grand_Prix,VER,PER,JPN,Track,high,0.058,
2023,Las_Vegas_Grand_Prix,VER,PER,LAS,Street,low,,
2023,Mexico_City_Grand_Prix,VER,PER,MEX,Track,low,0.07,
2023,Miami_Grand_Prix,VER,PER,MIA,Track,medium,0.07,
2023,Monaco_Grand_Prix,VER,PER,MON,Street,low,0.041,
2023,Qatar_Grand_Prix,VER,PER,QTR,Track,high,0.088,
2023,Saudi_Arabian_Grand_Prix,VER,PER,KSA,Street,low,0.1,
2023,Singapore_Grand_Prix,VER,PER,SIN,Street,low,0.054,
2023,Spanish_Grand_Prix,VER,PER,SPN,Track,high,0.038,
2023,São_Paulo_Grand_Prix,VER,PER,BRA,Track,medium,0.071,
2023,United_States_Grand_Prix,VER,PER,TEX,Track,high,0.064,
2024,Abu_Dhabi_Grand_Prix,VER,PER,AUH,Track,low,0.044,
2024,Australian_Grand_Prix,VER,PER,MEL,Street,medium,0.062,
2024,Austrian_Grand_Prix,VER,PER,AUS,Track,high,0.062,
2024,Azerbaijan_Grand_Prix,VER,PER,AZR,Street,low,0.098,
2024,Bahrain_Grand_Prix,VER,PER,BAH,Track,high,0.077,
2024,Belgian_Grand_Prix,VER,PER,BEL,Track,medium,0.064,
2024,British_Grand_Prix,VER,PER,UK,Track,medium,0.084,
2024,Canadian_Grand_Prix,VER,PER,CAN,Street,medium,0.051,
2024,Chinese_Grand_Prix,VER,PER,CHN,Track,high,0.071,
2024,Dutch_Grand_Prix,VER,PER,DUT,Track,high,0.042,
2024,Emilia_Romagna_Grand_Prix,VER,PER,IMO,Track,medium,0.063,
2024,Hungarian_Grand_Prix,VER,PER,HUN,Track,medium,0.027,
2024,Italian_Grand_Prix,VER,PER,ITA,Track,low,0.054,
2024,Japanese_Grand_Prix,VER,PER,JPN,Track,high,0.058,
2024,Las_Vegas_Grand_Prix,VER,PER,LAS,Street,low,,
2024,Mexico_City_Grand_Prix,VER,PER,MEX,Track,low,0.07,
2024,Miami_Grand_Prix,VER,PER,MIA,Track,medium,0.07,
2024,Monaco_Grand_Prix,VER,PER,MON,Street,low,0.041,
2024,Qatar_Grand_Prix,VER,PER,QTR,Track,high,0.088,
2024,Saudi_Arabian_Grand_Prix,VER,PER,KSA,Street,low,0.1,
2024,Singapore_Grand_Prix,VER,PER,SIN,Street,low,0.054,
2024,Spanish_Grand_Prix,VER,PER,SPN,Track,high,0.038,
2024,São_Paulo_Grand_Prix,VER,PER,BRA,Track,medium,0.071,
2024,United_States_Grand_Prix,VER,PER,TEX,Track,high,0.064,
2025,Abu_Dhabi_Grand_Prix,VER,TSU,AUH,Track,low,0.044,
2025,Australian_Grand_Prix,VER,LAW,MEL,Street,medium,0.062,
2025,Austrian_Grand_Prix,VER,TSU,AUS,Track,high,0.062,
2025,Azerbaijan_Grand_Prix,VER,TSU,AZR,Street,low,0.098,
2025,Bahrain_Grand_Prix,VER,TSU,BAH,Track,high,0.077,
2025,Belgian_Grand_Prix,VER,TSU,BEL,Track,medium,0.064,
2025,British_Grand_Prix,VER,TSU,UK,Track,medium,0.084,
2025,Canadian_Grand_Prix,VER,TSU,CAN,Street,medium,0.051,
2025,Chinese_Grand_Prix,VER,LAW,CHN,Track,high,0.071,
2025,Dutch_Grand_Prix,VER,TSU,DUT,Track,high,0.042,
2025,Emilia_Romagna_Grand_Prix,VER,TSU,IMO,Track,medium,0.063,
2025,Hungarian_Grand_Prix,VER,TSU,HUN,Track,medium,0.027,
2025,Italian_Grand_Prix,VER,TSU,ITA,Track,low,0.054,
2025,Japanese_Grand_Prix,VER,TSU,JPN,Track,high,0.058,
2025,Las_Vegas_Grand_Prix,VER,TSU,LAS,Street,low,,
2025,Mexico_City_Grand_Prix,VER,TSU,MEX,Track,low,0.07,
2025,Miami_Grand_Prix,VER,TSU,MIA,Track,medium,0.07,
2025,Monaco_Grand_Prix,VER,TSU,MON,Street,low,0.041,
2025,Qatar_Grand_Prix,VER,TSU,QTR,Track,high,0.088,
2025,Saudi_Arabian_Grand_Prix,VER,TSU,KSA,Street,low,0.1,
2025,Singapore_Grand_Prix,VER,TSU,SIN,Street,low,0.054,
2025,Spanish_Grand_Prix,VER,TSU,SPN,Track,high,0.038,
2025,São_Paulo_Grand_Prix,VER,TSU,BRA,Track,medium,0.071,
2025,United_States_Grand_Prix,VER,TSU,TEX,Track,high,0.064,
