file,n_laps,pct_pit_in,pct_pit_out,pct_sc,pct_vsc,pct_out_lap,pct_in_lap,pct_missing_laptime,pct_outlier
raw/fastf1/2018/Abu_Dhabi_Grand_Prix/FP1/laps.csv,460,22.0,22.0,0.0,0.0,22.0,22.0,32.2,0.0
raw/fastf1/2018/Abu_Dhabi_Grand_Prix/FP2/laps.csv,672,13.2,13.2,0.0,0.0,13.2,13.2,13.7,0.1
raw/fastf1/2018/Abu_Dhabi_Grand_Prix/FP3/laps.csv,298,23.5,23.5,0.0,0.0,23.5,23.5,35.9,0.0
raw/fastf1/2018/Abu_Dhabi_Grand_Prix/Q/laps.csv,270,30.0,31.1,0.0,0.0,31.1,31.1,33.0,0.4
raw/fastf1/2018/Abu_Dhabi_Grand_Prix/R/laps.csv,943,2.1,1.9,8.2,3.9,4.1,4.1,6.6,0.0
raw/fastf1/2018/Australian_Grand_Prix/FP1/laps.csv,476,18.9,18.9,0.0,0.0,19.1,19.1,19.3,0.6
raw/fastf1/2018/Australian_Grand_Prix/FP2/laps.csv,678,14.6,15.2,0.0,0.0,17.0,17.0,10.9,1.5
raw/fastf1/2018/Australian_Grand_Prix/FP3/laps.csv,215,25.6,25.6,0.0,0.0,26.0,26.0,23.7,0.0
raw/fastf1/2018/Australian_Grand_Prix/Q/laps.csv,287,30.3,30.3,0.0,0.0,30.7,30.7,30.7,0.7
raw/fastf1/2018/Australian_Grand_Prix/R/laps.csv,940,2.3,1.9,7.8,4.5,6.2,6.2,0.3,1.1
raw/fastf1/2018/Austrian_Grand_Prix/FP1/laps.csv,676,16.1,16.1,0.0,0.0,16.3,16.3,12.6,0.7
raw/fastf1/2018/Austrian_Grand_Prix/FP2/laps.csv,838,11.9,11.9,0.0,0.0,13.0,13.0,10.3,0.7
raw/fastf1/2018/Austrian_Grand_Prix/FP3/laps.csv,423,17.3,17.3,0.0,0.0,17.7,17.7,14.9,1.2
raw/fastf1/2018/Austrian_Grand_Prix/Q/laps.csv,331,25.7,26.6,0.0,0.0,29.3,29.3,26.9,0.0
raw/fastf1/2018/Austrian_Grand_Prix/R/laps.csv,1244,1.9,1.9,0.0,3.6,5.0,5.0,0.4,0.0
raw/fastf1/2018/Azerbaijan_Grand_Prix/FP1/laps.csv,423,22.5,22.5,0.0,11.6,22.5,22.5,24.8,0.0
raw/fastf1/2018/Azerbaijan_Grand_Prix/FP2/laps.csv,616,15.4,15.4,0.0,0.0,16.2,16.2,11.5,0.0
raw/fastf1/2018/Azerbaijan_Grand_Prix/FP3/laps.csv,274,25.5,26.3,0.0,0.0,29.2,29.2,28.8,0.0
raw/fastf1/2018/Azerbaijan_Grand_Prix/Q/laps.csv,313,25.2,25.6,0.0,0.0,31.9,31.6,29.7,0.0
raw/fastf1/2018/Azerbaijan_Grand_Prix/R/laps.csv,848,4.2,4.2,25.5,0.0,8.1,8.1,18.4,0.0
raw/fastf1/2018/Bahrain_Grand_Prix/FP1/laps.csv,421,23.3,23.3,0.0,0.0,23.8,23.8,20.2,0.0
raw/fastf1/2018/Bahrain_Grand_Prix/FP2/laps.csv,672,14.4,14.4,0.0,0.0,16.4,16.4,9.7,0.3
raw/fastf1/2018/Bahrain_Grand_Prix/FP3/laps.csv,273,27.8,27.8,0.0,0.0,29.7,29.7,22.0,0.0
raw/fastf1/2018/Bahrain_Grand_Prix/Q/laps.csv,244,31.6,32.8,0.0,0.0,35.2,35.2,35.2,0.0
raw/fastf1/2018/Bahrain_Grand_Prix/R/laps.csv,998,3.4,3.3,0.0,5.8,7.7,7.7,0.8,0.0
raw/fastf1/2018/Belgian_Grand_Prix/FP1/laps.csv,403,21.1,21.1,0.0,0.0,21.1,21.1,22.3,0.0
raw/fastf1/2018/Belgian_Grand_Prix/FP2/laps.csv,578,15.6,15.6,0.0,0.0,16.8,16.8,13.7,0.0
raw/fastf1/2018/Belgian_Grand_Prix/FP3/laps.csv,258,29.5,29.5,0.0,0.0,30.2,30.2,33.3,0.0
raw/fastf1/2018/Belgian_Grand_Prix/Q/laps.csv,237,30.4,31.6,0.0,0.0,38.4,38.4,37.6,0.0
raw/fastf1/2018/Belgian_Grand_Prix/R/laps.csv,693,5.3,5.1,10.0,0.0,7.9,7.9,7.5,0.0
raw/fastf1/2018/Brazilian_Grand_Prix/FP1/laps.csv,547,18.8,18.8,0.0,0.0,18.8,18.8,15.4,2.0
raw/fastf1/2018/Brazilian_Grand_Prix/FP2/laps.csv,782,13.0,13.0,0.0,0.0,13.0,13.0,11.6,1.3
raw/fastf1/2018/Brazilian_Grand_Prix/FP3/laps.csv,344,23.3,23.3,0.0,0.0,23.8,23.8,17.2,5.5
raw/fastf1/2018/Brazilian_Grand_Prix/Q/laps.csv,300,31.7,31.7,0.0,0.0,31.7,31.7,31.7,1.3
raw/fastf1/2018/Brazilian_Grand_Prix/R/laps.csv,1318,2.0,1.9,0.0,0.0,3.4,3.4,0.1,0.0
raw/fastf1/2018/British_Grand_Prix/FP1/laps.csv,475,22.1,22.3,0.0,16.8,22.5,22.5,20.0,1.3
raw/fastf1/2018/British_Grand_Prix/FP2/laps.csv,580,15.2,15.2,0.0,3.1,16.6,16.6,14.8,1.9
raw/fastf1/2018/British_Grand_Prix/FP3/laps.csv,287,21.6,21.6,0.0,0.0,22.0,22.0,24.0,3.8
raw/fastf1/2018/British_Grand_Prix/Q/laps.csv,264,30.7,31.4,0.0,0.0,36.0,36.0,36.0,1.9
raw/fastf1/2018/British_Grand_Prix/R/laps.csv,902,3.2,3.3,17.6,0.0,7.3,7.3,0.9,5.2
raw/fastf1/2018/Canadian_Grand_Prix/FP1/laps.csv,504,20.2,20.2,0.0,5.6,20.2,20.2,17.5,0.0
raw/fastf1/2018/Canadian_Grand_Prix/FP2/laps.csv,680,14.1,14.1,0.0,3.5,14.3,14.3,9.0,0.0
raw/fastf1/2018/Canadian_Grand_Prix/FP3/laps.csv,407,19.9,19.9,0.0,0.0,20.4,20.4,13.8,0.2
raw/fastf1/2018/Canadian_Grand_Prix/Q/laps.csv,291,25.8,25.8,0.0,0.0,26.1,26.1,25.8,0.0
raw/fastf1/2018/Canadian_Grand_Prix/R/laps.csv,1219,1.7,1.7,6.1,0.0,4.7,4.6,0.2,2.3
raw/fastf1/2018/Chinese_Grand_Prix/FP1/laps.csv,470,20.6,20.6,0.0,0.0,22.1,22.1,18.7,0.0
raw/fastf1/2018/Chinese_Grand_Prix/FP2/laps.csv,548,18.6,18.6,0.0,0.0,19.2,19.2,13.5,0.0
raw/fastf1/2018/Chinese_Grand_Prix/FP3/laps.csv,301,24.3,24.3,0.0,12.6,24.6,24.6,21.3,0.0
raw/fastf1/2018/Chinese_Grand_Prix/Q/laps.csv,256,32.4,33.2,0.0,0.0,36.7,36.7,33.6,0.0
raw/fastf1/2018/Chinese_Grand_Prix/R/laps.csv,1115,2.8,2.7,9.2,0.0,8.0,8.0,1.8,0.1
raw/fastf1/2018/French_Grand_Prix/FP1/laps.csv,457,21.9,21.9,0.0,0.0,21.9,21.9,19.0,0.0
raw/fastf1/2018/French_Grand_Prix/FP2/laps.csv,537,16.4,16.6,0.0,6.5,16.8,16.8,12.1,0.4
raw/fastf1/2018/French_Grand_Prix/FP3/laps.csv,68,42.6,42.6,0.0,0.0,47.1,47.1,45.6,0.0
raw/fastf1/2018/French_Grand_Prix/Q/laps.csv,332,25.0,25.0,0.0,0.0,25.3,25.3,24.4,0.6
raw/fastf1/2018/French_Grand_Prix/R/laps.csv,920,2.4,2.2,10.0,3.6,5.8,5.8,2.7,2.3
raw/fastf1/2018/German_Grand_Prix/FP1/laps.csv,526,18.1,18.1,0.0,0.0,19.8,19.8,15.8,2.9
raw/fastf1/2018/German_Grand_Prix/FP2/laps.csv,757,12.7,12.7,0.0,0.0,13.2,13.2,9.2,4.2
raw/fastf1/2018/German_Grand_Prix/FP3/laps.csv,76,35.5,35.5,0.0,0.0,38.2,38.2,35.5,0.0
raw/fastf1/2018/German_Grand_Prix/Q/laps.csv,286,24.1,25.2,0.0,0.0,27.6,27.6,29.7,2.8
raw/fastf1/2018/German_Grand_Prix/R/laps.csv,1252,3.4,3.1,9.1,0.0,6.4,6.4,0.2,2.3
raw/fastf1/2018/Hungarian_Grand_Prix/FP1/laps.csv,521,17.9,17.9,0.0,0.0,18.2,18.2,15.4,2.1
raw/fastf1/2018/Hungarian_Grand_Prix/FP2/laps.csv,793,12.5,12.5,0.0,0.0,13.1,13.1,8.6,2.1
raw/fastf1/2018/Hungarian_Grand_Prix/FP3/laps.csv,344,23.8,23.8,0.0,0.0,24.4,24.4,18.6,2.9
raw/fastf1/2018/Hungarian_Grand_Prix/Q/laps.csv,402,23.9,24.4,0.0,0.0,29.1,29.1,15.4,0.0
raw/fastf1/2018/Hungarian_Grand_Prix/R/laps.csv,1233,1.6,1.7,0.0,5.8,4.8,4.8,0.2,0.0
raw/fastf1/2018/Italian_Grand_Prix/FP1/laps.csv,258,23.6,23.6,0.0,0.0,24.0,24.0,22.9,0.0
raw/fastf1/2018/Italian_Grand_Prix/FP2/laps.csv,545,17.2,17.2,0.0,0.0,20.0,20.0,13.4,0.0
raw/fastf1/2018/Italian_Grand_Prix/FP3/laps.csv,340,19.7,19.7,0.0,0.0,20.3,20.3,17.6,0.0
raw/fastf1/2018/Italian_Grand_Prix/Q/laps.csv,284,25.7,26.8,0.0,0.0,31.0,31.0,27.5,0.0
raw/fastf1/2018/Japanese_Grand_Prix/FP1/laps.csv,504,19.6,19.6,0.0,0.0,20.4,20.4,19.0,3.2
raw/fastf1/2018/Japanese_Grand_Prix/FP2/laps.csv,606,15.3,15.3,0.0,0.0,16.2,16.2,12.0,1.8
raw/fastf1/2018/Japanese_Grand_Prix/FP3/laps.csv,248,21.8,25.0,0.0,0.0,27.0,26.6,29.8,0.8
raw/fastf1/2018/Japanese_Grand_Prix/Q/laps.csv,221,37.1,37.1,0.0,0.0,41.6,41.6,44.3,0.0
raw/fastf1/2018/Japanese_Grand_Prix/R/laps.csv,977,2.6,2.4,8.3,3.1,6.4,6.4,0.6,2.4
raw/fastf1/2018/Mexican_Grand_Prix/FP1/laps.csv,466,21.5,21.5,0.0,0.0,21.5,21.5,17.0,1.1
raw/fastf1/2018/Mexican_Grand_Prix/FP2/laps.csv,684,14.6,14.6,0.0,0.0,14.6,14.6,9.6,0.6
raw/fastf1/2018/Mexican_Grand_Prix/FP3/laps.csv,205,27.3,27.3,0.0,17.6,27.3,27.3,25.9,0.5
raw/fastf1/2018/Mexican_Grand_Prix/Q/laps.csv,286,30.1,31.1,0.0,0.0,31.1,31.1,31.1,0.7
raw/fastf1/2018/Mexican_Grand_Prix/R/laps.csv,1245,2.4,2.3,0.0,8.4,3.9,3.9,0.2,0.0
raw/fastf1/2018/Monaco_Grand_Prix/FP1/laps.csv,697,14.6,14.6,0.0,0.0,15.4,15.4,10.9,1.6
raw/fastf1/2018/Monaco_Grand_Prix/FP2/laps.csv,782,12.3,12.3,0.0,0.0,12.5,12.5,9.1,1.4
raw/fastf1/2018/Monaco_Grand_Prix/FP3/laps.csv,475,18.1,18.1,0.0,0.0,18.5,18.5,15.8,1.9
raw/fastf1/2018/Monaco_Grand_Prix/Q/laps.csv,386,21.5,21.5,0.0,0.0,22.0,22.0,21.2,0.0
raw/fastf1/2018/Monaco_Grand_Prix/R/laps.csv,1516,1.8,1.7,0.0,2.8,4.4,4.4,0.2,0.0
raw/fastf1/2018/Russian_Grand_Prix/FP1/laps.csv,443,20.5,20.5,0.0,0.0,20.8,20.8,20.5,0.2
raw/fastf1/2018/Russian_Grand_Prix/FP2/laps.csv,667,14.7,14.7,0.0,0.0,15.3,15.3,10.5,0.9
raw/fastf1/2018/Russian_Grand_Prix/FP3/laps.csv,312,23.4,23.4,0.0,0.0,24.4,24.4,24.7,1.6
raw/fastf1/2018/Russian_Grand_Prix/Q/laps.csv,232,28.9,29.3,0.0,0.0,34.5,34.5,39.2,0.4
raw/fastf1/2018/Russian_Grand_Prix/R/laps.csv,948,2.3,2.1,0.0,0.0,6.3,6.3,0.1,0.0
raw/fastf1/2018/Singapore_Grand_Prix/FP1/laps.csv,490,18.2,18.2,0.0,0.0,18.8,19.0,21.6,0.0
raw/fastf1/2018/Singapore_Grand_Prix/FP2/laps.csv,624,14.6,14.6,0.0,0.0,15.5,15.5,13.6,0.0
raw/fastf1/2018/Singapore_Grand_Prix/FP3/laps.csv,310,22.9,22.9,0.0,0.0,23.5,23.5,28.1,0.0
raw/fastf1/2018/Singapore_Grand_Prix/Q/laps.csv,269,29.7,30.1,0.0,0.0,34.9,34.9,38.7,0.0
raw/fastf1/2018/Singapore_Grand_Prix/R/laps.csv,1146,2.2,2.2,6.7,0.0,5.8,5.8,4.8,0.0
raw/fastf1/2018/Spanish_Grand_Prix/FP1/laps.csv,494,19.4,19.4,0.0,11.5,19.8,19.8,16.6,0.0
raw/fastf1/2018/Spanish_Grand_Prix/FP2/laps.csv,681,15.6,15.6,0.0,10.4,16.3,16.3,11.7,0.7
raw/fastf1/2018/Spanish_Grand_Prix/FP3/laps.csv,322,23.6,23.6,0.0,0.0,24.5,24.5,21.7,0.3
raw/fastf1/2018/Spanish_Grand_Prix/Q/laps.csv,307,25.4,25.7,0.0,0.0,29.0,29.0,28.7,0.0
raw/fastf1/2018/Spanish_Grand_Prix/R/laps.csv,1021,2.3,2.1,10.3,3.8,5.5,5.5,2.1,6.1
raw/fastf1/2018/United_States_Grand_Prix/FP1/laps.csv,258,26.4,26.4,0.0,0.0,26.4,26.4,31.4,0.0
raw/fastf1/2018/United_States_Grand_Prix/FP2/laps.csv,116,21.6,21.6,0.0,0.0,22.4,22.4,22.4,0.0
raw/fastf1/2018/United_States_Grand_Prix/FP3/laps.csv,426,17.6,17.6,0.0,0.0,17.6,17.6,17.8,0.2
raw/fastf1/2018/United_States_Grand_Prix/Q/laps.csv,256,32.0,33.2,0.0,0.0,33.6,33.6,32.0,1.6
raw/fastf1/2018/United_States_Grand_Prix/R/laps.csv,932,2.9,2.6,0.0,4.3,4.9,4.9,0.2,0.0
raw/fastf1/2019/Abu_Dhabi_Grand_Prix/FP1/laps.csv,392,23.7,24.5,0.0,0.0,24.5,24.5,33.9,0.0
raw/fastf1/2019/Abu_Dhabi_Grand_Prix/FP2/laps.csv,607,16.6,16.6,0.0,0.0,16.6,16.6,19.6,0.2
raw/fastf1/2019/Abu_Dhabi_Grand_Prix/FP3/laps.csv,330,23.0,23.0,0.0,0.0,23.0,23.0,26.7,0.3
raw/fastf1/2019/Abu_Dhabi_Grand_Prix/Q/laps.csv,267,30.0,31.1,0.0,0.0,31.1,31.1,32.2,0.7
raw/fastf1/2019/Abu_Dhabi_Grand_Prix/R/laps.csv,1075,2.5,2.4,0.0,0.0,4.3,4.3,0.1,0.0
raw/fastf1/2019/Australian_Grand_Prix/FP1/laps.csv,445,20.9,20.9,0.0,0.0,20.9,20.9,17.5,0.2
raw/fastf1/2019/Australian_Grand_Prix/FP2/laps.csv,674,14.1,14.1,0.0,0.0,14.2,14.2,9.3,0.7
raw/fastf1/2019/Australian_Grand_Prix/FP3/laps.csv,316,27.5,27.5,0.0,0.0,27.8,27.8,20.3,0.6
raw/fastf1/2019/Australian_Grand_Prix/Q/laps.csv,273,31.1,31.1,0.0,0.0,31.1,31.1,31.1,0.7
raw/fastf1/2019/Australian_Grand_Prix/R/laps.csv,1041,2.2,2.1,0.0,0.0,4.0,4.0,0.3,0.0
raw/fastf1/2019/Austrian_Grand_Prix/FP1/laps.csv,579,19.5,19.5,0.0,0.0,19.5,19.5,17.8,1.0
raw/fastf1/2019/Austrian_Grand_Prix/FP2/laps.csv,706,14.0,14.0,0.0,0.0,14.0,14.0,14.7,1.1
raw/fastf1/2019/Austrian_Grand_Prix/FP3/laps.csv,400,19.0,19.0,0.0,0.0,19.0,19.0,15.8,1.2
raw/fastf1/2019/Austrian_Grand_Prix/Q/laps.csv,314,25.8,26.8,0.0,0.0,26.8,26.8,29.0,2.9
raw/fastf1/2019/Austrian_Grand_Prix/R/laps.csv,1401,1.6,1.7,0.0,0.0,3.1,3.1,0.0,0.0
raw/fastf1/2019/Azerbaijan_Grand_Prix/FP1/laps.csv,25,68.0,76.0,0.0,0.0,76.0,76.0,80.0,0.0
raw/fastf1/2019/Azerbaijan_Grand_Prix/FP2/laps.csv,486,18.3,18.3,0.0,0.0,18.9,18.9,21.8,0.0
raw/fastf1/2019/Azerbaijan_Grand_Prix/FP3/laps.csv,361,20.5,20.5,0.0,0.0,20.5,20.5,20.5,0.0
raw/fastf1/2019/Azerbaijan_Grand_Prix/Q/laps.csv,309,24.6,24.6,0.0,0.0,24.6,24.6,29.1,0.0
raw/fastf1/2019/Azerbaijan_Grand_Prix/R/laps.csv,948,3.1,3.1,0.0,3.8,4.9,4.9,0.4,0.0
raw/fastf1/2019/Bahrain_Grand_Prix/FP1/laps.csv,446,22.9,22.9,0.0,0.0,22.9,22.9,20.2,1.1
raw/fastf1/2019/Bahrain_Grand_Prix/FP2/laps.csv,605,15.2,15.2,0.0,0.0,15.2,15.2,10.2,0.5
raw/fastf1/2019/Bahrain_Grand_Prix/FP3/laps.csv,283,30.7,30.7,0.0,0.0,30.7,30.7,24.4,0.7
raw/fastf1/2019/Bahrain_Grand_Prix/Q/laps.csv,248,32.3,33.5,0.0,0.0,33.9,33.9,33.9,0.0
raw/fastf1/2019/Bahrain_Grand_Prix/R/laps.csv,1083,3.9,3.7,5.3,0.0,5.7,5.7,0.3,0.0
raw/fastf1/2019/Belgian_Grand_Prix/FP1/laps.csv,416,22.8,22.8,0.0,8.4,22.8,22.8,31.5,0.0
raw/fastf1/2019/Belgian_Grand_Prix/FP2/laps.csv,512,19.3,19.5,0.0,6.2,19.5,19.5,22.1,0.0
raw/fastf1/2019/Belgian_Grand_Prix/FP3/laps.csv,244,26.2,26.2,0.0,0.0,26.2,26.2,44.3,0.0
raw/fastf1/2019/Belgian_Grand_Prix/Q/laps.csv,242,39.3,41.3,0.0,0.0,41.3,41.3,51.7,0.0
raw/fastf1/2019/Belgian_Grand_Prix/R/laps.csv,787,3.0,3.0,9.4,0.0,5.5,5.5,7.2,0.0
raw/fastf1/2019/Brazilian_Grand_Prix/FP1/laps.csv,214,35.0,35.0,0.0,0.0,35.0,35.0,32.2,0.0
raw/fastf1/2019/Brazilian_Grand_Prix/FP2/laps.csv,660,16.4,16.5,0.0,5.6,16.7,16.7,15.5,0.3
raw/fastf1/2019/Brazilian_Grand_Prix/FP3/laps.csv,384,25.0,25.0,0.0,0.0,25.0,25.0,14.6,1.3
raw/fastf1/2019/Brazilian_Grand_Prix/Q/laps.csv,271,30.6,30.6,0.0,0.0,30.6,30.6,32.1,1.1
raw/fastf1/2019/Brazilian_Grand_Prix/R/laps.csv,1385,3.2,3.2,14.5,0.0,4.7,4.7,0.4,3.9
raw/fastf1/2019/British_Grand_Prix/FP1/laps.csv,481,22.7,22.5,0.0,7.3,22.7,22.7,19.5,0.8
raw/fastf1/2019/British_Grand_Prix/FP2/laps.csv,619,14.5,14.5,0.0,6.8,15.0,15.0,11.0,0.8
raw/fastf1/2019/British_Grand_Prix/FP3/laps.csv,329,19.1,19.1,0.0,0.0,19.1,19.1,18.8,0.3
raw/fastf1/2019/British_Grand_Prix/Q/laps.csv,330,25.5,26.4,0.0,0.0,26.4,26.4,26.4,0.0
raw/fastf1/2019/British_Grand_Prix/R/laps.csv,914,3.4,3.2,7.5,0.0,5.4,5.4,0.2,1.2
raw/fastf1/2019/Canadian_Grand_Prix/FP1/laps.csv,595,17.0,16.8,0.0,8.6,16.8,17.1,14.3,0.7
raw/fastf1/2019/Canadian_Grand_Prix/FP2/laps.csv,734,13.9,13.9,0.0,0.0,13.9,13.9,8.9,0.5
raw/fastf1/2019/Canadian_Grand_Prix/FP3/laps.csv,353,23.2,23.2,0.0,0.0,23.2,23.2,14.4,0.6
raw/fastf1/2019/Canadian_Grand_Prix/Q/laps.csv,317,26.8,26.8,0.0,0.0,27.1,27.1,25.2,1.3
raw/fastf1/2019/Canadian_Grand_Prix/R/laps.csv,1312,1.8,1.8,0.0,0.0,3.4,3.4,0.2,0.0
raw/fastf1/2019/Chinese_Grand_Prix/FP1/laps.csv,449,20.7,20.7,0.0,4.5,20.9,20.9,18.9,0.0
raw/fastf1/2019/Chinese_Grand_Prix/FP2/laps.csv,654,14.4,14.4,0.0,3.5,14.4,14.4,9.8,0.0
raw/fastf1/2019/Chinese_Grand_Prix/FP3/laps.csv,214,35.0,35.0,0.0,0.0,35.0,35.0,30.4,0.5
raw/fastf1/2019/Chinese_Grand_Prix/Q/laps.csv,240,32.9,34.2,0.0,0.0,34.2,34.2,34.2,0.0
raw/fastf1/2019/Chinese_Grand_Prix/R/laps.csv,1046,3.8,3.6,0.0,3.8,5.4,5.4,0.0,0.0
raw/fastf1/2019/French_Grand_Prix/FP1/laps.csv,432,22.9,22.9,0.0,0.0,23.4,23.4,20.1,0.5
raw/fastf1/2019/French_Grand_Prix/FP2/laps.csv,628,16.7,16.7,0.0,0.0,17.0,17.0,12.1,0.5
raw/fastf1/2019/French_Grand_Prix/FP3/laps.csv,292,24.3,24.3,0.0,0.0,24.3,24.3,21.9,4.5
raw/fastf1/2019/French_Grand_Prix/Q/laps.csv,309,27.5,27.5,0.0,0.0,27.5,27.5,28.5,0.6
raw/fastf1/2019/French_Grand_Prix/R/laps.csv,1037,2.3,2.2,0.0,2.5,4.1,4.1,0.1,0.0
raw/fastf1/2019/German_Grand_Prix/FP1/laps.csv,527,22.0,22.0,0.0,0.0,22.0,22.0,17.6,1.5
raw/fastf1/2019/German_Grand_Prix/FP2/laps.csv,602,18.1,18.1,0.0,0.0,18.1,18.1,16.6,1.2
raw/fastf1/2019/German_Grand_Prix/FP3/laps.csv,351,18.8,18.8,0.0,0.0,18.8,18.8,15.1,4.0
raw/fastf1/2019/German_Grand_Prix/Q/laps.csv,277,30.0,30.0,0.0,0.0,30.0,30.0,32.5,1.8
raw/fastf1/2019/German_Grand_Prix/R/laps.csv,1059,7.4,7.2,26.0,5.7,9.1,9.1,0.8,2.1
raw/fastf1/2019/Hungarian_Grand_Prix/FP1/laps.csv,565,20.2,20.2,0.0,0.0,20.4,20.4,15.9,1.1
raw/fastf1/2019/Hungarian_Grand_Prix/FP2/laps.csv,331,23.0,23.0,0.0,0.0,23.0,23.0,26.6,0.0
raw/fastf1/2019/Hungarian_Grand_Prix/FP3/laps.csv,400,21.5,21.5,0.0,0.0,21.5,21.5,16.5,2.0
raw/fastf1/2019/Hungarian_Grand_Prix/Q/laps.csv,293,28.7,29.7,0.0,0.0,29.7,29.7,32.1,1.4
raw/fastf1/2019/Hungarian_Grand_Prix/R/laps.csv,1358,1.8,1.8,0.0,0.0,3.3,3.3,0.0,0.0
raw/fastf1/2019/Italian_Grand_Prix/FP1/laps.csv,287,31.0,31.0,0.0,0.0,31.7,31.7,39.4,0.0
raw/fastf1/2019/Italian_Grand_Prix/FP2/laps.csv,674,13.6,13.6,0.0,0.0,13.6,13.6,10.1,0.0
raw/fastf1/2019/Italian_Grand_Prix/FP3/laps.csv,349,22.6,22.6,0.0,0.0,22.6,22.6,17.2,3.7
raw/fastf1/2019/Italian_Grand_Prix/Q/laps.csv,275,33.5,33.5,0.0,0.0,33.5,33.8,39.6,0.7
raw/fastf1/2019/Italian_Grand_Prix/R/laps.csv,991,3.0,2.9,0.0,5.5,4.8,4.8,0.1,0.0
raw/fastf1/2019/Japanese_Grand_Prix/FP1/laps.csv,471,25.3,25.3,0.0,6.4,25.3,25.3,21.7,1.1
raw/fastf1/2019/Japanese_Grand_Prix/FP2/laps.csv,629,19.2,19.2,0.0,0.0,19.2,19.2,14.6,1.7
raw/fastf1/2019/Japanese_Grand_Prix/Q/laps.csv,287,37.3,37.6,0.0,0.0,37.6,37.3,44.6,0.0
raw/fastf1/2019/Japanese_Grand_Prix/R/laps.csv,1005,3.2,3.2,0.0,0.0,5.1,5.1,0.1,0.0
raw/fastf1/2019/Mexican_Grand_Prix/FP1/laps.csv,458,25.8,25.8,0.0,0.0,26.0,26.0,20.7,0.0
raw/fastf1/2019/Mexican_Grand_Prix/FP2/laps.csv,697,14.9,14.9,0.0,0.0,15.1,15.1,12.2,0.0
raw/fastf1/2019/Mexican_Grand_Prix/FP3/laps.csv,237,35.0,35.0,0.0,0.0,35.0,35.0,20.7,0.0
raw/fastf1/2019/Mexican_Grand_Prix/Q/laps.csv,303,28.1,29.0,0.0,0.0,29.0,29.0,29.4,0.0
raw/fastf1/2019/Mexican_Grand_Prix/R/laps.csv,1370,2.1,2.0,0.0,4.4,3.4,3.4,0.1,0.0
raw/fastf1/2019/Monaco_Grand_Prix/FP1/laps.csv,707,12.3,12.3,0.0,0.0,12.4,12.4,9.6,1.7
raw/fastf1/2019/Monaco_Grand_Prix/FP2/laps.csv,868,10.8,10.8,0.0,0.0,10.8,10.8,7.5,1.4
raw/fastf1/2019/Monaco_Grand_Prix/FP3/laps.csv,504,14.9,15.1,0.0,6.3,15.3,15.3,12.1,1.6
raw/fastf1/2019/Monaco_Grand_Prix/Q/laps.csv,427,19.7,19.7,0.0,0.0,19.7,19.7,19.0,0.0
raw/fastf1/2019/Monaco_Grand_Prix/R/laps.csv,1490,1.6,1.5,6.4,0.0,3.0,3.0,0.1,0.1
raw/fastf1/2019/Russian_Grand_Prix/FP1/laps.csv,459,20.7,20.7,0.0,8.5,20.7,20.7,20.9,1.7
raw/fastf1/2019/Russian_Grand_Prix/FP2/laps.csv,609,15.9,15.9,0.0,3.9,15.9,15.9,12.2,0.3
raw/fastf1/2019/Russian_Grand_Prix/FP3/laps.csv,305,23.3,23.6,0.0,8.5,23.6,23.6,22.3,2.3
raw/fastf1/2019/Russian_Grand_Prix/Q/laps.csv,277,29.6,31.0,0.0,0.0,31.0,30.7,38.3,1.1
raw/fastf1/2019/Russian_Grand_Prix/R/laps.csv,901,3.0,2.7,13.5,3.7,5.0,5.0,6.2,0.0
raw/fastf1/2019/Singapore_Grand_Prix/FP1/laps.csv,437,19.9,19.9,0.0,0.0,19.9,19.9,25.4,0.0
raw/fastf1/2019/Singapore_Grand_Prix/FP2/laps.csv,621,15.3,15.3,0.0,0.0,15.3,15.3,14.2,0.0
raw/fastf1/2019/Singapore_Grand_Prix/FP3/laps.csv,249,31.3,31.3,0.0,9.6,31.7,31.7,45.4,0.0
raw/fastf1/2019/Singapore_Grand_Prix/Q/laps.csv,278,30.6,31.3,0.0,0.0,31.3,31.3,38.5,0.4
raw/fastf1/2019/Singapore_Grand_Prix/R/laps.csv,1165,2.5,2.5,17.7,0.0,4.2,4.2,11.2,0.0
raw/fastf1/2019/Spanish_Grand_Prix/FP1/laps.csv,501,22.2,22.4,0.0,0.0,22.4,22.4,18.8,1.2
raw/fastf1/2019/Spanish_Grand_Prix/FP2/laps.csv,755,13.8,13.8,0.0,0.0,13.9,13.9,9.1,0.1
raw/fastf1/2019/Spanish_Grand_Prix/FP3/laps.csv,295,25.8,26.1,0.0,0.0,26.4,26.4,29.8,0.0
raw/fastf1/2019/Spanish_Grand_Prix/Q/laps.csv,277,30.3,30.7,0.0,0.0,31.0,31.0,34.3,0.4
raw/fastf1/2019/Spanish_Grand_Prix/R/laps.csv,1276,2.9,3.0,11.1,0.0,4.5,4.5,0.3,4.2
raw/fastf1/2019/United_States_Grand_Prix/FP1/laps.csv,534,21.3,21.3,0.0,0.0,21.5,21.5,17.8,0.0
raw/fastf1/2019/United_States_Grand_Prix/FP2/laps.csv,608,18.4,18.6,0.0,0.0,18.6,18.6,15.8,0.0
raw/fastf1/2019/United_States_Grand_Prix/FP3/laps.csv,291,28.9,28.9,0.0,7.9,28.9,28.9,22.3,1.7
raw/fastf1/2019/United_States_Grand_Prix/Q/laps.csv,270,29.6,30.7,0.0,0.0,30.7,30.7,30.7,0.4
raw/fastf1/2019/United_States_Grand_Prix/R/laps.csv,1032,3.5,3.3,0.0,0.0,5.1,5.1,0.2,0.0
raw/fastf1/2020/70th_Anniversary_Grand_Prix/FP1/laps.csv,469,23.0,23.0,0.0,0.0,23.0,23.0,23.5,3.0
raw/fastf1/2020/70th_Anniversary_Grand_Prix/FP2/laps.csv,535,16.6,17.2,0.0,5.2,17.2,17.2,15.7,2.4
raw/fastf1/2020/70th_Anniversary_Grand_Prix/FP3/laps.csv,316,24.7,24.7,0.0,0.0,24.7,24.7,22.8,5.1
raw/fastf1/2020/70th_Anniversary_Grand_Prix/Q/laps.csv,270,31.9,31.9,0.0,0.0,32.2,32.2,36.3,0.7
raw/fastf1/2020/70th_Anniversary_Grand_Prix/R/laps.csv,1025,4.1,4.0,0.0,0.0,6.0,6.0,0.0,0.0
raw/fastf1/2020/Abu_Dhabi_Grand_Prix/FP1/laps.csv,489,19.4,19.4,0.0,4.7,19.4,19.4,25.6,0.0
raw/fastf1/2020/Abu_Dhabi_Grand_Prix/FP2/laps.csv,605,17.7,17.7,0.0,0.0,17.7,17.7,24.6,0.3
raw/fastf1/2020/Abu_Dhabi_Grand_Prix/FP3/laps.csv,303,23.8,23.8,0.0,0.0,23.8,23.8,30.4,0.3
raw/fastf1/2020/Abu_Dhabi_Grand_Prix/Q/laps.csv,266,32.0,32.0,0.0,0.0,32.0,32.0,32.7,0.4
raw/fastf1/2020/Abu_Dhabi_Grand_Prix/R/laps.csv,1044,2.2,2.2,5.5,4.1,4.1,4.1,2.3,0.0
raw/fastf1/2020/Austrian_Grand_Prix/FP1/laps.csv,584,20.4,20.5,0.0,6.3,20.5,20.5,17.6,1.0
raw/fastf1/2020/Austrian_Grand_Prix/FP2/laps.csv,868,12.7,12.7,0.0,0.0,12.7,12.7,8.2,1.3
raw/fastf1/2020/Austrian_Grand_Prix/FP3/laps.csv,372,21.2,21.8,0.0,0.0,21.8,21.5,23.9,1.6
raw/fastf1/2020/Austrian_Grand_Prix/Q/laps.csv,298,28.9,29.9,0.0,0.0,29.9,29.9,31.9,0.7
raw/fastf1/2020/Austrian_Grand_Prix/R/laps.csv,1061,4.0,3.6,25.3,0.0,8.7,8.7,1.7,1.5
raw/fastf1/2020/Bahrain_Grand_Prix/FP1/laps.csv,598,18.9,18.9,0.0,0.0,18.9,18.9,17.7,0.8
raw/fastf1/2020/Bahrain_Grand_Prix/FP2/laps.csv,611,18.7,18.7,0.0,0.0,18.7,18.7,16.4,0.3
raw/fastf1/2020/Bahrain_Grand_Prix/FP3/laps.csv,265,32.1,32.1,0.0,0.0,32.1,32.1,27.5,2.6
raw/fastf1/2020/Bahrain_Grand_Prix/Q/laps.csv,243,36.6,36.6,0.0,0.0,36.6,36.6,44.4,0.0
raw/fastf1/2020/Bahrain_Grand_Prix/R/laps.csv,1019,5.6,5.6,17.3,0.0,7.6,7.6,6.0,1.3
raw/fastf1/2020/Belgian_Grand_Prix/FP1/laps.csv,353,21.5,21.5,0.0,0.0,21.5,21.5,25.8,0.0
raw/fastf1/2020/Belgian_Grand_Prix/FP2/laps.csv,438,22.1,22.1,0.0,5.9,22.1,22.1,28.3,0.0
raw/fastf1/2020/Belgian_Grand_Prix/FP3/laps.csv,231,24.7,24.7,0.0,0.0,24.7,24.7,38.1,0.0
raw/fastf1/2020/Belgian_Grand_Prix/Q/laps.csv,243,33.7,33.7,0.0,0.0,33.7,33.7,39.9,0.0
raw/fastf1/2020/Belgian_Grand_Prix/R/laps.csv,768,2.6,2.6,10.8,0.0,5.1,5.1,8.5,0.0
raw/fastf1/2020/British_Grand_Prix/FP1/laps.csv,447,22.1,22.1,0.0,0.0,22.1,22.1,24.4,2.2
raw/fastf1/2020/British_Grand_Prix/FP2/laps.csv,570,17.7,17.7,0.0,0.0,17.7,17.7,15.6,1.4
raw/fastf1/2020/British_Grand_Prix/FP3/laps.csv,351,20.5,20.5,0.0,0.0,20.5,20.5,17.1,1.7
raw/fastf1/2020/British_Grand_Prix/Q/laps.csv,295,30.8,30.8,0.0,0.0,30.8,30.8,35.6,2.4
raw/fastf1/2020/British_Grand_Prix/R/laps.csv,897,2.5,2.5,21.3,0.0,4.6,4.6,9.4,2.3
raw/fastf1/2020/Eifel_Grand_Prix/FP3/laps.csv,495,19.2,19.2,0.0,0.0,19.4,19.4,12.9,0.2
raw/fastf1/2020/Eifel_Grand_Prix/Q/laps.csv,302,28.5,28.5,0.0,0.0,28.5,28.5,28.5,0.0
raw/fastf1/2020/Eifel_Grand_Prix/R/laps.csv,1019,3.5,3.2,8.8,2.6,5.2,5.2,0.8,1.0
raw/fastf1/2020/Emilia_Romagna_Grand_Prix/FP1/laps.csv,829,14.2,14.2,0.0,0.0,14.2,14.2,10.0,0.6
raw/fastf1/2020/Emilia_Romagna_Grand_Prix/Q/laps.csv,330,25.8,25.8,0.0,0.0,25.8,25.8,28.8,0.3
raw/fastf1/2020/Emilia_Romagna_Grand_Prix/R/laps.csv,1131,2.8,2.7,10.2,2.5,4.4,4.4,0.3,4.6
raw/fastf1/2020/Hungarian_Grand_Prix/FP1/laps.csv,582,17.2,17.2,0.0,0.0,17.2,17.2,12.9,0.0
raw/fastf1/2020/Hungarian_Grand_Prix/FP2/laps.csv,109,41.3,41.3,0.0,0.0,41.3,41.3,39.4,0.0
raw/fastf1/2020/Hungarian_Grand_Prix/FP3/laps.csv,365,21.6,21.6,0.0,0.0,21.6,21.6,15.6,0.3
raw/fastf1/2020/Hungarian_Grand_Prix/Q/laps.csv,324,29.0,29.0,0.0,0.0,29.0,29.0,29.6,0.0
raw/fastf1/2020/Hungarian_Grand_Prix/R/laps.csv,1327,3.5,3.5,0.0,0.0,4.9,4.9,0.1,0.0
raw/fastf1/2020/Italian_Grand_Prix/FP1/laps.csv,503,18.1,18.1,0.0,0.0,18.1,18.1,18.3,1.0
raw/fastf1/2020/Italian_Grand_Prix/FP2/laps.csv,618,15.7,15.7,0.0,0.0,15.7,15.7,10.8,1.8
raw/fastf1/2020/Italian_Grand_Prix/FP3/laps.csv,274,30.3,30.7,0.0,0.0,30.7,30.7,29.6,0.7
raw/fastf1/2020/Italian_Grand_Prix/Q/laps.csv,284,32.4,32.4,0.0,0.0,32.4,32.4,35.6,0.0
raw/fastf1/2020/Italian_Grand_Prix/R/laps.csv,926,4.4,4.1,12.4,0.0,6.3,6.2,4.0,1.7
raw/fastf1/2020/Portuguese_Grand_Prix/FP1/laps.csv,652,14.7,14.7,0.0,0.0,14.7,14.7,11.7,0.0
raw/fastf1/2020/Portuguese_Grand_Prix/FP2/laps.csv,639,13.9,13.9,0.0,0.0,13.9,13.9,18.5,0.2
raw/fastf1/2020/Portuguese_Grand_Prix/FP3/laps.csv,418,18.2,18.2,0.0,0.0,18.2,18.2,18.4,0.0
raw/fastf1/2020/Portuguese_Grand_Prix/Q/laps.csv,381,21.0,21.0,0.0,0.0,21.0,21.0,22.8,0.0
raw/fastf1/2020/Portuguese_Grand_Prix/R/laps.csv,1288,2.0,1.9,0.0,0.0,3.5,3.5,0.0,0.0
raw/fastf1/2020/Russian_Grand_Prix/FP1/laps.csv,416,28.8,28.8,0.0,12.0,28.8,28.8,34.4,1.2
raw/fastf1/2020/Russian_Grand_Prix/FP2/laps.csv,660,16.8,16.8,0.0,0.0,16.8,16.8,13.9,1.2
raw/fastf1/2020/Russian_Grand_Prix/FP3/laps.csv,288,30.9,30.9,0.0,0.0,30.9,30.9,34.4,1.7
raw/fastf1/2020/Russian_Grand_Prix/Q/laps.csv,273,35.2,35.2,0.0,0.0,35.2,35.2,45.4,0.0
raw/fastf1/2020/Russian_Grand_Prix/R/laps.csv,948,2.5,2.5,9.7,2.4,4.6,4.6,7.8,0.0
raw/fastf1/2020/Sakhir_Grand_Prix/FP1/laps.csv,751,16.2,16.2,0.0,4.8,16.2,16.2,10.4,0.5
raw/fastf1/2020/Sakhir_Grand_Prix/FP2/laps.csv,908,11.0,11.0,0.0,0.0,11.0,11.0,6.8,0.4
raw/fastf1/2020/Sakhir_Grand_Prix/FP3/laps.csv,399,21.8,21.8,0.0,0.0,21.8,21.8,11.5,0.0
raw/fastf1/2020/Sakhir_Grand_Prix/Q/laps.csv,334,28.1,28.1,0.0,0.0,28.1,28.1,29.9,0.9
raw/fastf1/2020/Sakhir_Grand_Prix/R/laps.csv,1534,2.5,2.5,15.6,3.8,3.8,3.8,0.2,7.2
raw/fastf1/2020/Spanish_Grand_Prix/FP1/laps.csv,565,18.1,18.1,0.0,0.0,18.1,18.1,14.5,2.8
raw/fastf1/2020/Spanish_Grand_Prix/FP2/laps.csv,733,14.9,14.9,0.0,0.0,14.9,14.9,8.9,1.5
raw/fastf1/2020/Spanish_Grand_Prix/FP3/laps.csv,290,25.2,25.5,0.0,0.0,25.5,25.5,21.4,0.7
raw/fastf1/2020/Spanish_Grand_Prix/Q/laps.csv,260,33.5,33.5,0.0,0.0,33.5,33.5,37.3,0.0
raw/fastf1/2020/Spanish_Grand_Prix/R/laps.csv,1274,2.8,2.7,0.0,0.0,4.3,4.3,0.0,0.1
raw/fastf1/2020/Styrian_Grand_Prix/FP1/laps.csv,555,20.7,20.7,0.0,4.9,20.7,20.7,18.0,1.3
raw/fastf1/2020/Styrian_Grand_Prix/FP2/laps.csv,677,17.7,17.7,0.0,0.0,17.7,17.7,15.2,1.3
raw/fastf1/2020/Styrian_Grand_Prix/Q/laps.csv,495,12.3,12.3,0.0,0.0,12.3,12.3,14.5,0.0
raw/fastf1/2020/Styrian_Grand_Prix/R/laps.csv,1226,2.0,1.8,4.7,0.0,3.3,3.3,0.1,1.9
raw/fastf1/2020/Turkish_Grand_Prix/FP1/laps.csv,443,17.4,17.4,0.0,7.9,17.4,17.4,17.6,0.0
raw/fastf1/2020/Turkish_Grand_Prix/FP2/laps.csv,790,11.0,11.0,0.0,0.0,11.0,11.0,8.6,0.0
raw/fastf1/2020/Turkish_Grand_Prix/FP3/laps.csv,130,33.1,33.1,0.0,0.0,33.1,33.1,33.1,0.0
raw/fastf1/2020/Turkish_Grand_Prix/Q/laps.csv,378,27.5,27.5,0.0,0.0,27.5,27.5,34.4,0.0
raw/fastf1/2020/Turkish_Grand_Prix/R/laps.csv,1077,3.8,3.7,0.0,4.4,5.4,5.4,0.2,0.0
raw/fastf1/2020/Tuscan_Grand_Prix/FP1/laps.csv,570,19.1,19.1,0.0,0.0,19.1,19.1,15.4,2.6
raw/fastf1/2020/Tuscan_Grand_Prix/FP2/laps.csv,586,19.8,19.8,0.0,0.0,20.0,20.0,14.3,1.7
raw/fastf1/2020/Tuscan_Grand_Prix/FP3/laps.csv,285,31.2,31.2,0.0,0.0,31.2,31.2,20.7,5.3
raw/fastf1/2020/Tuscan_Grand_Prix/Q/laps.csv,239,34.3,34.3,0.0,0.0,34.3,34.3,36.8,0.0
raw/fastf1/2020/Tuscan_Grand_Prix/R/laps.csv,786,8.5,8.4,22.4,0.0,10.9,10.9,7.6,0.0
raw/fastf1/2021/Abu_Dhabi_Grand_Prix/FP1/laps.csv,504,16.1,16.1,0.0,0.0,16.1,16.1,21.0,2.6
raw/fastf1/2021/Abu_Dhabi_Grand_Prix/FP2/laps.csv,533,14.8,14.8,0.0,0.0,14.8,14.8,15.4,3.8
raw/fastf1/2021/Abu_Dhabi_Grand_Prix/FP3/laps.csv,409,23.2,23.2,0.0,0.0,23.2,23.2,20.0,2.2
raw/fastf1/2021/Abu_Dhabi_Grand_Prix/Q/laps.csv,328,28.0,28.7,0.0,0.0,28.7,28.7,32.3,2.7
raw/fastf1/2021/Abu_Dhabi_Grand_Prix/R/laps.csv,1000,3.2,2.9,8.2,4.5,4.8,4.8,1.1,1.3
raw/fastf1/2021/Austrian_Grand_Prix/FP1/laps.csv,624,15.5,15.5,0.0,0.0,15.5,15.5,11.9,3.8
raw/fastf1/2021/Austrian_Grand_Prix/FP2/laps.csv,699,13.6,13.6,0.0,0.0,13.6,13.6,10.6,4.4
raw/fastf1/2021/Austrian_Grand_Prix/FP3/laps.csv,473,22.8,22.8,0.0,0.0,22.8,22.8,15.2,0.6
raw/fastf1/2021/Austrian_Grand_Prix/Q/laps.csv,299,28.8,29.8,0.0,0.0,29.8,29.8,32.4,0.0
raw/fastf1/2021/Austrian_Grand_Prix/R/laps.csv,1338,2.1,2.0,4.3,0.0,3.5,3.5,0.1,1.9
raw/fastf1/2021/Azerbaijan_Grand_Prix/FP1/laps.csv,426,16.7,16.7,0.0,4.9,16.7,16.7,18.5,0.0
raw/fastf1/2021/Azerbaijan_Grand_Prix/FP2/laps.csv,438,16.7,16.7,0.0,6.2,16.7,16.7,21.2,0.0
raw/fastf1/2021/Azerbaijan_Grand_Prix/FP3/laps.csv,299,23.4,23.7,0.0,8.7,23.7,23.7,31.4,0.0
raw/fastf1/2021/Azerbaijan_Grand_Prix/Q/laps.csv,284,31.7,35.2,0.0,0.0,35.2,34.9,53.5,0.0
raw/fastf1/2021/Azerbaijan_Grand_Prix/R/laps.csv,943,6.4,6.2,14.2,0.0,8.3,8.3,11.8,0.0
raw/fastf1/2021/Bahrain_Grand_Prix/FP1/laps.csv,361,24.7,24.7,0.0,0.0,24.7,24.7,28.5,1.4
raw/fastf1/2021/Bahrain_Grand_Prix/FP2/laps.csv,481,18.7,18.7,0.0,0.0,18.7,18.7,16.6,0.2
raw/fastf1/2021/Bahrain_Grand_Prix/FP3/laps.csv,273,32.6,32.6,0.0,0.0,32.6,32.6,35.2,1.8
raw/fastf1/2021/Bahrain_Grand_Prix/Q/laps.csv,251,34.3,34.3,0.0,0.0,34.3,34.3,37.5,0.0
raw/fastf1/2021/Bahrain_Grand_Prix/R/laps.csv,1027,4.2,4.0,5.6,3.7,5.8,5.8,0.9,0.2
raw/fastf1/2021/Belgian_Grand_Prix/FP1/laps.csv,353,24.9,24.9,0.0,0.0,24.9,24.9,28.0,0.0
raw/fastf1/2021/Belgian_Grand_Prix/FP2/laps.csv,293,23.5,25.6,0.0,0.0,25.6,25.6,37.9,0.0
raw/fastf1/2021/Belgian_Grand_Prix/FP3/laps.csv,271,23.2,23.2,0.0,0.0,23.2,23.2,23.6,0.0
raw/fastf1/2021/Belgian_Grand_Prix/Q/laps.csv,344,26.5,26.5,0.0,0.0,26.5,26.5,33.4,0.0
raw/fastf1/2021/Belgian_Grand_Prix/R/laps.csv,60,33.3,33.3,0.0,0.0,33.3,33.3,66.7,0.0
raw/fastf1/2021/British_Grand_Prix/FP1/laps.csv,518,16.4,16.4,0.0,0.0,16.4,16.4,16.8,1.9
raw/fastf1/2021/British_Grand_Prix/FP2/laps.csv,565,14.5,14.5,0.0,0.0,14.5,14.5,10.6,0.0
raw/fastf1/2021/British_Grand_Prix/Q/laps.csv,302,28.8,29.5,0.0,0.0,29.5,29.5,31.1,3.3
raw/fastf1/2021/British_Grand_Prix/R/laps.csv,970,4.3,4.3,4.0,0.0,6.3,6.3,4.6,0.2
raw/fastf1/2021/British_Grand_Prix/S/laps.csv,339,0.3,0.0,0.0,0.0,5.9,5.9,5.9,0.0
raw/fastf1/2021/British_Grand_Prix/SQ/laps.csv,339,0.3,0.0,0.0,0.0,5.9,5.9,5.9,0.0
raw/fastf1/2021/Dutch_Grand_Prix/FP1/laps.csv,325,13.8,14.2,0.0,0.0,14.5,14.2,17.2,2.2
raw/fastf1/2021/Dutch_Grand_Prix/FP2/laps.csv,537,19.4,19.4,0.0,0.0,19.6,19.6,20.3,3.2
raw/fastf1/2021/Dutch_Grand_Prix/FP3/laps.csv,393,22.1,22.1,0.0,0.0,22.1,22.1,21.1,2.8
raw/fastf1/2021/Dutch_Grand_Prix/Q/laps.csv,280,31.4,32.5,0.0,0.0,32.5,32.5,38.2,2.1
raw/fastf1/2021/Dutch_Grand_Prix/R/laps.csv,1361,2.4,2.3,0.0,0.0,3.6,3.6,0.0,0.0
raw/fastf1/2021/Emilia_Romagna_Grand_Prix/FP1/laps.csv,407,17.0,17.2,0.0,0.0,17.2,17.2,18.2,0.7
raw/fastf1/2021/Emilia_Romagna_Grand_Prix/FP2/laps.csv,501,15.4,15.8,0.0,6.0,15.8,15.8,14.8,0.8
raw/fastf1/2021/Emilia_Romagna_Grand_Prix/FP3/laps.csv,394,22.1,22.3,0.0,0.0,22.3,22.1,21.3,1.0
raw/fastf1/2021/Emilia_Romagna_Grand_Prix/Q/laps.csv,318,31.4,31.4,0.0,0.0,31.4,31.4,39.9,0.9
raw/fastf1/2021/Emilia_Romagna_Grand_Prix/R/laps.csv,1127,5.1,5.1,13.9,0.0,6.7,6.7,2.9,5.9
raw/fastf1/2021/French_Grand_Prix/FP1/laps.csv,432,19.4,19.4,0.0,0.0,19.7,19.7,18.5,0.7
raw/fastf1/2021/French_Grand_Prix/FP2/laps.csv,483,18.4,18.4,0.0,4.6,18.4,18.4,25.5,1.9
raw/fastf1/2021/French_Grand_Prix/FP3/laps.csv,304,28.9,28.9,0.0,0.0,28.9,28.9,37.2,3.0
raw/fastf1/2021/French_Grand_Prix/Q/laps.csv,270,36.3,36.7,0.0,0.0,36.7,36.7,56.3,1.1
raw/fastf1/2021/French_Grand_Prix/R/laps.csv,1051,2.1,2.2,0.0,0.0,4.0,4.0,0.0,0.0
raw/fastf1/2021/Hungarian_Grand_Prix/FP1/laps.csv,462,18.6,18.6,0.0,0.0,18.8,18.8,17.3,2.2
raw/fastf1/2021/Hungarian_Grand_Prix/FP2/laps.csv,532,17.9,17.9,0.0,0.0,17.9,17.9,12.0,2.1
raw/fastf1/2021/Hungarian_Grand_Prix/FP3/laps.csv,321,25.9,26.2,0.0,0.0,26.2,25.9,20.9,0.9
raw/fastf1/2021/Hungarian_Grand_Prix/Q/laps.csv,253,32.0,32.4,0.0,0.0,32.4,32.0,37.5,1.6
raw/fastf1/2021/Hungarian_Grand_Prix/R/laps.csv,985,5.5,5.4,3.7,0.0,7.3,7.3,3.6,0.0
raw/fastf1/2021/Italian_Grand_Prix/FP1/laps.csv,527,17.5,17.5,0.0,0.0,17.5,17.5,14.0,1.5
raw/fastf1/2021/Italian_Grand_Prix/FP2/laps.csv,482,18.7,18.7,0.0,0.0,18.7,18.7,11.8,0.0
raw/fastf1/2021/Italian_Grand_Prix/Q/laps.csv,290,31.0,31.0,0.0,0.0,31.0,31.0,34.8,1.0
raw/fastf1/2021/Italian_Grand_Prix/R/laps.csv,892,2.6,2.5,9.5,5.3,4.6,4.6,4.0,2.1
raw/fastf1/2021/Italian_Grand_Prix/S/laps.csv,343,0.3,0.3,16.9,0.0,6.1,6.1,12.0,5.0
raw/fastf1/2021/Italian_Grand_Prix/SQ/laps.csv,343,0.3,0.3,16.9,0.0,6.1,6.1,12.0,5.0
raw/fastf1/2021/Mexico_City_Grand_Prix/FP1/laps.csv,500,15.8,15.8,0.0,7.2,15.8,15.8,12.6,1.6
raw/fastf1/2021/Mexico_City_Grand_Prix/FP2/laps.csv,527,15.0,15.0,0.0,0.0,15.0,15.0,10.4,0.2
raw/fastf1/2021/Mexico_City_Grand_Prix/FP3/laps.csv,342,26.9,26.9,0.0,0.0,26.9,26.9,14.9,0.6
raw/fastf1/2021/Mexico_City_Grand_Prix/Q/laps.csv,311,31.2,32.2,0.0,0.0,32.2,32.2,38.6,1.0
raw/fastf1/2021/Mexico_City_Grand_Prix/R/laps.csv,1261,2.0,2.0,5.9,0.0,3.6,3.6,0.2,2.7
raw/fastf1/2021/Monaco_Grand_Prix/FP1/laps.csv,666,10.1,10.1,0.0,3.2,10.1,10.1,7.8,1.4
raw/fastf1/2021/Monaco_Grand_Prix/FP2/laps.csv,536,11.4,12.3,0.0,0.0,12.3,12.3,9.9,0.0
raw/fastf1/2021/Monaco_Grand_Prix/FP3/laps.csv,450,12.7,14.0,0.0,0.0,14.0,14.0,10.9,0.0
raw/fastf1/2021/Monaco_Grand_Prix/Q/laps.csv,425,18.4,18.4,0.0,0.0,18.4,18.4,17.4,0.0
raw/fastf1/2021/Monaco_Grand_Prix/R/laps.csv,1420,1.4,1.3,0.0,0.0,2.7,2.7,0.1,0.0
raw/fastf1/2021/Portuguese_Grand_Prix/FP1/laps.csv,559,13.6,13.4,0.0,0.0,13.6,13.6,12.9,0.0
raw/fastf1/2021/Portuguese_Grand_Prix/FP2/laps.csv,607,13.5,13.5,0.0,0.0,13.5,13.5,10.0,0.0
raw/fastf1/2021/Portuguese_Grand_Prix/FP3/laps.csv,426,19.5,19.5,0.0,7.5,19.5,19.5,14.1,0.0
raw/fastf1/2021/Portuguese_Grand_Prix/Q/laps.csv,364,23.6,23.6,0.0,0.0,23.6,23.6,26.4,0.5
raw/fastf1/2021/Portuguese_Grand_Prix/R/laps.csv,1245,4.8,4.8,7.7,0.0,6.4,6.4,0.1,0.5
raw/fastf1/2021/Qatar_Grand_Prix/FP1/laps.csv,447,18.3,18.3,0.0,0.0,18.3,18.3,16.1,3.1
raw/fastf1/2021/Qatar_Grand_Prix/FP2/laps.csv,484,18.2,18.2,0.0,0.0,18.2,18.2,14.7,3.7
raw/fastf1/2021/Qatar_Grand_Prix/FP3/laps.csv,311,27.0,27.0,0.0,0.0,27.0,27.0,25.4,3.2
raw/fastf1/2021/Qatar_Grand_Prix/Q/laps.csv,310,29.4,29.4,0.0,0.0,29.7,29.7,32.6,1.9
raw/fastf1/2021/Qatar_Grand_Prix/R/laps.csv,1114,2.8,2.7,0.0,4.2,4.5,4.5,0.3,0.0
raw/fastf1/2021/Russian_Grand_Prix/FP1/laps.csv,449,17.1,17.1,0.0,5.6,17.1,17.1,20.3,0.7
raw/fastf1/2021/Russian_Grand_Prix/FP2/laps.csv,404,21.5,21.5,0.0,0.0,21.5,21.5,28.5,1.5
raw/fastf1/2021/Russian_Grand_Prix/Q/laps.csv,361,19.7,19.7,0.0,0.0,19.7,19.7,21.9,0.0
raw/fastf1/2021/Russian_Grand_Prix/R/laps.csv,1025,4.0,3.8,0.0,0.0,5.8,5.8,0.6,0.0
raw/fastf1/2021/Saudi_Arabian_Grand_Prix/FP1/laps.csv,510,15.1,15.1,0.0,0.0,15.1,15.1,18.2,2.2
raw/fastf1/2021/Saudi_Arabian_Grand_Prix/FP2/laps.csv,431,16.0,17.4,0.0,0.0,17.4,17.4,23.0,3.5
raw/fastf1/2021/Saudi_Arabian_Grand_Prix/FP3/laps.csv,393,22.1,22.1,0.0,0.0,22.1,22.1,24.7,3.6
raw/fastf1/2021/Saudi_Arabian_Grand_Prix/Q/laps.csv,359,21.7,22.0,0.0,0.0,22.0,22.0,24.5,5.3
raw/fastf1/2021/Saudi_Arabian_Grand_Prix/R/laps.csv,845,5.7,5.6,10.1,17.9,7.9,7.9,13.5,0.7
raw/fastf1/2021/Spanish_Grand_Prix/FP1/laps.csv,454,17.6,17.6,0.0,0.0,17.6,17.6,16.5,1.5
raw/fastf1/2021/Spanish_Grand_Prix/FP2/laps.csv,577,16.5,16.5,0.0,4.7,16.5,16.5,11.1,1.2
raw/fastf1/2021/Spanish_Grand_Prix/FP3/laps.csv,335,30.4,30.4,0.0,0.0,30.4,30.4,17.6,4.2
raw/fastf1/2021/Spanish_Grand_Prix/Q/laps.csv,257,33.1,33.1,0.0,0.0,33.1,33.1,37.0,0.0
raw/fastf1/2021/Spanish_Grand_Prix/R/laps.csv,1247,3.0,3.0,4.7,0.0,4.6,4.6,0.2,1.3
raw/fastf1/2021/Styrian_Grand_Prix/FP1/laps.csv,660,13.8,13.8,0.0,0.0,13.8,13.8,10.0,4.1
raw/fastf1/2021/Styrian_Grand_Prix/FP2/laps.csv,687,12.7,12.7,0.0,0.0,12.7,12.7,9.0,1.7
raw/fastf1/2021/Styrian_Grand_Prix/FP3/laps.csv,431,19.0,19.3,0.0,0.0,19.3,19.3,14.2,3.2
raw/fastf1/2021/Styrian_Grand_Prix/Q/laps.csv,314,27.4,28.3,0.0,0.0,28.3,28.3,30.3,0.6
raw/fastf1/2021/Styrian_Grand_Prix/R/laps.csv,1296,2.0,1.9,0.0,0.0,3.4,3.4,0.2,0.1
raw/fastf1/2021/São_Paulo_Grand_Prix/FP1/laps.csv,563,17.9,17.9,0.0,0.0,17.9,17.9,11.9,0.9
raw/fastf1/2021/São_Paulo_Grand_Prix/FP2/laps.csv,619,16.8,16.8,0.0,0.0,16.8,16.8,6.5,0.0
raw/fastf1/2021/São_Paulo_Grand_Prix/Q/laps.csv,323,29.7,29.7,0.0,0.0,29.7,29.7,31.0,2.5
raw/fastf1/2021/São_Paulo_Grand_Prix/R/laps.csv,1360,6.0,5.9,6.0,6.5,7.3,7.3,0.0,0.0
raw/fastf1/2021/São_Paulo_Grand_Prix/S/laps.csv,480,0.0,0.0,0.0,0.0,4.2,4.2,4.2,0.0
raw/fastf1/2021/São_Paulo_Grand_Prix/SQ/laps.csv,480,0.0,0.0,0.0,0.0,4.2,4.2,4.2,0.0
raw/fastf1/2021/Turkish_Grand_Prix/FP1/laps.csv,529,17.0,17.0,0.0,0.0,17.0,17.0,13.0,2.1
raw/fastf1/2021/Turkish_Grand_Prix/FP2/laps.csv,561,15.7,15.9,0.0,0.0,15.9,15.9,13.2,1.4
raw/fastf1/2021/Turkish_Grand_Prix/FP3/laps.csv,295,24.1,24.4,0.0,0.0,24.4,24.4,25.8,0.7
raw/fastf1/2021/Turkish_Grand_Prix/Q/laps.csv,395,22.5,22.5,0.0,0.0,22.5,22.5,23.8,0.3
raw/fastf1/2021/Turkish_Grand_Prix/R/laps.csv,1147,1.7,1.7,0.0,0.0,3.5,3.5,0.1,0.0
raw/fastf1/2021/United_States_Grand_Prix/FP1/laps.csv,362,21.8,21.8,0.0,0.0,21.8,21.8,30.9,0.0
raw/fastf1/2021/United_States_Grand_Prix/FP2/laps.csv,471,17.0,17.0,0.0,0.0,17.0,17.0,23.1,0.4
raw/fastf1/2021/United_States_Grand_Prix/FP3/laps.csv,283,33.2,33.2,0.0,0.0,33.2,33.2,41.3,0.4
raw/fastf1/2021/United_States_Grand_Prix/Q/laps.csv,249,31.3,32.1,0.0,0.0,32.1,32.1,36.1,0.0
raw/fastf1/2021/United_States_Grand_Prix/R/laps.csv,1044,4.2,3.9,0.0,2.3,5.8,5.8,0.0,0.0
raw/fastf1/2022/Abu_Dhabi_Grand_Prix/FP1/laps.csv,476,16.4,16.4,0.0,0.0,16.4,16.4,18.1,2.3
raw/fastf1/2022/Abu_Dhabi_Grand_Prix/FP2/laps.csv,543,14.9,14.9,0.0,0.0,14.9,14.9,15.3,3.1
raw/fastf1/2022/Abu_Dhabi_Grand_Prix/FP3/laps.csv,349,23.2,23.2,0.0,0.0,23.2,23.2,28.1,2.3
raw/fastf1/2022/Abu_Dhabi_Grand_Prix/Q/laps.csv,287,31.0,31.0,0.0,0.0,31.0,31.0,31.7,0.7
raw/fastf1/2022/Abu_Dhabi_Grand_Prix/R/laps.csv,1117,3.0,2.8,0.0,0.0,4.6,4.6,0.0,0.0
raw/fastf1/2022/Australian_Grand_Prix/FP1/laps.csv,453,17.7,17.7,0.0,0.0,17.7,17.7,15.0,1.8
raw/fastf1/2022/Australian_Grand_Prix/FP2/laps.csv,469,19.8,19.8,0.0,0.0,19.8,19.8,16.2,0.9
raw/fastf1/2022/Australian_Grand_Prix/FP3/laps.csv,285,28.1,28.1,0.0,0.0,28.1,28.1,22.5,1.4
raw/fastf1/2022/Australian_Grand_Prix/Q/laps.csv,338,25.7,25.7,0.0,0.0,25.7,25.7,27.2,2.7
raw/fastf1/2022/Australian_Grand_Prix/R/laps.csv,1045,2.1,2.1,14.3,5.3,4.0,4.0,1.8,7.5
raw/fastf1/2022/Austrian_Grand_Prix/FP1/laps.csv,583,16.0,16.0,0.0,0.0,16.0,16.0,16.0,0.9
raw/fastf1/2022/Austrian_Grand_Prix/FP2/laps.csv,676,14.2,14.2,0.0,0.0,14.2,14.2,8.0,0.3
raw/fastf1/2022/Austrian_Grand_Prix/Q/laps.csv,368,26.6,27.4,0.0,0.0,27.4,27.4,29.9,2.7
raw/fastf1/2022/Austrian_Grand_Prix/R/laps.csv,1324,3.3,3.2,0.0,3.5,5.0,5.0,0.1,0.0
raw/fastf1/2022/Azerbaijan_Grand_Prix/FP1/laps.csv,416,16.3,16.3,0.0,18.0,16.3,16.3,30.0,0.0
raw/fastf1/2022/Azerbaijan_Grand_Prix/FP2/laps.csv,472,15.5,15.5,0.0,0.0,15.5,15.5,19.9,0.0
raw/fastf1/2022/Azerbaijan_Grand_Prix/FP3/laps.csv,348,23.3,23.3,0.0,0.0,23.3,23.3,31.6,0.0
raw/fastf1/2022/Azerbaijan_Grand_Prix/Q/laps.csv,317,30.0,30.0,0.0,0.0,30.0,30.0,36.3,0.0
raw/fastf1/2022/Azerbaijan_Grand_Prix/R/laps.csv,891,3.4,3.0,0.0,9.3,5.3,5.4,2.1,0.0
raw/fastf1/2022/Bahrain_Grand_Prix/FP1/laps.csv,387,19.9,19.9,0.0,0.0,19.9,19.9,21.4,0.0
raw/fastf1/2022/Bahrain_Grand_Prix/FP2/laps.csv,475,17.3,17.3,0.0,0.0,17.3,17.3,15.6,0.2
raw/fastf1/2022/Bahrain_Grand_Prix/FP3/laps.csv,324,25.3,25.3,0.0,0.0,25.3,25.3,24.7,0.6
raw/fastf1/2022/Bahrain_Grand_Prix/Q/laps.csv,256,32.8,32.8,0.0,0.0,32.8,32.8,35.5,1.2
raw/fastf1/2022/Bahrain_Grand_Prix/R/laps.csv,1125,5.2,5.2,10.2,2.1,6.9,6.9,0.6,0.5
raw/fastf1/2022/Belgian_Grand_Prix/FP1/laps.csv,255,29.8,30.2,0.0,0.0,30.2,30.2,45.9,0.0
raw/fastf1/2022/Belgian_Grand_Prix/FP2/laps.csv,374,22.7,22.7,0.0,0.0,22.7,22.7,32.9,0.0
raw/fastf1/2022/Belgian_Grand_Prix/FP3/laps.csv,356,21.9,21.9,0.0,0.0,21.9,21.9,33.7,0.0
raw/fastf1/2022/Belgian_Grand_Prix/Q/laps.csv,240,34.2,34.2,0.0,0.0,34.2,34.2,39.2,0.0
raw/fastf1/2022/Belgian_Grand_Prix/R/laps.csv,792,4.8,5.1,6.9,0.0,7.3,7.3,5.1,0.0
raw/fastf1/2022/British_Grand_Prix/FP1/laps.csv,80,51.2,52.5,0.0,0.0,52.5,52.5,57.5,0.0
raw/fastf1/2022/British_Grand_Prix/FP2/laps.csv,471,14.9,14.9,0.0,0.0,14.9,14.9,13.8,0.2
raw/fastf1/2022/British_Grand_Prix/FP3/laps.csv,422,20.4,20.4,0.0,0.0,20.4,20.4,17.8,1.9
raw/fastf1/2022/British_Grand_Prix/Q/laps.csv,392,14.0,14.5,0.0,0.0,14.5,14.5,12.8,0.0
raw/fastf1/2022/British_Grand_Prix/R/laps.csv,815,6.0,5.8,7.9,0.0,8.2,8.2,5.2,0.4
raw/fastf1/2022/Canadian_Grand_Prix/FP1/laps.csv,584,13.0,13.0,0.0,0.0,13.0,13.0,11.3,3.3
raw/fastf1/2022/Canadian_Grand_Prix/FP2/laps.csv,599,13.5,13.5,0.0,3.8,13.5,13.5,10.2,4.0
raw/fastf1/2022/Canadian_Grand_Prix/FP3/laps.csv,303,20.8,20.8,0.0,0.0,20.8,20.8,17.5,0.0
raw/fastf1/2022/Canadian_Grand_Prix/Q/laps.csv,432,17.4,17.4,0.0,0.0,17.6,17.6,15.7,0.0
raw/fastf1/2022/Canadian_Grand_Prix/R/laps.csv,1264,2.5,2.5,8.9,6.2,4.0,4.0,0.2,2.5
raw/fastf1/2022/Dutch_Grand_Prix/FP1/laps.csv,560,15.0,15.2,0.0,3.8,15.2,15.0,13.9,2.1
raw/fastf1/2022/Dutch_Grand_Prix/FP2/laps.csv,480,19.4,19.4,0.0,0.0,19.4,19.4,20.6,4.4
raw/fastf1/2022/Dutch_Grand_Prix/FP3/laps.csv,398,20.6,20.6,0.0,0.0,20.6,20.6,15.6,0.5
raw/fastf1/2022/Dutch_Grand_Prix/Q/laps.csv,279,30.5,32.6,0.0,0.0,32.6,32.6,32.3,0.0
raw/fastf1/2022/Dutch_Grand_Prix/R/laps.csv,1392,5.2,5.1,7.4,4.5,6.5,6.5,0.3,1.4
raw/fastf1/2022/Emilia_Romagna_Grand_Prix/FP1/laps.csv,380,18.9,18.9,0.0,0.0,18.9,18.9,25.0,0.0
raw/fastf1/2022/Emilia_Romagna_Grand_Prix/FP2/laps.csv,570,15.3,15.3,0.0,0.0,15.3,15.3,7.9,0.4
raw/fastf1/2022/Emilia_Romagna_Grand_Prix/Q/laps.csv,338,28.1,29.9,0.0,0.0,29.9,29.9,40.5,0.0
raw/fastf1/2022/Emilia_Romagna_Grand_Prix/R/laps.csv,1132,2.3,2.3,6.8,0.0,4.0,4.0,0.5,1.8
raw/fastf1/2022/Emilia_Romagna_Grand_Prix/sprint/laps.csv,400,0.2,0.2,19.2,0.0,5.2,5.2,5.0,12.2
raw/fastf1/2022/French_Grand_Prix/FP1/laps.csv,435,20.0,20.0,0.0,0.0,20.0,20.0,27.8,0.7
raw/fastf1/2022/French_Grand_Prix/FP2/laps.csv,464,18.1,18.1,0.0,0.0,18.1,18.1,27.2,1.5
raw/fastf1/2022/French_Grand_Prix/FP3/laps.csv,368,21.7,21.7,0.0,0.0,21.7,21.7,35.9,1.4
raw/fastf1/2022/French_Grand_Prix/Q/laps.csv,262,31.3,31.3,0.0,0.0,31.3,31.3,55.0,1.1
raw/fastf1/2022/French_Grand_Prix/R/laps.csv,958,2.9,2.6,5.8,3.0,4.7,4.7,1.4,0.2
raw/fastf1/2022/Hungarian_Grand_Prix/FP1/laps.csv,512,18.4,18.4,0.0,0.0,18.4,18.4,15.6,4.3
raw/fastf1/2022/Hungarian_Grand_Prix/FP2/laps.csv,557,17.4,17.4,0.0,0.0,17.4,17.4,13.1,2.7
raw/fastf1/2022/Hungarian_Grand_Prix/FP3/laps.csv,308,26.0,26.0,0.0,0.0,26.0,26.0,29.9,0.0
raw/fastf1/2022/Hungarian_Grand_Prix/Q/laps.csv,334,27.2,27.2,0.0,0.0,27.2,27.2,28.7,5.4
raw/fastf1/2022/Hungarian_Grand_Prix/R/laps.csv,1383,3.0,3.1,0.0,7.2,4.5,4.5,0.1,0.0
raw/fastf1/2022/Italian_Grand_Prix/FP1/laps.csv,509,15.7,15.7,0.0,0.0,15.7,15.7,13.6,0.8
raw/fastf1/2022/Italian_Grand_Prix/FP2/laps.csv,507,17.8,17.8,0.0,0.0,17.8,17.8,16.8,0.6
raw/fastf1/2022/Italian_Grand_Prix/FP3/laps.csv,384,19.8,19.8,0.0,0.0,19.8,19.8,17.7,3.6
raw/fastf1/2022/Italian_Grand_Prix/Q/laps.csv,260,30.0,31.2,0.0,0.0,31.2,31.2,34.6,0.0
raw/fastf1/2022/Italian_Grand_Prix/R/laps.csv,971,3.1,2.9,11.1,2.6,4.9,4.9,0.3,0.3
raw/fastf1/2022/Japanese_Grand_Prix/FP1/laps.csv,197,28.4,29.9,0.0,0.0,29.9,28.9,31.0,0.0
raw/fastf1/2022/Japanese_Grand_Prix/FP2/laps.csv,345,23.2,23.2,0.0,0.0,23.2,23.2,23.2,0.0
raw/fastf1/2022/Japanese_Grand_Prix/FP3/laps.csv,498,16.1,16.1,0.0,0.0,16.1,16.1,17.3,0.6
raw/fastf1/2022/Japanese_Grand_Prix/Q/laps.csv,253,32.0,33.6,0.0,0.0,33.6,33.2,33.6,0.4
raw/fastf1/2022/Japanese_Grand_Prix/R/laps.csv,507,8.3,8.5,7.5,0.0,12.2,12.2,14.8,0.0
raw/fastf1/2022/Mexico_City_Grand_Prix/FP1/laps.csv,407,17.0,17.7,0.0,0.0,17.7,17.7,22.4,0.5
raw/fastf1/2022/Mexico_City_Grand_Prix/FP2/laps.csv,599,16.2,16.4,0.0,0.0,16.4,16.4,19.9,0.0
raw/fastf1/2022/Mexico_City_Grand_Prix/FP3/laps.csv,440,19.1,19.1,0.0,0.0,19.1,19.1,14.3,0.0
raw/fastf1/2022/Mexico_City_Grand_Prix/Q/laps.csv,298,28.9,28.9,0.0,0.0,28.9,28.9,31.2,0.7
raw/fastf1/2022/Mexico_City_Grand_Prix/R/laps.csv,1379,1.7,1.7,0.0,2.0,3.1,3.1,0.1,0.0
raw/fastf1/2022/Miami_Grand_Prix/FP1/laps.csv,462,14.5,14.7,0.0,0.0,14.7,14.7,19.0,0.2
raw/fastf1/2022/Miami_Grand_Prix/FP2/laps.csv,357,19.6,19.6,0.0,0.0,19.6,19.6,23.5,0.6
raw/fastf1/2022/Miami_Grand_Prix/FP3/laps.csv,384,19.5,19.5,0.0,0.0,19.5,19.5,19.5,0.3
raw/fastf1/2022/Miami_Grand_Prix/Q/laps.csv,333,26.7,27.3,0.0,0.0,27.3,27.3,29.4,0.0
raw/fastf1/2022/Miami_Grand_Prix/R/laps.csv,1057,2.7,2.6,10.4,3.1,4.3,4.3,3.3,1.3
raw/fastf1/2022/Monaco_Grand_Prix/FP1/laps.csv,560,12.3,12.3,0.0,0.0,12.3,12.3,9.8,1.2
raw/fastf1/2022/Monaco_Grand_Prix/FP2/laps.csv,579,13.3,13.3,0.0,0.0,13.3,13.3,10.7,1.9
raw/fastf1/2022/Monaco_Grand_Prix/FP3/laps.csv,501,15.8,15.8,0.0,0.0,15.8,15.8,12.2,0.2
raw/fastf1/2022/Monaco_Grand_Prix/Q/laps.csv,404,25.0,25.5,0.0,0.0,25.5,25.5,24.3,0.5
raw/fastf1/2022/Monaco_Grand_Prix/R/laps.csv,1179,4.7,6.2,8.1,3.1,6.4,6.4,2.2,0.9
raw/fastf1/2022/Saudi_Arabian_Grand_Prix/FP1/laps.csv,439,15.5,15.5,0.0,0.0,15.5,15.5,20.5,0.9
raw/fastf1/2022/Saudi_Arabian_Grand_Prix/FP2/laps.csv,478,14.9,15.1,0.0,5.9,15.1,15.1,16.9,3.1
raw/fastf1/2022/Saudi_Arabian_Grand_Prix/FP3/laps.csv,341,23.2,23.2,0.0,0.0,23.2,23.2,21.4,1.8
raw/fastf1/2022/Saudi_Arabian_Grand_Prix/Q/laps.csv,327,27.8,28.4,0.0,0.0,28.4,28.4,34.9,0.9
raw/fastf1/2022/Saudi_Arabian_Grand_Prix/R/laps.csv,820,2.6,2.3,10.5,8.0,4.5,4.5,5.9,1.5
raw/fastf1/2022/Singapore_Grand_Prix/FP1/laps.csv,411,15.6,15.6,0.0,0.0,15.6,15.6,29.4,0.0
raw/fastf1/2022/Singapore_Grand_Prix/FP2/laps.csv,410,17.6,17.6,0.0,0.0,17.6,17.6,27.1,0.0
raw/fastf1/2022/Singapore_Grand_Prix/FP3/laps.csv,230,15.7,15.7,0.0,0.0,15.7,15.7,32.6,0.0
raw/fastf1/2022/Singapore_Grand_Prix/Q/laps.csv,339,21.5,21.8,0.0,0.0,21.8,21.8,30.4,0.0
raw/fastf1/2022/Singapore_Grand_Prix/R/laps.csv,945,2.4,2.3,12.3,10.9,4.3,4.3,11.4,0.0
raw/fastf1/2022/Spanish_Grand_Prix/FP1/laps.csv,488,17.2,17.2,0.0,0.0,17.2,17.2,15.6,0.2
raw/fastf1/2022/Spanish_Grand_Prix/FP2/laps.csv,509,16.7,16.9,0.0,7.5,16.9,16.9,12.8,0.6
raw/fastf1/2022/Spanish_Grand_Prix/FP3/laps.csv,355,26.2,26.2,0.0,0.0,26.2,26.2,20.8,0.8
raw/fastf1/2022/Spanish_Grand_Prix/Q/laps.csv,254,32.3,33.5,0.0,0.0,33.5,33.5,35.4,0.0
raw/fastf1/2022/Spanish_Grand_Prix/R/laps.csv,1230,4.5,4.3,0.0,0.0,5.9,5.9,0.0,0.0
raw/fastf1/2022/São_Paulo_Grand_Prix/FP1/laps.csv,572,16.1,16.1,0.0,0.0,16.1,16.1,11.9,2.1
raw/fastf1/2022/São_Paulo_Grand_Prix/FP2/laps.csv,677,11.8,11.8,0.0,0.0,11.8,11.8,7.4,0.4
raw/fastf1/2022/São_Paulo_Grand_Prix/Q/laps.csv,416,20.9,20.9,0.0,0.0,20.9,20.9,19.2,0.2
raw/fastf1/2022/São_Paulo_Grand_Prix/R/laps.csv,1259,3.5,3.6,17.0,3.6,5.1,5.1,0.2,6.8
raw/fastf1/2022/São_Paulo_Grand_Prix/sprint/laps.csv,469,0.2,0.2,0.0,0.0,4.5,4.5,4.5,0.0
raw/fastf1/2022/United_States_Grand_Prix/FP1/laps.csv,413,18.6,18.9,0.0,0.0,18.9,18.9,28.1,0.0
raw/fastf1/2022/United_States_Grand_Prix/FP2/laps.csv,554,15.7,15.7,0.0,0.0,15.7,15.7,15.5,0.0
raw/fastf1/2022/United_States_Grand_Prix/FP3/laps.csv,360,23.3,23.3,0.0,0.0,23.3,23.3,29.7,0.0
raw/fastf1/2022/United_States_Grand_Prix/Q/laps.csv,258,31.0,32.2,0.0,0.0,32.2,32.2,33.7,0.4
raw/fastf1/2022/United_States_Grand_Prix/R/laps.csv,992,3.7,3.7,14.3,0.0,5.6,5.6,7.5,0.0
raw/fastf1/2023/Abu_Dhabi_Grand_Prix/FP1/laps.csv,489,19.6,19.6,0.0,7.2,19.6,19.6,21.5,3.3
raw/fastf1/2023/Abu_Dhabi_Grand_Prix/FP2/laps.csv,318,23.0,23.6,0.0,0.0,23.6,23.6,31.4,2.8
raw/fastf1/2023/Abu_Dhabi_Grand_Prix/FP3/laps.csv,398,23.1,23.1,0.0,0.0,23.1,23.1,26.1,1.5
raw/fastf1/2023/Abu_Dhabi_Grand_Prix/Q/laps.csv,263,33.8,33.8,0.0,0.0,33.8,33.8,34.2,0.0
raw/fastf1/2023/Abu_Dhabi_Grand_Prix/R/laps.csv,1157,3.3,3.2,0.0,0.0,4.9,4.9,0.0,0.0
raw/fastf1/2023/Australian_Grand_Prix/FP1/laps.csv,394,17.8,18.5,0.0,0.0,18.5,18.5,15.2,0.8
raw/fastf1/2023/Australian_Grand_Prix/FP2/laps.csv,307,22.1,22.1,0.0,8.8,22.1,22.1,21.5,1.0
raw/fastf1/2023/Australian_Grand_Prix/FP3/laps.csv,453,17.2,17.2,0.0,0.0,17.2,17.2,14.3,0.2
raw/fastf1/2023/Australian_Grand_Prix/Q/laps.csv,419,19.6,19.6,0.0,0.0,19.6,19.6,20.8,1.2
raw/fastf1/2023/Australian_Grand_Prix/R/laps.csv,1003,6.5,6.7,13.1,3.5,8.5,8.5,10.2,2.0
raw/fastf1/2023/Austrian_Grand_Prix/FP1/laps.csv,604,15.6,15.6,0.0,6.6,15.6,15.6,10.9,3.5
raw/fastf1/2023/Austrian_Grand_Prix/Q/laps.csv,377,28.1,28.1,0.0,0.0,28.1,28.1,33.7,0.8
raw/fastf1/2023/Austrian_Grand_Prix/R/laps.csv,1354,4.7,4.8,4.4,3.7,6.1,6.1,0.1,0.0
raw/fastf1/2023/Austrian_Grand_Prix/S/laps.csv,480,2.3,2.5,0.0,0.0,6.5,6.5,4.2,0.0
raw/fastf1/2023/Austrian_Grand_Prix/Sprint Shootout/laps.csv,355,23.9,23.9,0.0,0.0,23.9,23.9,17.2,3.1
raw/fastf1/2023/Azerbaijan_Grand_Prix/FP1/laps.csv,390,14.1,14.6,0.0,8.5,14.6,14.6,27.7,0.0
raw/fastf1/2023/Azerbaijan_Grand_Prix/Q/laps.csv,356,28.4,28.4,0.0,0.0,28.4,28.4,40.7,0.0
raw/fastf1/2023/Azerbaijan_Grand_Prix/R/laps.csv,962,2.5,2.6,7.3,0.0,4.5,4.5,3.3,0.0
raw/fastf1/2023/Azerbaijan_Grand_Prix/S/laps.csv,308,1.6,1.6,17.9,12.3,7.5,7.5,23.7,0.0
raw/fastf1/2023/Azerbaijan_Grand_Prix/Sprint Shootout/laps.csv,233,17.6,18.5,0.0,0.0,18.5,18.5,39.5,0.0
raw/fastf1/2023/Bahrain_Grand_Prix/FP1/laps.csv,403,19.9,19.9,0.0,0.0,19.9,19.9,22.1,0.7
raw/fastf1/2023/Bahrain_Grand_Prix/FP2/laps.csv,522,15.5,15.5,0.0,0.0,15.5,15.5,15.1,0.8
raw/fastf1/2023/Bahrain_Grand_Prix/FP3/laps.csv,321,25.2,25.2,0.0,0.0,25.2,25.2,26.2,0.9
raw/fastf1/2023/Bahrain_Grand_Prix/Q/laps.csv,254,35.0,35.0,0.0,0.0,35.0,35.0,38.2,0.0
raw/fastf1/2023/Bahrain_Grand_Prix/R/laps.csv,1056,4.9,4.7,0.0,3.0,6.6,6.6,0.1,0.0
raw/fastf1/2023/Belgian_Grand_Prix/FP1/laps.csv,114,43.0,43.0,0.0,0.0,43.0,43.0,63.2,0.0
raw/fastf1/2023/Belgian_Grand_Prix/Q/laps.csv,341,25.8,25.8,0.0,0.0,25.8,25.8,33.1,0.0
raw/fastf1/2023/Belgian_Grand_Prix/R/laps.csv,816,4.7,4.7,0.0,0.0,7.0,7.0,0.1,0.0
raw/fastf1/2023/Belgian_Grand_Prix/S/laps.csv,209,5.3,9.6,27.8,0.0,14.4,14.4,28.2,0.0
raw/fastf1/2023/Belgian_Grand_Prix/Sprint Shootout/laps.csv,218,24.3,25.2,0.0,0.0,25.2,25.2,44.0,0.0
raw/fastf1/2023/British_Grand_Prix/FP1/laps.csv,469,19.4,19.4,0.0,0.0,19.4,19.4,19.6,2.1
raw/fastf1/2023/British_Grand_Prix/FP2/laps.csv,512,15.0,15.2,0.0,0.0,15.2,15.2,15.2,5.1
raw/fastf1/2023/British_Grand_Prix/FP3/laps.csv,341,22.9,22.9,0.0,0.0,22.9,22.9,26.7,2.3
raw/fastf1/2023/British_Grand_Prix/Q/laps.csv,386,27.2,27.2,0.0,0.0,27.2,27.2,29.5,0.8
raw/fastf1/2023/British_Grand_Prix/R/laps.csv,971,2.7,2.5,11.2,3.6,4.5,4.5,0.5,5.0
raw/fastf1/2023/Canadian_Grand_Prix/FP1/laps.csv,39,30.8,41.0,0.0,0.0,41.0,41.0,41.0,0.0
raw/fastf1/2023/Canadian_Grand_Prix/FP2/laps.csv,680,17.2,17.4,0.0,0.0,17.4,17.4,14.3,1.8
raw/fastf1/2023/Canadian_Grand_Prix/FP3/laps.csv,406,14.8,15.0,0.0,0.0,15.0,15.0,10.8,0.0
raw/fastf1/2023/Canadian_Grand_Prix/Q/laps.csv,421,24.5,24.5,0.0,0.0,24.5,24.5,19.5,0.0
raw/fastf1/2023/Canadian_Grand_Prix/R/laps.csv,1317,2.6,2.5,7.2,2.3,4.1,4.1,0.2,3.3
raw/fastf1/2023/Dutch_Grand_Prix/FP1/laps.csv,477,16.4,17.0,3.8,5.0,17.0,16.4,16.4,2.9
raw/fastf1/2023/Dutch_Grand_Prix/FP2/laps.csv,550,13.1,13.3,3.3,3.8,13.3,13.1,14.4,2.9
raw/fastf1/2023/Dutch_Grand_Prix/FP3/laps.csv,338,21.3,21.3,0.0,0.0,21.3,21.3,28.1,1.5
raw/fastf1/2023/Dutch_Grand_Prix/Q/laps.csv,472,20.1,20.1,0.0,0.0,20.1,20.1,18.6,0.2
raw/fastf1/2023/Dutch_Grand_Prix/R/laps.csv,1343,7.6,7.6,11.5,1.8,9.0,9.0,2.5,5.2
raw/fastf1/2023/Hungarian_Grand_Prix/FP1/laps.csv,179,38.5,38.5,0.0,0.0,38.5,38.5,48.6,0.0
raw/fastf1/2023/Hungarian_Grand_Prix/FP2/laps.csv,531,15.6,15.6,0.0,7.2,15.6,15.6,14.3,2.1
raw/fastf1/2023/Hungarian_Grand_Prix/FP3/laps.csv,453,21.0,21.0,0.0,0.0,21.0,21.0,17.7,0.9
raw/fastf1/2023/Hungarian_Grand_Prix/Q/laps.csv,330,28.2,28.2,0.0,0.0,28.5,28.5,31.2,3.6
raw/fastf1/2023/Hungarian_Grand_Prix/R/laps.csv,1252,3.1,2.9,0.0,0.0,4.5,4.5,0.0,0.0
raw/fastf1/2023/Italian_Grand_Prix/FP1/laps.csv,483,15.1,15.1,4.6,7.0,15.1,15.1,17.0,5.8
raw/fastf1/2023/Italian_Grand_Prix/FP2/laps.csv,397,24.2,24.2,4.5,5.0,24.2,24.2,36.0,5.0
raw/fastf1/2023/Italian_Grand_Prix/FP3/laps.csv,477,19.5,19.5,0.0,0.0,19.5,19.5,18.4,1.9
raw/fastf1/2023/Italian_Grand_Prix/Q/laps.csv,327,29.4,29.4,0.0,0.0,29.4,29.4,30.3,0.0
raw/fastf1/2023/Italian_Grand_Prix/R/laps.csv,958,2.7,2.6,0.0,0.0,4.7,4.7,1.0,0.0
raw/fastf1/2023/Japanese_Grand_Prix/FP1/laps.csv,474,16.7,16.7,0.0,0.0,16.7,16.7,26.8,1.7
raw/fastf1/2023/Japanese_Grand_Prix/FP2/laps.csv,438,18.5,20.1,0.0,0.0,20.1,20.1,26.5,1.1
raw/fastf1/2023/Japanese_Grand_Prix/FP3/laps.csv,300,27.0,27.0,0.0,0.0,27.0,27.0,35.0,2.3
raw/fastf1/2023/Japanese_Grand_Prix/Q/laps.csv,237,34.6,34.6,0.0,0.0,34.6,34.6,42.2,0.0
raw/fastf1/2023/Japanese_Grand_Prix/R/laps.csv,880,5.5,5.0,9.1,3.4,7.2,7.2,6.9,0.0
raw/fastf1/2023/Las_Vegas_Grand_Prix/FP1/laps.csv,68,23.5,29.4,0.0,0.0,29.4,29.4,45.6,0.0
raw/fastf1/2023/Las_Vegas_Grand_Prix/FP2/laps.csv,754,12.9,12.9,0.0,0.0,12.9,12.9,13.1,0.1
raw/fastf1/2023/Las_Vegas_Grand_Prix/FP3/laps.csv,343,16.0,17.5,0.0,0.0,17.5,17.5,19.5,0.0
raw/fastf1/2023/Las_Vegas_Grand_Prix/Q/laps.csv,352,21.3,21.3,0.0,0.0,21.3,21.3,22.4,0.0
raw/fastf1/2023/Las_Vegas_Grand_Prix/R/laps.csv,946,3.3,3.3,14.2,4.2,5.4,5.4,9.0,0.1
raw/fastf1/2023/Mexico_City_Grand_Prix/FP1/laps.csv,524,15.6,15.6,0.0,0.0,15.6,15.6,13.2,0.2
raw/fastf1/2023/Mexico_City_Grand_Prix/FP2/laps.csv,583,16.3,16.3,0.0,0.0,16.3,16.3,12.9,1.7
raw/fastf1/2023/Mexico_City_Grand_Prix/FP3/laps.csv,396,21.2,21.2,0.0,0.0,21.2,21.2,18.2,1.5
raw/fastf1/2023/Mexico_City_Grand_Prix/Q/laps.csv,267,34.1,34.1,0.0,0.0,34.1,34.1,34.8,0.0
raw/fastf1/2023/Mexico_City_Grand_Prix/R/laps.csv,1282,3.3,3.0,4.8,2.3,4.5,4.5,2.3,0.6
raw/fastf1/2023/Miami_Grand_Prix/FP1/laps.csv,449,15.4,15.6,0.0,0.0,15.6,15.6,18.3,0.0
raw/fastf1/2023/Miami_Grand_Prix/FP2/laps.csv,480,19.6,19.8,0.0,0.0,19.8,19.8,23.5,2.3
raw/fastf1/2023/Miami_Grand_Prix/FP3/laps.csv,419,21.5,21.5,0.0,0.0,21.5,21.5,22.9,1.0
raw/fastf1/2023/Miami_Grand_Prix/Q/laps.csv,304,25.3,26.6,0.0,0.0,26.6,26.6,31.9,3.3
raw/fastf1/2023/Miami_Grand_Prix/R/laps.csv,1138,1.8,1.8,0.0,0.0,3.5,3.5,0.0,0.0
raw/fastf1/2023/Monaco_Grand_Prix/FP1/laps.csv,545,11.6,12.3,0.0,0.0,12.3,12.3,9.5,0.7
raw/fastf1/2023/Monaco_Grand_Prix/FP2/laps.csv,570,13.9,13.9,0.0,6.0,13.9,13.9,12.5,2.5
raw/fastf1/2023/Monaco_Grand_Prix/FP3/laps.csv,387,15.0,16.0,0.0,8.3,16.0,16.0,11.4,2.3
raw/fastf1/2023/Monaco_Grand_Prix/Q/laps.csv,420,22.9,22.9,0.0,0.0,22.9,22.9,21.4,4.5
raw/fastf1/2023/Monaco_Grand_Prix/R/laps.csv,1515,2.5,2.4,0.0,0.0,3.8,3.8,0.2,0.1
raw/fastf1/2023/Qatar_Grand_Prix/FP1/laps.csv,518,15.8,15.8,0.0,0.0,15.8,15.8,13.9,0.0
raw/fastf1/2023/Qatar_Grand_Prix/Q/laps.csv,344,27.3,27.3,0.0,0.0,27.3,27.3,28.8,0.3
raw/fastf1/2023/Qatar_Grand_Prix/R/laps.csv,1006,5.5,5.5,7.3,0.0,7.3,7.3,0.6,3.6
raw/fastf1/2023/Qatar_Grand_Prix/S/laps.csv,322,1.2,0.9,54.3,0.0,7.1,7.1,11.2,25.2
raw/fastf1/2023/Qatar_Grand_Prix/Sprint Shootout/laps.csv,252,19.0,18.7,0.0,0.0,24.6,24.6,21.8,0.4
raw/fastf1/2023/Saudi_Arabian_Grand_Prix/FP1/laps.csv,467,16.9,16.9,0.0,8.4,16.9,16.9,23.3,3.2
raw/fastf1/2023/Saudi_Arabian_Grand_Prix/FP2/laps.csv,552,13.0,13.0,0.0,7.2,13.0,13.0,18.3,2.0
raw/fastf1/2023/Saudi_Arabian_Grand_Prix/FP3/laps.csv,356,19.9,19.9,0.0,0.0,19.9,19.9,23.9,4.8
raw/fastf1/2023/Saudi_Arabian_Grand_Prix/Q/laps.csv,329,24.3,24.3,0.0,0.0,24.3,24.3,28.0,3.0
raw/fastf1/2023/Saudi_Arabian_Grand_Prix/R/laps.csv,943,2.7,2.5,7.6,0.0,4.7,4.7,2.0,0.8
raw/fastf1/2023/Singapore_Grand_Prix/FP1/laps.csv,475,15.4,15.4,0.0,0.0,15.4,15.4,27.6,0.6
raw/fastf1/2023/Singapore_Grand_Prix/FP2/laps.csv,475,15.4,15.4,0.0,0.0,15.4,15.4,25.7,1.1
raw/fastf1/2023/Singapore_Grand_Prix/FP3/laps.csv,394,21.8,21.8,0.0,0.0,21.8,21.8,33.8,2.0
raw/fastf1/2023/Singapore_Grand_Prix/Q/laps.csv,297,31.0,31.0,0.0,0.0,31.0,31.0,39.1,1.3
raw/fastf1/2023/Singapore_Grand_Prix/R/laps.csv,1088,2.3,2.4,5.1,4.2,4.0,4.0,2.4,0.0
raw/fastf1/2023/Spanish_Grand_Prix/FP1/laps.csv,545,17.6,17.6,0.0,0.0,17.6,17.6,13.0,3.7
raw/fastf1/2023/Spanish_Grand_Prix/FP2/laps.csv,618,15.4,15.4,0.0,0.0,15.4,15.4,10.7,3.2
raw/fastf1/2023/Spanish_Grand_Prix/FP3/laps.csv,291,24.7,24.7,0.0,0.0,24.7,24.7,25.8,3.8
raw/fastf1/2023/Spanish_Grand_Prix/Q/laps.csv,337,32.0,32.0,0.0,0.0,32.0,32.0,39.2,1.5
raw/fastf1/2023/Spanish_Grand_Prix/R/laps.csv,1312,3.3,3.4,0.0,0.0,4.8,4.8,0.0,0.0
raw/fastf1/2023/São_Paulo_Grand_Prix/FP1/laps.csv,567,14.1,14.1,0.0,0.0,14.1,14.1,12.5,2.6
raw/fastf1/2023/São_Paulo_Grand_Prix/Q/laps.csv,293,33.1,33.1,0.0,0.0,33.1,33.1,30.4,0.0
raw/fastf1/2023/São_Paulo_Grand_Prix/R/laps.csv,1109,6.3,6.0,3.2,0.0,7.8,7.8,1.8,0.6
raw/fastf1/2023/São_Paulo_Grand_Prix/S/laps.csv,480,0.0,0.0,0.0,0.0,4.2,4.2,4.2,0.0
raw/fastf1/2023/São_Paulo_Grand_Prix/Sprint Shootout/laps.csv,209,30.6,31.1,0.0,0.0,31.1,31.1,40.2,0.0
raw/fastf1/2023/United_States_Grand_Prix/FP1/laps.csv,441,15.6,15.6,0.0,0.0,15.6,15.6,27.2,0.0
raw/fastf1/2023/United_States_Grand_Prix/Q/laps.csv,293,32.1,32.1,0.0,0.0,32.1,32.1,33.8,0.3
raw/fastf1/2023/United_States_Grand_Prix/R/laps.csv,1014,3.8,3.9,0.0,0.0,5.5,5.5,0.0,0.0
raw/fastf1/2023/United_States_Grand_Prix/S/laps.csv,377,0.3,0.0,0.0,0.0,5.3,5.3,5.3,0.0
raw/fastf1/2023/United_States_Grand_Prix/Sprint Shootout/laps.csv,209,26.3,26.3,0.0,0.0,26.3,26.3,28.2,0.0
raw/fastf1/2024/Abu_Dhabi_Grand_Prix/FP1/laps.csv,471,19.3,19.3,0.0,0.0,19.3,19.3,23.8,4.2
raw/fastf1/2024/Abu_Dhabi_Grand_Prix/FP2/laps.csv,507,17.2,17.2,0.0,0.0,17.2,17.2,20.5,3.7
raw/fastf1/2024/Abu_Dhabi_Grand_Prix/FP3/laps.csv,342,25.1,25.1,0.0,0.0,25.1,25.1,31.0,1.8
raw/fastf1/2024/Abu_Dhabi_Grand_Prix/Q/laps.csv,261,35.2,35.2,0.0,0.0,35.2,35.2,36.8,0.0
raw/fastf1/2024/Abu_Dhabi_Grand_Prix/R/laps.csv,1035,2.9,2.7,0.0,3.7,4.6,4.6,0.2,0.0
raw/fastf1/2024/Australian_Grand_Prix/FP1/laps.csv,436,18.8,18.8,0.0,0.0,19.3,19.0,17.4,5.0
raw/fastf1/2024/Australian_Grand_Prix/FP2/laps.csv,532,14.3,14.3,0.0,0.0,14.3,14.3,13.2,3.2
raw/fastf1/2024/Australian_Grand_Prix/FP3/laps.csv,397,21.7,21.7,0.0,0.0,21.7,21.7,16.4,1.5
raw/fastf1/2024/Australian_Grand_Prix/Q/laps.csv,310,25.8,27.7,0.0,0.0,27.7,27.7,25.2,0.0
raw/fastf1/2024/Australian_Grand_Prix/R/laps.csv,998,3.7,3.7,0.0,5.6,5.5,5.5,0.3,0.0
raw/fastf1/2024/Austrian_Grand_Prix/FP1/laps.csv,599,19.9,19.9,0.0,0.0,19.9,19.9,17.7,2.0
raw/fastf1/2024/Austrian_Grand_Prix/Q/laps.csv,320,33.8,33.8,0.0,0.0,33.8,33.8,36.6,0.0
raw/fastf1/2024/Austrian_Grand_Prix/R/laps.csv,1405,3.3,3.3,0.0,2.0,4.6,4.6,0.0,0.0
raw/fastf1/2024/Austrian_Grand_Prix/S/laps.csv,460,0.0,0.2,0.0,0.0,4.3,4.3,4.3,0.0
raw/fastf1/2024/Austrian_Grand_Prix/SQ/laps.csv,195,31.3,31.3,0.0,0.0,31.3,31.3,34.4,0.0
raw/fastf1/2024/Azerbaijan_Grand_Prix/FP1/laps.csv,354,21.5,21.8,0.0,0.0,21.8,21.8,48.9,0.0
raw/fastf1/2024/Azerbaijan_Grand_Prix/FP2/laps.csv,470,14.9,14.9,0.0,0.0,14.9,14.9,26.0,0.0
raw/fastf1/2024/Azerbaijan_Grand_Prix/FP3/laps.csv,290,29.7,30.0,0.0,0.0,30.0,30.0,49.7,0.0
raw/fastf1/2024/Azerbaijan_Grand_Prix/Q/laps.csv,311,28.3,28.3,0.0,0.0,28.3,28.3,31.2,0.0
raw/fastf1/2024/Azerbaijan_Grand_Prix/R/laps.csv,973,2.5,2.5,0.0,3.4,4.3,4.3,2.2,0.0
raw/fastf1/2024/Bahrain_Grand_Prix/FP1/laps.csv,449,17.4,17.4,0.0,0.0,17.4,17.4,20.9,0.9
raw/fastf1/2024/Bahrain_Grand_Prix/FP2/laps.csv,511,15.5,15.3,0.0,0.0,15.5,15.5,15.9,0.0
raw/fastf1/2024/Bahrain_Grand_Prix/FP3/laps.csv,311,27.0,27.0,0.0,0.0,27.0,27.0,27.0,0.3
raw/fastf1/2024/Bahrain_Grand_Prix/Q/laps.csv,267,34.5,34.5,0.0,0.0,34.5,34.5,36.7,0.0
raw/fastf1/2024/Bahrain_Grand_Prix/R/laps.csv,1129,3.8,3.8,0.0,0.0,5.6,5.6,0.2,0.0
raw/fastf1/2024/Belgian_Grand_Prix/FP1/laps.csv,417,15.8,15.8,0.0,0.0,15.8,15.8,34.5,0.0
raw/fastf1/2024/Belgian_Grand_Prix/FP2/laps.csv,462,17.1,17.1,0.0,0.0,17.1,17.1,30.5,0.0
raw/fastf1/2024/Belgian_Grand_Prix/FP3/laps.csv,84,29.8,33.3,0.0,0.0,33.3,33.3,50.0,0.0
raw/fastf1/2024/Belgian_Grand_Prix/Q/laps.csv,348,24.1,24.1,0.0,0.0,24.1,24.1,33.3,0.0
raw/fastf1/2024/Belgian_Grand_Prix/R/laps.csv,841,4.2,4.0,0.0,0.0,6.4,6.4,0.1,0.0
raw/fastf1/2024/British_Grand_Prix/FP1/laps.csv,459,19.0,19.0,0.0,0.0,19.0,19.0,22.4,4.4
raw/fastf1/2024/British_Grand_Prix/FP2/laps.csv,477,17.2,17.2,0.0,0.0,17.2,17.2,19.3,3.1
raw/fastf1/2024/British_Grand_Prix/FP3/laps.csv,438,17.4,17.4,0.0,0.0,17.6,17.6,21.9,0.0
raw/fastf1/2024/British_Grand_Prix/Q/laps.csv,368,27.4,27.7,0.0,0.0,27.7,27.4,30.7,0.0
raw/fastf1/2024/British_Grand_Prix/R/laps.csv,961,4.8,4.8,0.0,0.0,6.8,6.8,0.1,0.0
raw/fastf1/2024/Canadian_Grand_Prix/FP1/laps.csv,133,25.6,39.1,0.0,0.0,39.1,39.1,22.6,0.0
raw/fastf1/2024/Canadian_Grand_Prix/FP2/laps.csv,437,14.9,14.9,0.0,0.0,14.9,14.9,14.9,2.1
raw/fastf1/2024/Canadian_Grand_Prix/FP3/laps.csv,578,16.1,16.3,0.0,0.0,16.3,16.3,14.0,1.2
raw/fastf1/2024/Canadian_Grand_Prix/Q/laps.csv,408,22.3,22.3,0.0,0.0,22.3,22.3,20.6,0.2
raw/fastf1/2024/Canadian_Grand_Prix/R/laps.csv,1272,3.5,3.5,14.6,0.0,4.9,4.9,0.4,2.8
raw/fastf1/2024/Chinese_Grand_Prix/FP1/laps.csv,453,15.7,15.7,0.0,0.0,15.7,15.7,26.0,0.0
raw/fastf1/2024/Chinese_Grand_Prix/Q/laps.csv,279,33.3,33.7,0.0,0.0,33.7,33.7,40.5,0.0
raw/fastf1/2024/Chinese_Grand_Prix/R/laps.csv,1032,4.0,4.0,16.2,5.4,5.8,5.8,2.4,0.1
raw/fastf1/2024/Chinese_Grand_Prix/S/laps.csv,378,0.5,0.3,0.0,0.0,5.6,5.6,5.3,0.0
raw/fastf1/2024/Chinese_Grand_Prix/SQ/laps.csv,218,23.4,24.3,0.0,0.0,24.3,24.3,27.1,0.0
raw/fastf1/2024/Dutch_Grand_Prix/FP1/laps.csv,285,24.2,24.2,0.0,0.0,24.2,24.2,24.6,2.1
raw/fastf1/2024/Dutch_Grand_Prix/FP2/laps.csv,589,13.8,13.8,0.0,0.0,13.8,13.8,11.2,4.2
raw/fastf1/2024/Dutch_Grand_Prix/FP3/laps.csv,109,39.4,39.4,0.0,0.0,39.4,39.4,65.1,0.0
raw/fastf1/2024/Dutch_Grand_Prix/Q/laps.csv,290,32.4,32.4,0.0,0.0,32.4,32.4,32.4,0.0
raw/fastf1/2024/Dutch_Grand_Prix/R/laps.csv,1426,1.8,1.9,0.0,0.0,3.2,3.2,0.0,0.0
raw/fastf1/2024/Emilia_Romagna_Grand_Prix/FP1/laps.csv,463,18.1,18.1,0.0,0.0,18.1,18.1,18.1,4.3
raw/fastf1/2024/Emilia_Romagna_Grand_Prix/FP2/laps.csv,571,13.7,13.7,0.0,0.0,13.7,13.7,11.9,3.3
raw/fastf1/2024/Emilia_Romagna_Grand_Prix/FP3/laps.csv,329,30.4,30.4,0.0,0.0,30.4,30.4,34.7,0.0
raw/fastf1/2024/Emilia_Romagna_Grand_Prix/Q/laps.csv,286,35.0,35.0,0.0,0.0,35.0,35.0,36.4,0.0
raw/fastf1/2024/Emilia_Romagna_Grand_Prix/R/laps.csv,1238,2.3,2.3,0.0,0.0,3.8,3.8,0.1,0.0
raw/fastf1/2024/Hungarian_Grand_Prix/FP1/laps.csv,515,20.2,20.2,0.0,4.3,20.2,20.2,20.0,2.5
raw/fastf1/2024/Hungarian_Grand_Prix/FP2/laps.csv,431,19.5,19.5,0.0,0.0,19.5,19.5,19.7,3.0
raw/fastf1/2024/Hungarian_Grand_Prix/FP3/laps.csv,350,32.3,32.3,0.0,0.0,32.3,32.3,25.7,0.6
raw/fastf1/2024/Hungarian_Grand_Prix/Q/laps.csv,334,29.9,29.9,0.0,0.0,29.9,29.9,35.3,0.0
raw/fastf1/2024/Hungarian_Grand_Prix/R/laps.csv,1355,3.0,3.0,0.0,0.0,4.4,4.4,0.0,0.0
raw/fastf1/2024/Italian_Grand_Prix/FP1/laps.csv,426,20.7,20.7,0.0,0.0,20.7,20.7,24.9,3.8
raw/fastf1/2024/Italian_Grand_Prix/FP2/laps.csv,454,20.7,20.7,0.0,0.0,20.7,20.7,21.8,1.8
raw/fastf1/2024/Italian_Grand_Prix/FP3/laps.csv,389,30.1,30.1,0.0,0.0,30.1,30.1,30.6,1.0
raw/fastf1/2024/Italian_Grand_Prix/Q/laps.csv,276,33.3,33.3,0.0,0.0,33.3,33.3,36.2,0.0
raw/fastf1/2024/Italian_Grand_Prix/R/laps.csv,1008,3.1,3.0,0.0,0.0,5.0,5.0,0.0,0.0
raw/fastf1/2024/Japanese_Grand_Prix/FP1/laps.csv,384,20.3,20.6,0.0,0.0,20.6,20.6,24.5,1.8
raw/fastf1/2024/Japanese_Grand_Prix/FP2/laps.csv,71,42.3,42.3,0.0,0.0,42.3,42.3,49.3,0.0
raw/fastf1/2024/Japanese_Grand_Prix/FP3/laps.csv,435,17.5,17.5,0.0,0.0,17.5,17.5,21.1,1.1
raw/fastf1/2024/Japanese_Grand_Prix/Q/laps.csv,223,33.6,33.6,0.0,0.0,33.6,33.6,33.6,0.0
raw/fastf1/2024/Japanese_Grand_Prix/R/laps.csv,907,6.1,6.0,0.0,0.0,8.2,8.2,3.4,0.0
raw/fastf1/2024/Las_Vegas_Grand_Prix/FP1/laps.csv,511,12.9,12.9,0.0,0.0,12.9,12.9,12.1,0.0
raw/fastf1/2024/Las_Vegas_Grand_Prix/FP2/laps.csv,502,13.7,13.7,0.0,0.0,13.7,13.7,16.1,0.0
raw/fastf1/2024/Las_Vegas_Grand_Prix/FP3/laps.csv,312,26.0,26.3,0.0,0.0,26.3,26.3,30.1,0.3
raw/fastf1/2024/Las_Vegas_Grand_Prix/Q/laps.csv,347,23.6,23.6,0.0,0.0,23.6,23.6,25.1,0.0
raw/fastf1/2024/Las_Vegas_Grand_Prix/R/laps.csv,938,4.4,4.3,0.0,0.0,6.3,6.3,0.0,0.0
raw/fastf1/2024/Mexico_City_Grand_Prix/FP1/laps.csv,395,21.5,21.5,0.0,0.0,21.5,21.5,26.6,2.3
raw/fastf1/2024/Mexico_City_Grand_Prix/FP2/laps.csv,562,13.7,13.7,0.0,0.0,13.7,13.7,13.9,3.7
raw/fastf1/2024/Mexico_City_Grand_Prix/FP3/laps.csv,425,24.2,24.2,0.0,0.0,24.2,24.2,18.1,1.4
raw/fastf1/2024/Mexico_City_Grand_Prix/Q/laps.csv,289,34.3,34.3,0.0,0.0,34.3,34.3,39.1,0.0
raw/fastf1/2024/Mexico_City_Grand_Prix/R/laps.csv,1215,1.8,1.8,9.1,0.0,3.4,3.4,0.2,6.1
raw/fastf1/2024/Miami_Grand_Prix/FP1/laps.csv,464,17.7,17.7,0.0,0.0,17.7,17.7,21.8,1.9
raw/fastf1/2024/Miami_Grand_Prix/Q/laps.csv,318,32.4,32.4,0.0,0.0,32.4,32.4,36.5,0.0
raw/fastf1/2024/Miami_Grand_Prix/R/laps.csv,1111,2.5,2.5,8.6,3.1,4.3,4.3,0.5,0.7
raw/fastf1/2024/Miami_Grand_Prix/S/laps.csv,344,11.0,11.0,16.3,0.0,16.6,16.6,12.5,0.0
raw/fastf1/2024/Miami_Grand_Prix/SQ/laps.csv,230,25.2,25.2,0.0,0.0,25.2,25.2,28.3,0.0
raw/fastf1/2024/Monaco_Grand_Prix/FP1/laps.csv,620,12.1,12.1,0.0,0.0,12.1,12.1,10.0,2.4
raw/fastf1/2024/Monaco_Grand_Prix/FP2/laps.csv,676,11.4,11.4,0.0,0.0,11.4,11.4,9.2,2.2
raw/fastf1/2024/Monaco_Grand_Prix/FP3/laps.csv,496,14.7,14.7,0.0,0.0,14.7,14.7,12.1,2.8
raw/fastf1/2024/Monaco_Grand_Prix/Q/laps.csv,426,21.6,21.6,0.0,0.0,21.6,21.6,19.0,1.4
raw/fastf1/2024/Monaco_Grand_Prix/R/laps.csv,1237,1.9,1.9,2.9,0.0,3.5,3.5,0.9,0.0
raw/fastf1/2024/Qatar_Grand_Prix/FP1/laps.csv,536,16.6,16.6,0.0,0.0,16.6,16.6,15.9,3.4
raw/fastf1/2024/Qatar_Grand_Prix/Q/laps.csv,374,25.7,25.7,0.0,0.0,25.7,25.7,25.4,0.8
raw/fastf1/2024/Qatar_Grand_Prix/R/laps.csv,943,6.5,6.4,22.1,1.7,8.5,8.5,2.1,8.8
raw/fastf1/2024/Qatar_Grand_Prix/S/laps.csv,380,0.5,1.1,0.0,0.0,6.6,6.6,5.3,0.0
raw/fastf1/2024/Qatar_Grand_Prix/SQ/laps.csv,283,19.1,19.1,0.0,0.0,19.1,19.1,20.1,1.4
raw/fastf1/2024/Saudi_Arabian_Grand_Prix/FP1/laps.csv,471,15.7,15.7,0.0,0.0,15.7,15.7,20.0,3.6
raw/fastf1/2024/Saudi_Arabian_Grand_Prix/FP2/laps.csv,528,14.6,14.6,0.0,0.0,14.6,14.6,18.0,2.7
raw/fastf1/2024/Saudi_Arabian_Grand_Prix/FP3/laps.csv,280,22.5,22.9,0.0,0.0,22.9,22.9,25.0,3.2
raw/fastf1/2024/Saudi_Arabian_Grand_Prix/Q/laps.csv,316,29.4,29.4,0.0,0.0,29.4,29.4,32.3,0.0
raw/fastf1/2024/Saudi_Arabian_Grand_Prix/R/laps.csv,901,2.2,2.1,6.1,0.0,4.3,4.3,3.1,0.7
raw/fastf1/2024/Singapore_Grand_Prix/FP1/laps.csv,488,13.5,13.5,0.0,0.0,13.5,13.5,27.7,1.2
raw/fastf1/2024/Singapore_Grand_Prix/FP2/laps.csv,521,16.1,16.1,0.0,0.0,16.1,16.1,25.7,1.2
raw/fastf1/2024/Singapore_Grand_Prix/FP3/laps.csv,355,22.5,22.5,0.0,0.0,22.5,22.5,39.4,1.7
raw/fastf1/2024/Singapore_Grand_Prix/Q/laps.csv,276,33.7,33.7,0.0,0.0,33.7,33.7,43.5,0.0
raw/fastf1/2024/Singapore_Grand_Prix/R/laps.csv,1177,2.1,2.0,0.0,0.0,3.7,3.7,0.1,0.0
raw/fastf1/2024/Spanish_Grand_Prix/FP1/laps.csv,540,19.8,19.8,0.0,0.0,19.8,19.8,17.8,4.4
raw/fastf1/2024/Spanish_Grand_Prix/FP2/laps.csv,571,15.9,15.9,0.0,0.0,15.9,15.9,12.8,1.9
raw/fastf1/2024/Spanish_Grand_Prix/FP3/laps.csv,371,26.4,26.4,0.0,0.0,26.4,26.4,22.4,0.5
raw/fastf1/2024/Spanish_Grand_Prix/Q/laps.csv,257,33.9,33.9,0.0,0.0,33.9,33.9,37.7,0.0
raw/fastf1/2024/Spanish_Grand_Prix/R/laps.csv,1310,3.2,3.3,0.0,0.0,4.7,4.7,0.0,0.0
raw/fastf1/2024/São_Paulo_Grand_Prix/FP1/laps.csv,559,18.2,18.2,0.0,0.0,18.2,18.2,13.1,2.0
raw/fastf1/2024/São_Paulo_Grand_Prix/Q/laps.csv,425,25.2,25.2,0.0,0.0,25.4,25.4,37.6,0.0
raw/fastf1/2024/São_Paulo_Grand_Prix/R/laps.csv,1135,3.2,3.1,10.0,3.0,4.7,4.7,3.3,1.9
raw/fastf1/2024/São_Paulo_Grand_Prix/S/laps.csv,476,0.0,0.6,0.0,9.7,4.2,4.2,4.4,0.0
raw/fastf1/2024/São_Paulo_Grand_Prix/SQ/laps.csv,221,32.1,32.1,0.0,0.0,32.1,32.1,32.1,0.0
raw/fastf1/2024/United_States_Grand_Prix/FP1/laps.csv,485,15.7,15.7,0.0,4.1,15.7,15.7,25.4,0.8
raw/fastf1/2024/United_States_Grand_Prix/Q/laps.csv,281,34.9,35.2,0.0,0.0,35.2,35.2,35.2,0.0
raw/fastf1/2024/United_States_Grand_Prix/R/laps.csv,1059,2.2,2.3,5.5,0.0,4.1,4.1,2.6,0.0
raw/fastf1/2024/United_States_Grand_Prix/S/laps.csv,380,0.0,0.3,0.0,0.0,5.3,5.3,5.3,0.0
raw/fastf1/2024/United_States_Grand_Prix/SQ/laps.csv,206,30.1,30.1,0.0,0.0,30.1,30.1,31.1,0.0
raw/fastf1/2025/Abu_Dhabi_Grand_Prix/FP1/laps.csv,532,15.8,15.8,0.0,0.0,15.8,15.8,18.0,6.0
raw/fastf1/2025/Abu_Dhabi_Grand_Prix/FP2/laps.csv,584,14.9,14.9,0.0,0.0,14.9,14.9,20.0,3.4
raw/fastf1/2025/Abu_Dhabi_Grand_Prix/FP3/laps.csv,326,25.8,25.8,0.0,0.0,25.8,25.8,33.7,1.5
raw/fastf1/2025/Abu_Dhabi_Grand_Prix/Q/laps.csv,286,33.6,33.6,0.0,0.0,33.6,33.6,33.2,0.0
raw/fastf1/2025/Abu_Dhabi_Grand_Prix/R/laps.csv,1156,2.3,2.3,0.0,0.0,4.1,4.1,0.0,0.0
raw/fastf1/2025/Australian_Grand_Prix/FP1/laps.csv,421,19.0,19.0,0.0,0.0,19.0,19.0,20.7,6.9
raw/fastf1/2025/Australian_Grand_Prix/FP2/laps.csv,552,15.0,15.0,0.0,0.0,15.0,15.0,14.3,3.4
raw/fastf1/2025/Australian_Grand_Prix/FP3/laps.csv,352,29.5,29.5,0.0,0.0,29.5,29.5,26.7,3.1
raw/fastf1/2025/Australian_Grand_Prix/Q/laps.csv,297,32.0,34.0,0.0,0.0,34.0,34.0,31.6,0.0
raw/fastf1/2025/Australian_Grand_Prix/R/laps.csv,927,8.8,9.1,36.6,0.0,11.0,11.0,7.4,9.1
raw/fastf1/2025/Austrian_Grand_Prix/FP1/laps.csv,639,16.0,16.0,0.0,0.0,16.0,16.0,10.8,3.9
raw/fastf1/2025/Austrian_Grand_Prix/FP2/laps.csv,664,16.7,16.7,0.0,0.0,16.9,16.9,11.1,3.9
raw/fastf1/2025/Austrian_Grand_Prix/FP3/laps.csv,416,25.5,25.5,0.0,0.0,25.5,25.5,20.4,0.2
raw/fastf1/2025/Austrian_Grand_Prix/Q/laps.csv,310,33.9,33.9,0.0,0.0,33.9,33.9,36.5,0.0
raw/fastf1/2025/Austrian_Grand_Prix/R/laps.csv,1127,2.9,2.8,4.8,0.0,4.6,4.6,0.3,1.7
raw/fastf1/2025/Azerbaijan_Grand_Prix/FP1/laps.csv,325,20.0,20.0,5.2,5.5,20.0,20.0,49.8,0.0
raw/fastf1/2025/Azerbaijan_Grand_Prix/FP2/laps.csv,434,15.9,15.9,4.4,3.5,15.9,15.9,36.9,0.0
raw/fastf1/2025/Azerbaijan_Grand_Prix/FP3/laps.csv,377,15.9,15.9,0.0,0.0,15.9,15.9,36.1,0.0
raw/fastf1/2025/Azerbaijan_Grand_Prix/Q/laps.csv,335,35.5,36.4,0.0,0.0,36.4,36.4,60.9,0.0
raw/fastf1/2025/Azerbaijan_Grand_Prix/R/laps.csv,968,2.2,2.2,8.0,0.0,4.2,4.2,6.0,0.0
raw/fastf1/2025/Bahrain_Grand_Prix/FP1/laps.csv,426,21.1,21.1,0.0,0.0,21.1,21.1,34.0,0.2
raw/fastf1/2025/Bahrain_Grand_Prix/FP2/laps.csv,522,17.0,17.0,0.0,0.0,17.0,17.0,21.6,1.0
raw/fastf1/2025/Bahrain_Grand_Prix/FP3/laps.csv,308,30.8,30.8,0.0,9.4,30.8,30.8,40.9,1.0
raw/fastf1/2025/Bahrain_Grand_Prix/Q/laps.csv,277,37.2,37.2,0.0,0.0,37.2,37.2,40.8,0.0
raw/fastf1/2025/Bahrain_Grand_Prix/R/laps.csv,1128,3.8,3.7,7.1,0.0,5.5,5.5,1.2,0.3
raw/fastf1/2025/Belgian_Grand_Prix/FP1/laps.csv,437,16.5,16.5,0.0,0.0,16.5,16.5,38.7,0.0
raw/fastf1/2025/Belgian_Grand_Prix/Q/laps.csv,292,34.9,34.9,0.0,0.0,34.9,34.9,39.7,0.0
raw/fastf1/2025/Belgian_Grand_Prix/R/laps.csv,879,3.0,5.2,9.1,0.0,5.3,5.3,6.8,0.0
raw/fastf1/2025/Belgian_Grand_Prix/S/laps.csv,297,0.3,0.7,0.0,0.0,6.7,6.7,6.7,0.0
raw/fastf1/2025/Belgian_Grand_Prix/SQ/laps.csv,185,28.6,28.6,0.0,0.0,28.6,28.6,37.8,0.0
raw/fastf1/2025/British_Grand_Prix/FP1/laps.csv,506,17.4,17.4,0.0,0.0,17.4,17.4,23.3,3.6
raw/fastf1/2025/British_Grand_Prix/FP2/laps.csv,536,18.1,18.1,0.0,0.0,18.1,18.1,23.1,1.3
raw/fastf1/2025/British_Grand_Prix/FP3/laps.csv,286,30.4,32.2,0.0,0.0,32.2,32.2,42.0,2.8
raw/fastf1/2025/British_Grand_Prix/Q/laps.csv,291,32.0,32.0,0.0,0.0,32.0,32.0,38.1,0.0
raw/fastf1/2025/British_Grand_Prix/R/laps.csv,826,4.4,4.8,17.8,12.7,6.7,6.7,11.1,0.0
raw/fastf1/2025/Canadian_Grand_Prix/FP1/laps.csv,550,15.5,15.6,0.0,0.0,15.6,15.6,14.2,4.2
raw/fastf1/2025/Canadian_Grand_Prix/FP2/laps.csv,598,12.4,12.5,0.0,0.0,12.5,12.5,10.4,2.0
raw/fastf1/2025/Canadian_Grand_Prix/FP3/laps.csv,458,17.0,17.0,0.0,0.0,17.0,17.0,14.6,2.2
raw/fastf1/2025/Canadian_Grand_Prix/Q/laps.csv,390,26.4,26.4,0.0,0.0,26.4,26.4,25.4,0.0
raw/fastf1/2025/Canadian_Grand_Prix/R/laps.csv,1349,6.2,6.2,5.3,0.0,7.6,7.6,0.2,0.0
raw/fastf1/2025/Chinese_Grand_Prix/FP1/laps.csv,459,16.1,16.1,0.0,0.0,16.1,16.1,27.2,1.7
raw/fastf1/2025/Chinese_Grand_Prix/Q/laps.csv,314,32.2,32.2,0.0,0.0,32.2,32.2,32.8,0.0
raw/fastf1/2025/Chinese_Grand_Prix/R/laps.csv,1065,2.4,2.4,0.0,0.0,4.2,4.2,0.0,0.0
raw/fastf1/2025/Chinese_Grand_Prix/SQ/laps.csv,217,26.3,26.3,0.0,0.0,26.3,26.3,26.3,0.0
raw/fastf1/2025/Dutch_Grand_Prix/FP1/laps.csv,560,17.7,17.9,0.0,1.8,18.0,18.0,18.0,4.1
raw/fastf1/2025/Dutch_Grand_Prix/FP2/laps.csv,449,20.9,20.9,0.0,11.4,20.9,20.9,23.8,4.9
raw/fastf1/2025/Dutch_Grand_Prix/FP3/laps.csv,415,22.9,22.9,0.0,0.0,22.9,22.9,18.8,3.1
raw/fastf1/2025/Dutch_Grand_Prix/Q/laps.csv,290,34.1,34.1,0.0,0.0,34.1,34.1,36.2,0.0
raw/fastf1/2025/Dutch_Grand_Prix/R/laps.csv,1364,2.9,2.9,17.5,2.8,4.3,4.3,0.1,4.5
raw/fastf1/2025/Emilia_Romagna_Grand_Prix/FP1/laps.csv,421,22.3,23.5,0.0,0.0,23.5,23.5,25.9,1.9
raw/fastf1/2025/Emilia_Romagna_Grand_Prix/FP2/laps.csv,519,20.0,20.2,0.0,0.0,20.2,20.2,24.3,1.2
raw/fastf1/2025/Emilia_Romagna_Grand_Prix/FP3/laps.csv,361,27.1,27.1,0.0,0.0,27.1,27.1,26.3,1.4
raw/fastf1/2025/Emilia_Romagna_Grand_Prix/Q/laps.csv,281,35.9,36.3,0.0,0.0,36.3,36.3,41.3,0.0
raw/fastf1/2025/Emilia_Romagna_Grand_Prix/R/laps.csv,1207,3.1,3.1,12.9,4.2,4.7,4.7,0.2,4.5
raw/fastf1/2025/Hungarian_Grand_Prix/FP1/laps.csv,520,20.0,20.0,0.0,7.3,20.0,20.0,17.7,3.7
raw/fastf1/2025/Hungarian_Grand_Prix/FP2/laps.csv,565,19.3,19.3,0.0,3.5,19.3,19.3,14.0,2.5
raw/fastf1/2025/Hungarian_Grand_Prix/FP3/laps.csv,380,27.9,27.9,0.0,0.0,27.9,27.9,26.3,1.3
raw/fastf1/2025/Hungarian_Grand_Prix/Q/laps.csv,264,33.3,33.3,0.0,0.0,33.3,33.3,34.8,0.0
raw/fastf1/2025/Hungarian_Grand_Prix/R/laps.csv,1368,2.2,2.2,0.0,0.0,3.6,3.6,0.0,0.0
raw/fastf1/2025/Italian_Grand_Prix/FP1/laps.csv,481,20.4,20.6,0.0,14.8,20.6,20.6,27.2,4.0
raw/fastf1/2025/Italian_Grand_Prix/FP2/laps.csv,531,19.0,19.0,0.0,1.9,19.0,19.0,20.0,3.8
raw/fastf1/2025/Italian_Grand_Prix/FP3/laps.csv,419,23.6,23.6,0.0,0.0,23.6,23.6,26.7,3.6
raw/fastf1/2025/Italian_Grand_Prix/Q/laps.csv,315,32.7,32.7,0.0,0.0,32.7,32.7,33.7,0.0
raw/fastf1/2025/Italian_Grand_Prix/R/laps.csv,975,2.1,2.2,0.0,0.0,4.0,4.0,0.1,0.0
raw/fastf1/2025/Japanese_Grand_Prix/FP1/laps.csv,497,17.5,17.5,0.0,0.0,17.5,17.5,22.3,4.8
raw/fastf1/2025/Japanese_Grand_Prix/FP2/laps.csv,220,31.4,34.5,0.0,0.0,34.5,34.5,63.2,0.0
raw/fastf1/2025/Japanese_Grand_Prix/FP3/laps.csv,330,24.2,25.5,0.0,0.0,25.8,25.8,33.3,2.1
raw/fastf1/2025/Japanese_Grand_Prix/Q/laps.csv,292,32.9,32.9,0.0,0.0,32.9,32.9,36.6,0.0
raw/fastf1/2025/Japanese_Grand_Prix/R/laps.csv,1059,2.0,2.0,0.0,0.0,3.9,3.9,0.0,0.0
raw/fastf1/2025/Las_Vegas_Grand_Prix/FP1/laps.csv,535,11.6,13.6,0.0,0.0,14.0,11.6,13.5,0.2
raw/fastf1/2025/Las_Vegas_Grand_Prix/FP2/laps.csv,313,17.3,19.2,0.0,0.0,19.2,19.2,29.1,0.0
raw/fastf1/2025/Las_Vegas_Grand_Prix/FP3/laps.csv,406,13.8,13.8,0.0,0.0,13.8,13.8,19.2,0.0
raw/fastf1/2025/Las_Vegas_Grand_Prix/Q/laps.csv,375,16.3,16.3,0.0,0.0,16.3,16.3,19.2,0.0
raw/fastf1/2025/Las_Vegas_Grand_Prix/R/laps.csv,886,2.8,2.7,0.0,8.2,4.9,4.9,0.2,0.0
raw/fastf1/2025/Mexico_City_Grand_Prix/FP1/laps.csv,589,14.6,14.6,0.0,0.0,14.6,14.6,10.9,2.9
raw/fastf1/2025/Mexico_City_Grand_Prix/FP2/laps.csv,620,16.5,16.5,0.0,0.0,16.5,16.5,11.0,2.1
raw/fastf1/2025/Mexico_City_Grand_Prix/FP3/laps.csv,453,23.8,23.8,0.0,0.0,23.8,23.8,15.9,1.3
raw/fastf1/2025/Mexico_City_Grand_Prix/Q/laps.csv,307,32.6,32.6,0.0,0.0,32.6,32.6,34.9,0.0
raw/fastf1/2025/Mexico_City_Grand_Prix/R/laps.csv,1263,2.4,2.1,0.0,2.6,3.7,3.7,0.1,0.0
raw/fastf1/2025/Miami_Grand_Prix/FP1/laps.csv,429,18.2,18.9,0.0,0.0,18.9,18.9,26.6,2.1
raw/fastf1/2025/Miami_Grand_Prix/Q/laps.csv,314,33.1,33.1,0.0,0.0,33.1,33.1,35.7,0.0
raw/fastf1/2025/Miami_Grand_Prix/R/laps.csv,1005,1.9,1.9,0.0,10.3,6.8,6.8,0.3,0.0
raw/fastf1/2025/Miami_Grand_Prix/S/laps.csv,331,6.3,11.5,25.4,0.0,11.5,11.5,15.4,0.6
raw/fastf1/2025/Miami_Grand_Prix/SQ/laps.csv,213,30.5,30.5,0.0,0.0,30.5,30.5,34.7,0.0
raw/fastf1/2025/Monaco_Grand_Prix/FP1/laps.csv,610,12.0,12.0,0.0,0.0,12.0,12.0,11.1,3.0
raw/fastf1/2025/Monaco_Grand_Prix/FP2/laps.csv,612,15.5,15.5,0.0,0.0,15.5,15.5,14.1,3.4
raw/fastf1/2025/Monaco_Grand_Prix/FP3/laps.csv,485,14.4,15.7,0.0,0.0,15.7,15.7,8.7,2.3
raw/fastf1/2025/Monaco_Grand_Prix/Q/laps.csv,433,21.0,21.0,0.0,0.0,21.0,21.0,17.8,0.5
raw/fastf1/2025/Monaco_Grand_Prix/R/laps.csv,1425,2.9,2.8,0.0,4.8,4.2,4.2,0.1,0.0
raw/fastf1/2025/Qatar_Grand_Prix/FP1/laps.csv,556,15.3,15.3,0.0,0.0,15.3,15.3,16.2,5.2
raw/fastf1/2025/Qatar_Grand_Prix/Q/laps.csv,358,28.2,28.2,0.0,0.0,28.2,28.2,27.7,1.4
raw/fastf1/2025/Qatar_Grand_Prix/R/laps.csv,1067,4.1,3.9,7.2,0.0,5.7,5.7,0.3,2.9
raw/fastf1/2025/Qatar_Grand_Prix/S/laps.csv,380,0.8,1.8,0.0,0.0,6.1,6.1,5.3,0.0
raw/fastf1/2025/Qatar_Grand_Prix/SQ/laps.csv,297,18.2,18.2,0.0,0.0,18.2,18.2,19.5,1.0
raw/fastf1/2025/Saudi_Arabian_Grand_Prix/FP1/laps.csv,472,18.6,18.6,0.0,0.0,18.6,18.6,33.5,2.5
raw/fastf1/2025/Saudi_Arabian_Grand_Prix/FP2/laps.csv,394,24.6,24.6,0.0,0.0,24.6,24.6,39.8,0.3
raw/fastf1/2025/Saudi_Arabian_Grand_Prix/FP3/laps.csv,357,30.8,30.8,0.0,0.0,30.8,30.8,37.8,0.8
raw/fastf1/2025/Saudi_Arabian_Grand_Prix/Q/laps.csv,289,33.6,33.9,0.0,0.0,33.9,33.9,36.0,0.0
raw/fastf1/2025/Saudi_Arabian_Grand_Prix/R/laps.csv,898,2.2,2.1,6.2,0.0,4.3,4.3,4.1,0.0
raw/fastf1/2025/Singapore_Grand_Prix/FP1/laps.csv,472,17.4,17.4,0.0,0.0,17.4,17.4,27.5,2.1
raw/fastf1/2025/Singapore_Grand_Prix/FP2/laps.csv,353,21.0,21.0,0.0,0.0,21.0,21.0,40.2,1.1
raw/fastf1/2025/Singapore_Grand_Prix/FP3/laps.csv,440,22.0,22.0,0.0,0.0,22.0,22.0,34.3,0.5
raw/fastf1/2025/Singapore_Grand_Prix/Q/laps.csv,298,32.2,32.2,0.0,0.0,32.2,32.2,36.6,0.0
raw/fastf1/2025/Singapore_Grand_Prix/R/laps.csv,1229,1.9,2.0,0.0,0.0,3.5,3.5,0.0,0.0
raw/fastf1/2025/Spanish_Grand_Prix/FP1/laps.csv,515,19.8,19.8,0.0,0.0,19.8,19.8,17.5,4.3
raw/fastf1/2025/Spanish_Grand_Prix/FP2/laps.csv,581,19.4,19.4,0.0,0.0,19.4,19.4,16.4,1.7
raw/fastf1/2025/Spanish_Grand_Prix/FP3/laps.csv,312,28.5,28.5,0.0,0.0,35.6,33.7,31.1,0.6
raw/fastf1/2025/Spanish_Grand_Prix/Q/laps.csv,247,34.8,34.8,0.0,0.0,34.8,34.8,38.1,0.0
raw/fastf1/2025/Spanish_Grand_Prix/R/laps.csv,1203,4.6,4.6,9.5,0.0,6.1,6.1,0.1,3.2
raw/fastf1/2025/São_Paulo_Grand_Prix/FP1/laps.csv,628,13.5,13.5,0.0,0.0,13.5,13.5,10.7,5.9
raw/fastf1/2025/São_Paulo_Grand_Prix/Q/laps.csv,316,33.2,33.2,0.0,0.0,33.2,33.2,32.3,0.0
raw/fastf1/2025/São_Paulo_Grand_Prix/R/laps.csv,1251,3.0,3.1,6.1,3.0,4.6,4.6,0.2,1.2
raw/fastf1/2025/São_Paulo_Grand_Prix/S/laps.csv,444,4.5,4.7,8.3,0.0,8.8,8.8,9.7,0.0
raw/fastf1/2025/São_Paulo_Grand_Prix/SQ/laps.csv,253,26.1,26.1,0.0,0.0,26.1,26.1,27.7,0.0
raw/fastf1/2025/United_States_Grand_Prix/FP1/laps.csv,478,15.1,15.1,0.0,0.0,15.1,15.1,32.6,1.0
raw/fastf1/2025/United_States_Grand_Prix/Q/laps.csv,285,36.8,37.2,0.0,0.0,37.2,37.2,40.0,0.0
raw/fastf1/2025/United_States_Grand_Prix/R/laps.csv,1067,2.0,2.0,0.0,4.1,3.8,3.8,0.1,0.0
raw/fastf1/2025/United_States_Grand_Prix/S/laps.csv,320,0.9,0.9,46.9,0.0,7.2,7.2,18.8,2.8
raw/fastf1/2025/United_States_Grand_Prix/SQ/laps.csv,204,29.4,29.4,0.0,0.0,29.4,29.4,30.4,0.0
raw/fastf1/2026/Australian_Grand_Prix/FP1/laps.csv,487,17.2,17.2,0.0,13.1,17.2,17.2,19.1,1.0
raw/fastf1/2026/Australian_Grand_Prix/FP2/laps.csv,544,15.8,15.8,0.0,5.1,15.8,15.8,15.8,0.9
raw/fastf1/2026/Australian_Grand_Prix/FP3/laps.csv,377,20.7,20.7,0.0,8.8,20.7,20.7,24.9,0.8
raw/fastf1/2026/Australian_Grand_Prix/Q/laps.csv,353,26.3,28.0,0.0,0.0,28.0,28.0,30.3,0.0
raw/fastf1/2026/Australian_Grand_Prix/R/laps.csv,1007,3.3,3.2,0.0,12.5,5.3,5.3,0.7,0.0
raw/fastf1/2026/Barcelona_Grand_Prix/FP1/laps.csv,544,21.1,21.1,0.0,0.0,21.1,21.1,16.9,1.7
raw/fastf1/2026/Canadian_Grand_Prix/FP1/laps.csv,619,17.4,17.6,0.0,6.8,17.6,17.6,17.9,0.0
raw/fastf1/2026/Canadian_Grand_Prix/Q/laps.csv,456,20.0,20.0,0.0,0.0,20.0,20.0,20.0,0.0
raw/fastf1/2026/Canadian_Grand_Prix/R/laps.csv,1212,3.0,2.9,0.0,8.9,4.6,4.6,0.5,0.0
raw/fastf1/2026/Canadian_Grand_Prix/S/laps.csv,491,1.4,2.2,0.0,0.0,5.7,5.7,4.9,0.0
raw/fastf1/2026/Canadian_Grand_Prix/SQ/laps.csv,300,18.7,18.7,0.0,0.0,18.7,18.7,20.7,0.0
raw/fastf1/2026/Chinese_Grand_Prix/FP1/laps.csv,540,14.8,14.8,0.0,12.2,14.8,14.8,20.0,0.2
raw/fastf1/2026/Chinese_Grand_Prix/Q/laps.csv,325,31.1,31.1,0.0,0.0,31.1,31.1,28.6,0.0
raw/fastf1/2026/Chinese_Grand_Prix/R/laps.csv,924,2.3,2.1,7.5,0.0,4.4,4.4,2.2,1.0
raw/fastf1/2026/Chinese_Grand_Prix/S/laps.csv,397,3.5,3.3,19.6,0.0,8.6,8.6,8.8,2.0
raw/fastf1/2026/Chinese_Grand_Prix/SQ/laps.csv,257,18.7,18.7,0.0,0.0,18.7,18.7,19.1,0.0
raw/fastf1/2026/Japanese_Grand_Prix/FP1/laps.csv,529,17.8,17.8,0.0,2.8,17.8,17.8,19.1,0.9
raw/fastf1/2026/Japanese_Grand_Prix/FP2/laps.csv,547,16.3,16.3,0.0,2.6,16.3,16.3,21.6,1.1
raw/fastf1/2026/Japanese_Grand_Prix/FP3/laps.csv,436,21.1,21.1,0.0,0.0,21.3,21.3,21.3,0.9
raw/fastf1/2026/Japanese_Grand_Prix/Q/laps.csv,324,30.2,30.2,0.0,0.0,30.2,30.2,29.9,0.0
raw/fastf1/2026/Japanese_Grand_Prix/R/laps.csv,1107,2.7,2.6,12.2,0.0,4.6,4.6,1.9,3.2
raw/fastf1/2026/Miami_Grand_Prix/FP1/laps.csv,757,14.5,14.5,0.0,0.0,14.5,14.5,19.4,1.6
raw/fastf1/2026/Miami_Grand_Prix/Q/laps.csv,324,32.1,32.1,0.0,0.0,32.1,32.1,37.3,0.0
raw/fastf1/2026/Miami_Grand_Prix/R/laps.csv,1040,2.3,2.2,11.6,0.0,4.2,4.2,0.7,3.1
raw/fastf1/2026/Miami_Grand_Prix/S/laps.csv,382,0.3,0.3,0.0,0.0,6.0,6.0,5.8,0.0
raw/fastf1/2026/Miami_Grand_Prix/SQ/laps.csv,237,24.9,24.9,0.0,0.0,24.9,24.9,30.0,0.0
raw/fastf1/2026/Monaco_Grand_Prix/FP1/laps.csv,620,12.9,13.1,0.0,4.0,13.1,13.1,12.1,0.2
raw/fastf1/2026/Monaco_Grand_Prix/FP2/laps.csv,711,12.5,12.8,0.0,8.0,12.8,12.8,12.1,0.8
raw/fastf1/2026/Monaco_Grand_Prix/FP3/laps.csv,518,15.6,15.8,0.0,0.0,15.8,15.8,13.7,2.3
raw/fastf1/2026/Monaco_Grand_Prix/Q/laps.csv,484,20.7,20.7,0.0,0.0,20.7,20.7,16.7,0.0
raw/fastf1/2026/Monaco_Grand_Prix/R/laps.csv,1452,6.1,6.0,14.3,0.0,7.4,7.4,2.5,0.3
