driver,races_with_data,pressure_races_with_data,thin_sample,thin_pressure_sample,self_inflicted_dnf_rate,mechanical_dnf_rate,avg_pressure_points_delta,pressure_risk_tolerance
VER,179,27,False,False,0.03910614525139665,0.03910614525139665,7.814814814814815,1.15
ANT,30,6,False,True,0.0,0.0,6.166666666666667,1.15
NOR,158,24,False,False,0.02531645569620253,0.03164556962025317,3.4166666666666665,1.15
HAM,178,27,False,False,0.011235955056179775,0.011235955056179775,1.962962962962963,1.1402990245733906
BEA,33,7,False,True,0.0,0.0,1.0,1.136313981278131
HAD,30,6,False,True,0.0,0.0,0.8333333333333334,1.131981843598515
KUB,23,3,False,True,0.0,0.08695652173913043,0.0,1.1103211552004344
LAW,41,8,False,True,0.0,0.0,-0.25,1.1038229486810103
ALO,140,20,False,False,0.02142857142857143,0.07857142857142857,0.7,1.0883801489268217
COL,33,8,False,True,0.0,0.0,-1.25,1.077830122603314
GAS,179,27,False,False,0.0335195530726257,0.061452513966480445,0.6296296296296297,1.06390446302637
RAI,79,12,False,False,0.02531645569620253,0.08860759493670886,-0.25,1.056404907888436
ALB,134,21,False,False,0.029850746268656716,0.029850746268656716,-0.047619047619047616,1.053172577359577
SAR,36,4,False,True,0.027777777777777776,0.0,-0.25,1.051794820589158
HUL,123,18,False,False,0.04065040650406504,0.04878048780487805,0.5,1.0471788442024255
BOR,30,6,False,True,0.0,0.0,-2.6666666666666665,1.0410069523265773
RUS,158,24,False,False,0.0379746835443038,0.0379746835443038,-0.5,1.0261976809727247
MAG,125,17,False,False,0.056,0.056,0.6470588235294118,1.0222513364292989
SIR,21,3,False,True,0.047619047619047616,0.09523809523809523,0.0,1.0211300784715447
OCO,157,24,False,False,0.025477707006369428,0.06369426751592357,-1.7916666666666667,1.016030608614455
SAI,178,27,False,False,0.0449438202247191,0.03932584269662921,-0.4444444444444444,1.014588445973592
ZHO,68,9,False,False,0.04411764705882353,0.04411764705882353,-0.8888888888888888,1.004583511586795
LEC,179,27,False,False,0.061452513966480445,0.0446927374301676,0.1111111111111111,0.998107913331127
PIA,76,12,False,False,0.0,0.0,-4.583333333333333,0.9911873690109922
RIC,128,18,False,False,0.0390625,0.09375,-1.7777777777777777,0.9909471314886955
KVY,38,6,False,True,0.07894736842105263,0.05263157894736842,0.8333333333333334,0.9841124269164081
VET,101,15,False,False,0.06930693069306931,0.04950495049504951,0.13333333333333333,0.9839741101050501
GIO,60,9,False,False,0.06666666666666667,0.03333333333333333,-0.1111111111111111,0.982565555993578
TSU,114,15,False,False,0.03508771929824561,0.05263157894736842,-2.4,0.9822186318663599
STR,177,26,False,False,0.05649717514124294,0.03389830508474576,-1.1538461538461537,0.9745095112603417
MSC,44,6,False,True,0.06818181818181818,0.045454545454545456,-0.3333333333333333,0.9739514745248373
BOT,155,24,False,False,0.03870967741935484,0.05161290322580645,-2.7083333333333335,0.9674202039206079
PER,153,24,False,False,0.032679738562091505,0.05228758169934641,-4.166666666666667,0.9408081507490297
VAN,21,3,False,True,0.047619047619047616,0.09523809523809523,-3.3333333333333335,0.934487324879223
ERI,21,3,False,True,0.09523809523809523,0.09523809523809523,-0.6666666666666666,0.9146104510241905
HAR,21,3,False,True,0.14285714285714285,0.19047619047619047,0.6666666666666666,0.8600764757322293
MAZ,22,3,False,True,0.13636363636363635,0.09090909090909091,0.0,0.8549103445677045
GRO,57,9,False,False,0.14035087719298245,0.08771929824561403,-1.4444444444444444,0.85
LAT,61,9,False,False,0.14754098360655737,0.03278688524590164,0.0,0.85
