driver,races_with_data,wet_races_with_data,thin_sample,thin_wet_sample,avg_delta_degradation,avg_delta_cv,avg_delta_wet_laptime,tyre_management,consistency_factor,wet_weather_skill
ALB,121,10,False,False,-0.030455834206987508,-0.0008370274899962339,-0.8113067263679767,1.15,1.0883705254900706,1.0944137179226592
VER,165,18,False,False,-0.02653090905040393,-0.001633050342614242,-1.3147327264820585,1.15,1.1493559960505086,1.1342088345460564
GRO,49,2,False,True,-0.019627894717677702,0.0006327908246148203,1.4055299423094922,1.1457542618974221,0.9757637564003395,0.9191758999612272
MAZ,17,2,False,True,-0.015793943452577314,-0.0012121661402556617,1.7621620879120812,1.1221733272722525,1.1171109153372165,0.8909846308915103
HAD,27,1,False,True,-0.015523488167178842,-0.00014520178053629867,0.10725000000000762,1.1205098767057136,1.0353678807814901,1.0218031017790026
STR,165,15,False,False,-0.014210722791989108,-0.0006951043350601392,-0.002130144065158864,1.1124356388372454,1.0774974075152113,1.0304494481901354
HUL,110,8,False,False,-0.010568998358361816,-0.0013127736733269224,-1.6220639514836925,1.0900370062375166,1.124818731420758,1.15
HAR,15,0,False,True,-0.008339609674658861,0.002220592629263678,,1.0763250247412897,0.8541179520182749,
GAS,158,13,False,False,-0.00640866038896503,-0.0009656275166688949,0.001321690434238576,1.0644486116827965,1.0982229224594835,1.0301765855321934
VAN,18,0,False,True,-0.006370128782155781,0.0016497340707995285,,1.0642116208505337,0.8978529750730664,
BOT,150,14,False,False,-0.005326101664799709,0.0010403715475013177,-0.3618113865562031,1.0577902728732183,0.9445378913452762,1.0588817440765932
GIO,57,5,False,False,-0.00426891942618258,0.0017394946603590815,2.5270686142449224,1.051288013576746,0.8909761727625949,0.85
OCO,145,15,False,False,-0.004075517886833677,0.0008694138758241098,-0.19805734034453526,1.0500984864439136,0.9576354224260258,1.0459372172443084
SAI,157,14,False,False,-0.003712494489254537,-6.064133091810895e-05,0.02680853130469631,1.0478656904551789,1.028889475301287,1.0281618866398599
LEC,163,14,False,False,-0.0030295545338735485,-9.712892663907563e-05,-0.22565064003779867,1.043665229539739,1.031684889010006,1.0481184287412693
NOR,146,17,False,False,-0.002875945099478041,-7.15782842795285e-05,-0.71867755906736,1.0427204460044701,1.0297273849731639,1.0870915126439868
VET,96,8,False,False,-0.0018465298842285994,-0.0010566028271279029,0.425283429259661,1.036388969359496,1.1051927878339227,0.9966630068997973
ANT,29,3,False,False,-0.0016762481346033467,0.00089243803515544,2.7792559561458936,1.0353416418041554,0.9558714791089946,0.85
HAM,170,17,False,False,-0.0016509009157032253,0.00015516164003653984,-0.10096116324966431,1.035185742297228,1.0123562241656874,1.038261901129724
RUS,150,16,False,False,-0.000735772221983668,-0.0009709646743029683,-0.7972902396960713,1.0295571913824961,1.0986318165869557,1.0933057343826107
RIC,121,11,False,False,0.0002505734904912989,-0.0017791514128735638,1.3703125674513812,1.023490616156199,1.15,0.9219597838673639
LAT,56,5,False,False,0.00035722350057007377,0.000415185390613428,1.0705601354291077,1.0228346592225952,0.9924350991205109,0.9456547916495806
COL,29,1,False,True,0.0030152771299257436,0.0021275951637382703,0.1893809523809722,1.0064861496746027,0.8612427401789946,1.015310765611124
ERI,18,0,False,True,0.0054576390000577474,-0.0017171100139196035,,0.9914642645205456,1.15,
RAI,75,5,False,False,0.005906388076007827,-0.0008541256115136105,-2.5270686142449224,0.9887042078866992,1.0896804589712608,1.15
PIA,71,8,False,False,0.0071083360684273955,0.0007748160281209663,0.41688491383240844,0.9813115586138458,0.9648828202076437,0.9973268977215173
MAG,113,10,False,False,0.008384488212511438,-0.00021111103575372766,0.4931349975317076,0.9734625124991116,1.0404173676530082,0.9912994359442753
PER,140,14,False,False,0.013188765991156712,0.002758095067534246,1.0408621045798248,0.9439135296388865,0.85,0.9480023791815408
KVY,37,2,False,True,0.014191199497818753,0.0019293220118249538,0.5589204143195872,0.9377480055223304,0.8764329843147838,0.9860991913550026
BEA,33,4,False,False,0.014740477214768668,0.0009616081957518632,-0.2188256331045011,0.9343696417824566,0.9505721654286897,1.0475789215509284
ALO,132,13,False,False,0.015421754193252667,-0.00017427348028705843,-0.0336126400585357,0.9301794091007056,1.037595142578637,1.0329380951796991
TSU,102,13,False,False,0.015613969765238458,0.0005626464730186882,0.6049152566971827,0.9289971763273795,0.981137705496371,0.9824633638131665
KUB,23,1,False,True,0.016575705889555405,0.0008226182468528925,0.5134242424242359,0.9230819637683101,0.9612205625304782,0.9896955996972086
SIR,18,0,False,True,0.021392045996297588,0.000663773738364983,,0.8934587908752408,0.9733900713130674,
BOR,24,2,False,True,0.02252318495343217,0.00212399313696229,-0.27585403993855806,0.8865016565884869,0.8615187012235577,1.0520869368308177
MSC,37,6,False,False,0.02540161108542464,0.0019936145234565276,-0.2991808005080922,0.868797733468818,0.8715073605560328,1.0539308844161634
ZHO,66,9,False,False,0.028263759620356373,-0.0009160014320630142,1.0575771371783165,0.8511939266327435,1.094420933469082,0.9466810793848077
LAW,36,4,False,False,0.03020492802474957,0.00028816748908699034,0.7502182054236108,0.85,1.002166285189746,0.9709773702630093
SAR,34,3,False,False,0.13285467682794902,0.004177771042132315,1.8229753587579485,0.85,0.85,0.8861774274395369
