driver,aggression_level,defensive_strength,tyre_management,consistency_factor,wet_weather_skill,pressure_risk_tolerance
ALB,1.0054626660558863,1.1349923204229122,1.15,1.0883705254900706,1.0944137179226592,1.053172577359577
ALO,1.0191012488849245,1.0327488853186997,0.9301794091007056,1.037595142578637,1.0329380951796991,1.0883801489268217
ANT,0.8697033898305084,1.1426530419224918,1.0353416418041554,0.9558714791089946,0.85,1.15
BEA,1.0909476117103236,1.0173709812327347,0.9343696417824566,0.9505721654286896,1.0475789215509284,1.136313981278131
BOR,1.0832627118644067,1.085174695364712,0.8865016565884869,0.8615187012235577,1.0520869368308177,1.0410069523265773
BOT,0.9809322033898304,1.0855868262655763,1.0577902728732185,0.9445378913452762,1.0588817440765932,0.967420203920608
COL,1.098587570621469,1.074924454392837,1.0064861496746027,0.8612427401789946,1.015310765611124,1.077830122603314
ERI,1.1322033898305084,1.1218874850474627,0.9914642645205456,1.15,,0.9146104510241904
GAS,1.0370460048426149,1.0890263010632344,1.0644486116827965,1.0982229224594835,1.0301765855321934,1.06390446302637
GIO,1.0997507477567297,1.099417135451948,1.051288013576746,0.8909761727625949,0.85,0.982565555993578
GRO,1.15,0.85,1.145754261897422,0.9757637564003396,0.9191758999612272,0.85
HAD,1.0060092449922955,1.1188031087736352,1.1205098767057136,1.03536788078149,1.0218031017790026,1.131981843598515
HAM,0.85,1.0949293996694471,1.035185742297228,1.0123562241656874,1.038261901129724,1.1402990245733906
HAR,1.15,1.0304116688158438,1.0763250247412897,0.8541179520182749,,0.8600764757322293
HUL,1.1354391371340524,0.9407098436295678,1.0900370062375166,1.124818731420758,1.15,1.0471788442024257
KUB,1.15,0.85,0.92308196376831,0.9612205625304782,0.9896955996972086,1.1103211552004344
KVY,1.0505007704160243,1.1018461616726865,0.9377480055223304,0.8764329843147838,0.9860991913550026,0.984112426916408
LAT,1.0758474576271186,0.926519306099608,1.0228346592225952,0.9924350991205108,0.9456547916495806,0.85
LAW,1.041166883963494,1.0862747212251078,0.85,1.002166285189746,0.9709773702630092,1.1038229486810105
LEC,0.9045550847457626,1.1494310616041483,1.043665229539739,1.031684889010006,1.0481184287412693,0.998107913331127
MAG,1.1260015408320492,0.9328669042499924,0.9734625124991116,1.0404173676530082,0.9912994359442752,1.0222513364292989
MAZ,1.15,0.85,1.1221733272722525,1.1171109153372163,0.8909846308915103,0.8549103445677045
MSC,1.15,0.9177219891610924,0.868797733468818,0.8715073605560328,1.0539308844161634,0.9739514745248372
NOR,0.9453389830508474,1.1090184528604676,1.04272044600447,1.029727384973164,1.0870915126439868,1.15
OCO,1.0414002311248072,1.114107094103318,1.0500984864439136,0.9576354224260258,1.0459372172443084,1.016030608614455
PER,1.008031587057011,1.0915682648407308,0.9439135296388864,0.85,0.9480023791815408,0.9408081507490296
PIA,0.9114406779661016,1.107942031135173,0.9813115586138458,0.9648828202076436,0.9973268977215172,0.9911873690109922
RAI,1.034322033898305,0.9441754853702784,0.9887042078866992,1.0896804589712608,1.15,1.056404907888436
RIC,1.039714946070878,1.105948517067711,1.023490616156199,1.15,0.921959783867364,0.9909471314886956
RUS,1.0016949152542374,1.0364150246518418,1.029557191382496,1.0986318165869555,1.0933057343826107,1.026197680972725
SAI,1.0227155490051585,1.058370112649327,1.0478656904551789,1.028889475301287,1.02816188663986,1.014588445973592
SAR,0.9898305084745762,1.0312498030544222,0.85,0.85,0.8861774274395369,1.051794820589158
SIR,1.15,0.85,0.8934587908752408,0.9733900713130674,,1.021130078471545
STR,1.0833535108958836,1.15,1.1124356388372454,1.0774974075152113,1.0304494481901354,0.9745095112603416
TSU,1.0189211212516298,1.1469055306977285,0.9289971763273795,0.981137705496371,0.9824633638131663,0.98221863186636
VAN,1.15,0.8508617795187463,1.0642116208505337,0.8978529750730664,,0.934487324879223
VER,0.8506761630003606,0.9835313054305694,1.15,1.1493559960505086,1.1342088345460564,1.15
VET,1.0120762711864406,1.0098740003971332,1.036388969359496,1.1051927878339227,0.9966630068997973,0.98397411010505
ZHO,1.026470588235294,1.0020046489604406,0.8511939266327435,1.094420933469082,0.9466810793848076,1.004583511586795
