year,race,session,issues,degradation_pct_null,track_temp_pct_null
2018,Abu_Dhabi_Grand_Prix,FP1,[],35.2,0.0
2018,Abu_Dhabi_Grand_Prix,FP2,[],14.4,0.0
2018,Abu_Dhabi_Grand_Prix,FP3,[],38.6,0.0
2018,Abu_Dhabi_Grand_Prix,Q,[],33.3,0.0
2018,Abu_Dhabi_Grand_Prix,R,[],6.7,0.0
2018,Australian_Grand_Prix,FP1,[],20.6,0.0
2018,Australian_Grand_Prix,FP2,[],14.2,23.5
2018,Australian_Grand_Prix,FP3,[],27.9,0.0
2018,Australian_Grand_Prix,Q,[],34.1,0.0
2018,Australian_Grand_Prix,R,[],3.0,0.0
2018,Austrian_Grand_Prix,FP1,[],15.4,0.0
2018,Austrian_Grand_Prix,FP2,[],10.9,0.0
2018,Austrian_Grand_Prix,FP3,[],18.7,0.0
2018,Austrian_Grand_Prix,Q,[],29.3,0.0
2018,Austrian_Grand_Prix,R,[],2.1,0.0
2018,Azerbaijan_Grand_Prix,FP1,[],26.7,0.0
2018,Azerbaijan_Grand_Prix,FP2,[],11.7,0.0
2018,Azerbaijan_Grand_Prix,FP3,[],32.8,0.0
2018,Azerbaijan_Grand_Prix,Q,[],33.5,0.0
2018,Azerbaijan_Grand_Prix,R,[],22.2,0.0
2018,Bahrain_Grand_Prix,FP1,[],24.2,0.0
2018,Bahrain_Grand_Prix,FP2,[],10.4,0.0
2018,Bahrain_Grand_Prix,FP3,[],32.2,0.0
2018,Bahrain_Grand_Prix,Q,[],40.6,0.0
2018,Bahrain_Grand_Prix,R,[],3.2,0.0
2018,Belgian_Grand_Prix,FP1,[],23.1,0.0
2018,Belgian_Grand_Prix,FP2,[],13.8,0.0
2018,Belgian_Grand_Prix,FP3,[],38.8,0.0
2018,Belgian_Grand_Prix,Q,[],42.6,0.0
2018,Belgian_Grand_Prix,R,[],10.0,0.0
2018,Brazilian_Grand_Prix,FP1,[],18.5,0.0
2018,Brazilian_Grand_Prix,FP2,[],11.8,0.0
2018,Brazilian_Grand_Prix,FP3,[],23.8,0.0
2018,Brazilian_Grand_Prix,Q,[],34.0,0.0
2018,Brazilian_Grand_Prix,R,[],0.2,0.0
2018,British_Grand_Prix,FP1,[],23.6,0.0
2018,British_Grand_Prix,FP2,[],15.7,0.0
2018,British_Grand_Prix,FP3,[],26.1,0.0
2018,British_Grand_Prix,Q,[],39.8,0.0
2018,British_Grand_Prix,R,[],3.8,0.0
2018,Canadian_Grand_Prix,FP1,[],18.7,0.0
2018,Canadian_Grand_Prix,FP2,[],11.0,0.0
2018,Canadian_Grand_Prix,FP3,[],16.7,0.0
2018,Canadian_Grand_Prix,Q,[],27.1,0.0
2018,Canadian_Grand_Prix,R,[],1.8,0.0
2018,Chinese_Grand_Prix,FP1,[],22.8,0.0
2018,Chinese_Grand_Prix,FP2,[],15.1,0.0
2018,Chinese_Grand_Prix,FP3,[],25.2,0.0
2018,Chinese_Grand_Prix,Q,[],39.8,0.0
2018,Chinese_Grand_Prix,R,[],3.7,0.0
2018,French_Grand_Prix,FP1,[],20.6,0.0
2018,French_Grand_Prix,FP2,[],14.7,0.0
2018,French_Grand_Prix,FP3,[],60.3,0.0
2018,French_Grand_Prix,Q,[],25.6,0.0
2018,French_Grand_Prix,R,[],4.7,0.0
2018,German_Grand_Prix,FP1,[],28.9,0.0
2018,German_Grand_Prix,FP2,[],9.9,0.0
2018,German_Grand_Prix,FP3,[],44.7,0.0
2018,German_Grand_Prix,Q,[],31.5,0.0
2018,German_Grand_Prix,R,[],3.8,0.0
2018,Hungarian_Grand_Prix,FP1,[],17.7,0.0
2018,Hungarian_Grand_Prix,FP2,[],9.6,0.0
2018,Hungarian_Grand_Prix,FP3,[],24.1,0.0
2018,Hungarian_Grand_Prix,Q,[],18.2,0.0
2018,Hungarian_Grand_Prix,R,[],1.9,0.0
2018,Italian_Grand_Prix,FP1,[],24.4,0.0
2018,Italian_Grand_Prix,FP2,[],14.3,0.0
2018,Italian_Grand_Prix,FP3,[],20.0,0.0
2018,Italian_Grand_Prix,Q,[],31.3,0.0
2018,Japanese_Grand_Prix,FP1,[],20.8,0.0
2018,Japanese_Grand_Prix,FP2,[],12.7,0.0
2018,Japanese_Grand_Prix,FP3,[],33.9,0.4
2018,Japanese_Grand_Prix,Q,[],53.8,0.0
2018,Japanese_Grand_Prix,R,[],3.3,0.0
2018,Mexican_Grand_Prix,FP1,[],21.5,0.0
2018,Mexican_Grand_Prix,FP2,[],10.2,0.0
2018,Mexican_Grand_Prix,FP3,[],28.8,0.0
2018,Mexican_Grand_Prix,Q,[],31.5,0.0
2018,Mexican_Grand_Prix,R,[],0.4,0.0
2018,Monaco_Grand_Prix,FP1,[],13.2,0.0
2018,Monaco_Grand_Prix,FP2,[],10.4,0.0
2018,Monaco_Grand_Prix,FP3,[],18.1,0.0
2018,Monaco_Grand_Prix,Q,[],22.0,0.0
2018,Monaco_Grand_Prix,R,[],1.6,0.0
2018,Russian_Grand_Prix,FP1,[],22.3,0.0
2018,Russian_Grand_Prix,FP2,[],11.4,0.0
2018,Russian_Grand_Prix,FP3,[],28.5,0.0
2018,Russian_Grand_Prix,Q,[],45.3,0.0
2018,Russian_Grand_Prix,R,[],2.5,0.0
2018,Singapore_Grand_Prix,FP1,[],23.9,0.0
2018,Singapore_Grand_Prix,FP2,[],14.4,0.0
2018,Singapore_Grand_Prix,FP3,[],30.3,0.0
2018,Singapore_Grand_Prix,Q,[],42.8,0.0
2018,Singapore_Grand_Prix,R,[],6.7,0.0
2018,Spanish_Grand_Prix,FP1,[],19.4,0.0
2018,Spanish_Grand_Prix,FP2,[],13.2,0.0
2018,Spanish_Grand_Prix,FP3,[],27.6,0.0
2018,Spanish_Grand_Prix,Q,[],30.3,0.0
2018,Spanish_Grand_Prix,R,[],3.7,0.0
2018,United_States_Grand_Prix,FP1,[],31.4,0.0
2018,United_States_Grand_Prix,FP2,[],24.1,0.0
2018,United_States_Grand_Prix,FP3,[],18.8,0.0
2018,United_States_Grand_Prix,Q,[],34.0,0.0
2018,United_States_Grand_Prix,R,[],1.0,0.0
2019,Abu_Dhabi_Grand_Prix,FP1,[],36.0,0.0
2019,Abu_Dhabi_Grand_Prix,FP2,[],20.4,0.0
2019,Abu_Dhabi_Grand_Prix,FP3,[],29.4,0.0
2019,Abu_Dhabi_Grand_Prix,Q,[],33.7,0.0
2019,Abu_Dhabi_Grand_Prix,R,[],0.2,0.0
2019,Australian_Grand_Prix,FP1,[],18.7,0.0
2019,Australian_Grand_Prix,FP2,[],11.3,0.0
2019,Australian_Grand_Prix,FP3,[],22.8,0.0
2019,Australian_Grand_Prix,Q,[],32.2,0.0
2019,Australian_Grand_Prix,R,[],0.5,0.0
2019,Austrian_Grand_Prix,FP1,[],21.8,0.0
2019,Austrian_Grand_Prix,FP2,[],15.0,0.0
2019,Austrian_Grand_Prix,FP3,[],18.8,0.0
2019,Austrian_Grand_Prix,Q,[],29.9,0.0
2019,Austrian_Grand_Prix,R,[],0.1,0.0
2019,Azerbaijan_Grand_Prix,FP1,[],80.0,0.0
2019,Azerbaijan_Grand_Prix,FP2,[],24.5,0.0
2019,Azerbaijan_Grand_Prix,FP3,[],20.5,0.0
2019,Azerbaijan_Grand_Prix,Q,[],29.1,0.0
2019,Azerbaijan_Grand_Prix,R,[],0.4,0.0
2019,Bahrain_Grand_Prix,FP1,[],24.0,0.0
2019,Bahrain_Grand_Prix,FP2,[],10.4,0.0
2019,Bahrain_Grand_Prix,FP3,[],31.8,0.0
2019,Bahrain_Grand_Prix,Q,[],36.3,0.0
2019,Bahrain_Grand_Prix,R,[],0.5,0.0
2019,Belgian_Grand_Prix,FP1,[],31.5,0.0
2019,Belgian_Grand_Prix,FP2,[],23.6,0.0
2019,Belgian_Grand_Prix,FP3,[],45.9,0.0
2019,Belgian_Grand_Prix,Q,[],52.5,0.0
2019,Belgian_Grand_Prix,R,[],7.6,0.0
2019,Brazilian_Grand_Prix,FP1,[],37.9,0.0
2019,Brazilian_Grand_Prix,FP2,[],19.2,0.0
2019,Brazilian_Grand_Prix,FP3,[],23.7,0.0
2019,Brazilian_Grand_Prix,Q,[],35.8,0.0
2019,Brazilian_Grand_Prix,R,[],0.4,0.0
2019,British_Grand_Prix,FP1,[],22.2,0.2
2019,British_Grand_Prix,FP2,[],11.8,0.0
2019,British_Grand_Prix,FP3,[],19.8,0.0
2019,British_Grand_Prix,Q,[],27.0,0.0
2019,British_Grand_Prix,R,[],1.1,0.0
2019,Canadian_Grand_Prix,FP1,[],19.8,0.0
2019,Canadian_Grand_Prix,FP2,[],10.4,0.0
2019,Canadian_Grand_Prix,FP3,[],16.7,0.0
2019,Canadian_Grand_Prix,Q,[],28.4,0.0
2019,Canadian_Grand_Prix,R,[],0.2,0.0
2019,Chinese_Grand_Prix,FP1,[],20.5,0.0
2019,Chinese_Grand_Prix,FP2,[],10.9,0.0
2019,Chinese_Grand_Prix,FP3,[],41.1,0.0
2019,Chinese_Grand_Prix,Q,[],37.5,0.0
2019,Chinese_Grand_Prix,R,[],0.2,0.0
2019,French_Grand_Prix,FP1,[],21.5,0.0
2019,French_Grand_Prix,FP2,[],13.5,0.0
2019,French_Grand_Prix,FP3,[],22.9,0.0
2019,French_Grand_Prix,Q,[],29.8,0.0
2019,French_Grand_Prix,R,[],0.3,0.0
2019,German_Grand_Prix,FP1,[],20.5,0.0
2019,German_Grand_Prix,FP2,[],17.9,0.0
2019,German_Grand_Prix,FP3,[],17.7,0.0
2019,German_Grand_Prix,Q,[],33.9,0.0
2019,German_Grand_Prix,R,[],7.4,0.0
2019,Hungarian_Grand_Prix,FP1,[],18.8,0.0
2019,Hungarian_Grand_Prix,FP2,[],27.8,0.0
2019,Hungarian_Grand_Prix,FP3,[],21.2,0.0
2019,Hungarian_Grand_Prix,Q,[],32.8,0.0
2019,Hungarian_Grand_Prix,R,[],0.0,0.0
2019,Italian_Grand_Prix,FP1,[],42.9,0.0
2019,Italian_Grand_Prix,FP2,[],10.8,0.0
2019,Italian_Grand_Prix,FP3,[],20.6,0.0
2019,Italian_Grand_Prix,Q,[],44.0,0.0
2019,Italian_Grand_Prix,R,[],0.3,0.0
2019,Japanese_Grand_Prix,FP1,[],24.0,0.0
2019,Japanese_Grand_Prix,FP2,[],15.7,0.0
2019,Japanese_Grand_Prix,Q,[],46.3,0.0
2019,Japanese_Grand_Prix,R,[],0.1,0.0
2019,Mexican_Grand_Prix,FP1,[],25.5,0.0
2019,Mexican_Grand_Prix,FP2,[],12.8,0.0
2019,Mexican_Grand_Prix,FP3,[],29.1,0.0
2019,Mexican_Grand_Prix,Q,[],29.4,0.0
2019,Mexican_Grand_Prix,R,[],0.1,0.0
2019,Monaco_Grand_Prix,FP1,[],10.9,0.0
2019,Monaco_Grand_Prix,FP2,[],7.8,0.0
2019,Monaco_Grand_Prix,FP3,[],12.9,0.0
2019,Monaco_Grand_Prix,Q,[],19.2,0.0
2019,Monaco_Grand_Prix,R,[],0.1,0.0
2019,Russian_Grand_Prix,FP1,[],23.1,0.0
2019,Russian_Grand_Prix,FP2,[],12.8,0.0
2019,Russian_Grand_Prix,FP3,[],25.6,0.0
2019,Russian_Grand_Prix,Q,[],40.1,0.0
2019,Russian_Grand_Prix,R,[],6.8,0.0
2019,Singapore_Grand_Prix,FP1,[],27.0,0.0
2019,Singapore_Grand_Prix,FP2,[],14.8,0.0
2019,Singapore_Grand_Prix,FP3,[],47.0,0.0
2019,Singapore_Grand_Prix,Q,[],39.9,0.0
2019,Singapore_Grand_Prix,R,[],11.6,0.0
2019,Spanish_Grand_Prix,FP1,[],25.0,0.0
2019,Spanish_Grand_Prix,FP2,[],9.5,0.0
2019,Spanish_Grand_Prix,FP3,[],35.3,0.0
2019,Spanish_Grand_Prix,Q,[],36.5,0.0
2019,Spanish_Grand_Prix,R,[],0.3,0.0
2019,United_States_Grand_Prix,FP1,[],20.6,0.0
2019,United_States_Grand_Prix,FP2,[],16.4,0.0
2019,United_States_Grand_Prix,FP3,[],30.9,0.0
2019,United_States_Grand_Prix,Q,[],31.5,0.0
2019,United_States_Grand_Prix,R,[],0.4,0.0
2020,70th_Anniversary_Grand_Prix,FP1,[],27.3,0.0
2020,70th_Anniversary_Grand_Prix,FP2,[],17.0,0.0
2020,70th_Anniversary_Grand_Prix,FP3,[],26.9,0.0
2020,70th_Anniversary_Grand_Prix,Q,[],37.0,0.0
2020,70th_Anniversary_Grand_Prix,R,[],0.0,0.0
2020,Abu_Dhabi_Grand_Prix,FP1,[],27.0,0.0
2020,Abu_Dhabi_Grand_Prix,FP2,[],25.5,0.0
2020,Abu_Dhabi_Grand_Prix,FP3,[],33.7,0.0
2020,Abu_Dhabi_Grand_Prix,Q,[],33.8,0.0
2020,Abu_Dhabi_Grand_Prix,R,[],2.3,0.0
2020,Austrian_Grand_Prix,FP1,[],24.1,0.0
2020,Austrian_Grand_Prix,FP2,[],9.8,0.0
2020,Austrian_Grand_Prix,FP3,[],26.3,0.0
2020,Austrian_Grand_Prix,Q,[],33.2,0.0
2020,Austrian_Grand_Prix,R,[],5.0,0.0
2020,Bahrain_Grand_Prix,FP1,[],19.2,0.0
2020,Bahrain_Grand_Prix,FP2,[],18.3,0.0
2020,Bahrain_Grand_Prix,FP3,[],38.5,0.0
2020,Bahrain_Grand_Prix,Q,[],47.3,0.0
2020,Bahrain_Grand_Prix,R,[],8.5,0.0
2020,Belgian_Grand_Prix,FP1,[],27.8,0.0
2020,Belgian_Grand_Prix,FP2,[],28.5,0.0
2020,Belgian_Grand_Prix,FP3,[],40.3,0.0
2020,Belgian_Grand_Prix,Q,[],41.2,0.0
2020,Belgian_Grand_Prix,R,[],8.5,0.0
2020,British_Grand_Prix,FP1,[],26.8,0.0
2020,British_Grand_Prix,FP2,[],16.7,0.0
2020,British_Grand_Prix,FP3,[],19.9,0.0
2020,British_Grand_Prix,Q,[],36.3,0.0
2020,British_Grand_Prix,R,[],10.5,0.0
2020,Eifel_Grand_Prix,FP3,[],18.4,0.0
2020,Eifel_Grand_Prix,Q,[],28.8,0.0
2020,Eifel_Grand_Prix,R,[],0.9,2.0
2020,Emilia_Romagna_Grand_Prix,FP1,[],12.2,0.0
2020,Emilia_Romagna_Grand_Prix,Q,[],29.1,0.0
2020,Emilia_Romagna_Grand_Prix,R,[],0.4,0.0
2020,Hungarian_Grand_Prix,FP1,[],15.8,0.0
2020,Hungarian_Grand_Prix,FP2,[],43.1,0.0
2020,Hungarian_Grand_Prix,FP3,[],19.7,0.0
2020,Hungarian_Grand_Prix,Q,[],31.2,0.0
2020,Hungarian_Grand_Prix,R,[],5.7,0.0
2020,Italian_Grand_Prix,FP1,[],20.1,0.0
2020,Italian_Grand_Prix,FP2,[],12.1,0.0
2020,Italian_Grand_Prix,FP3,[],37.6,0.0
2020,Italian_Grand_Prix,Q,[],38.7,0.0
2020,Italian_Grand_Prix,R,[],6.2,0.0
2020,Portuguese_Grand_Prix,FP1,[],13.5,0.0
2020,Portuguese_Grand_Prix,FP2,[],18.9,0.0
2020,Portuguese_Grand_Prix,FP3,[],21.8,0.0
2020,Portuguese_Grand_Prix,Q,[],23.1,0.0
2020,Portuguese_Grand_Prix,R,[],0.1,0.0
2020,Russian_Grand_Prix,FP1,[],38.9,0.0
2020,Russian_Grand_Prix,FP2,[],14.5,0.0
2020,Russian_Grand_Prix,FP3,[],39.6,0.0
2020,Russian_Grand_Prix,Q,[],48.7,0.0
2020,Russian_Grand_Prix,R,[],8.3,0.0
2020,Sakhir_Grand_Prix,FP1,[],13.6,0.0
2020,Sakhir_Grand_Prix,FP2,[],8.0,0.0
2020,Sakhir_Grand_Prix,FP3,[],19.0,0.0
2020,Sakhir_Grand_Prix,Q,[],31.1,0.0
2020,Sakhir_Grand_Prix,R,[],0.3,0.0
2020,Spanish_Grand_Prix,FP1,[],16.1,0.0
2020,Spanish_Grand_Prix,FP2,[],10.0,0.0
2020,Spanish_Grand_Prix,FP3,[],25.5,0.0
2020,Spanish_Grand_Prix,Q,[],37.7,0.0
2020,Spanish_Grand_Prix,R,[],0.3,0.0
2020,Styrian_Grand_Prix,FP1,[],21.4,0.0
2020,Styrian_Grand_Prix,FP2,[],16.2,0.0
2020,Styrian_Grand_Prix,Q,[],14.5,0.0
2020,Styrian_Grand_Prix,R,[],0.5,0.0
2020,Turkish_Grand_Prix,FP1,[],19.4,0.0
2020,Turkish_Grand_Prix,FP2,[],9.2,0.0
2020,Turkish_Grand_Prix,FP3,[],38.5,0.0
2020,Turkish_Grand_Prix,Q,[],35.4,0.0
2020,Turkish_Grand_Prix,R,[],0.4,0.0
2020,Tuscan_Grand_Prix,FP1,[],16.7,0.0
2020,Tuscan_Grand_Prix,FP2,[],18.3,0.0
2020,Tuscan_Grand_Prix,FP3,[],24.2,0.0
2020,Tuscan_Grand_Prix,Q,[],39.7,0.0
2020,Tuscan_Grand_Prix,R,[],24.0,0.0
2021,Abu_Dhabi_Grand_Prix,FP1,[],22.4,0.0
2021,Abu_Dhabi_Grand_Prix,FP2,[],17.6,0.0
2021,Abu_Dhabi_Grand_Prix,FP3,[],24.0,0.0
2021,Abu_Dhabi_Grand_Prix,Q,[],32.9,0.0
2021,Abu_Dhabi_Grand_Prix,R,[],4.0,0.0
2021,Austrian_Grand_Prix,FP1,[],12.8,0.0
2021,Austrian_Grand_Prix,FP2,[],11.3,0.0
2021,Austrian_Grand_Prix,FP3,[],19.5,0.0
2021,Austrian_Grand_Prix,Q,[],33.1,0.0
2021,Austrian_Grand_Prix,R,[],0.2,0.0
2021,Azerbaijan_Grand_Prix,FP1,[],19.0,0.0
2021,Azerbaijan_Grand_Prix,FP2,[],22.1,0.0
2021,Azerbaijan_Grand_Prix,FP3,[],32.8,0.0
2021,Azerbaijan_Grand_Prix,Q,[],53.5,0.0
2021,Azerbaijan_Grand_Prix,R,[],13.0,0.0
2021,Bahrain_Grand_Prix,FP1,[],29.6,0.0
2021,Bahrain_Grand_Prix,FP2,[],18.3,0.0
2021,Bahrain_Grand_Prix,FP3,[],42.1,0.0
2021,Bahrain_Grand_Prix,Q,[],39.8,0.0
2021,Bahrain_Grand_Prix,R,[],1.6,0.0
2021,Belgian_Grand_Prix,FP1,[],30.0,0.0
2021,Belgian_Grand_Prix,FP2,[],38.6,0.0
2021,Belgian_Grand_Prix,FP3,[],25.1,0.0
2021,Belgian_Grand_Prix,Q,[],34.3,0.0
2021,Belgian_Grand_Prix,R,[],100.0,0.0
2021,British_Grand_Prix,FP1,[],17.8,0.0
2021,British_Grand_Prix,FP2,[],13.5,0.0
2021,British_Grand_Prix,Q,[],31.1,0.0
2021,British_Grand_Prix,R,[],6.6,0.0
2021,British_Grand_Prix,S,[],5.9,0.0
2021,British_Grand_Prix,SQ,[],5.9,0.0
2021,Dutch_Grand_Prix,FP1,[],18.2,0.0
2021,Dutch_Grand_Prix,FP2,[],21.8,0.0
2021,Dutch_Grand_Prix,FP3,[],25.2,0.0
2021,Dutch_Grand_Prix,Q,[],38.9,0.0
2021,Dutch_Grand_Prix,R,[],0.2,0.0
2021,Emilia_Romagna_Grand_Prix,FP1,[],18.2,0.0
2021,Emilia_Romagna_Grand_Prix,FP2,[],16.0,0.0
2021,Emilia_Romagna_Grand_Prix,FP3,[],24.1,0.0
2021,Emilia_Romagna_Grand_Prix,Q,[],41.2,0.0
2021,Emilia_Romagna_Grand_Prix,R,[],4.3,0.0
2021,French_Grand_Prix,FP1,[],19.7,0.0
2021,French_Grand_Prix,FP2,[],28.0,0.0
2021,French_Grand_Prix,FP3,[],40.1,0.0
2021,French_Grand_Prix,Q,[],59.3,0.0
2021,French_Grand_Prix,R,[],0.0,0.0
2021,Hungarian_Grand_Prix,FP1,[],18.2,0.0
2021,Hungarian_Grand_Prix,FP2,[],12.8,0.0
2021,Hungarian_Grand_Prix,FP3,[],25.9,0.0
2021,Hungarian_Grand_Prix,Q,[],37.9,0.0
2021,Hungarian_Grand_Prix,R,[],5.5,0.0
2021,Italian_Grand_Prix,FP1,[],16.3,0.0
2021,Italian_Grand_Prix,FP2,[],17.2,0.0
2021,Italian_Grand_Prix,Q,[],35.5,0.0
2021,Italian_Grand_Prix,R,[],4.6,0.0
2021,Italian_Grand_Prix,S,[],12.0,0.0
2021,Italian_Grand_Prix,SQ,[],12.0,0.0
2021,Mexico_City_Grand_Prix,FP1,[],14.0,0.0
2021,Mexico_City_Grand_Prix,FP2,[],12.7,0.0
2021,Mexico_City_Grand_Prix,FP3,[],25.7,0.0
2021,Mexico_City_Grand_Prix,Q,[],41.2,0.0
2021,Mexico_City_Grand_Prix,R,[],0.5,0.0
2021,Monaco_Grand_Prix,FP1,[],8.4,0.0
2021,Monaco_Grand_Prix,FP2,[],11.0,0.0
2021,Monaco_Grand_Prix,FP3,[],11.8,0.0
2021,Monaco_Grand_Prix,Q,[],17.6,0.0
2021,Monaco_Grand_Prix,R,[],0.1,0.0
2021,Portuguese_Grand_Prix,FP1,[],13.2,0.2
2021,Portuguese_Grand_Prix,FP2,[],10.9,0.0
2021,Portuguese_Grand_Prix,FP3,[],18.3,0.0
2021,Portuguese_Grand_Prix,Q,[],26.6,0.0
2021,Portuguese_Grand_Prix,R,[],4.9,0.0
2021,Qatar_Grand_Prix,FP1,[],17.9,0.0
2021,Qatar_Grand_Prix,FP2,[],17.4,0.0
2021,Qatar_Grand_Prix,FP3,[],27.7,0.0
2021,Qatar_Grand_Prix,Q,[],32.9,0.0
2021,Qatar_Grand_Prix,R,[],0.4,0.0
2021,Russian_Grand_Prix,FP1,[],20.5,0.0
2021,Russian_Grand_Prix,FP2,[],30.2,0.0
2021,Russian_Grand_Prix,Q,[],22.4,0.0
2021,Russian_Grand_Prix,R,[],1.9,0.0
2021,Saudi_Arabian_Grand_Prix,FP1,[],19.8,0.0
2021,Saudi_Arabian_Grand_Prix,FP2,[],25.1,0.0
2021,Saudi_Arabian_Grand_Prix,FP3,[],28.0,0.0
2021,Saudi_Arabian_Grand_Prix,Q,[],26.5,0.0
2021,Saudi_Arabian_Grand_Prix,R,[],14.0,0.0
2021,Spanish_Grand_Prix,FP1,[],18.3,0.0
2021,Spanish_Grand_Prix,FP2,[],12.5,0.0
2021,Spanish_Grand_Prix,FP3,[],27.2,0.0
2021,Spanish_Grand_Prix,Q,[],38.5,0.0
2021,Spanish_Grand_Prix,R,[],0.2,0.0
2021,Styrian_Grand_Prix,FP1,[],11.5,0.0
2021,Styrian_Grand_Prix,FP2,[],10.0,0.0
2021,Styrian_Grand_Prix,FP3,[],16.2,0.0
2021,Styrian_Grand_Prix,Q,[],30.9,0.0
2021,Styrian_Grand_Prix,R,[],0.6,0.0
2021,São_Paulo_Grand_Prix,FP1,[],16.3,0.0
2021,São_Paulo_Grand_Prix,FP2,[],13.7,0.0
2021,São_Paulo_Grand_Prix,Q,[],31.3,0.0
2021,São_Paulo_Grand_Prix,R,[],2.1,0.0
2021,São_Paulo_Grand_Prix,S,[],4.2,0.0
2021,São_Paulo_Grand_Prix,SQ,[],4.2,0.0
2021,Turkish_Grand_Prix,FP1,[],14.7,0.0
2021,Turkish_Grand_Prix,FP2,[],13.4,0.0
2021,Turkish_Grand_Prix,FP3,[],27.1,0.0
2021,Turkish_Grand_Prix,Q,[],24.1,0.0
2021,Turkish_Grand_Prix,R,[],0.1,0.0
2021,United_States_Grand_Prix,FP1,[],31.5,0.0
2021,United_States_Grand_Prix,FP2,[],23.8,0.0
2021,United_States_Grand_Prix,FP3,[],49.5,0.0
2021,United_States_Grand_Prix,Q,[],38.2,0.0
2021,United_States_Grand_Prix,R,[],0.1,0.0
2022,Abu_Dhabi_Grand_Prix,FP1,[],19.7,0.0
2022,Abu_Dhabi_Grand_Prix,FP2,[],15.8,0.0
2022,Abu_Dhabi_Grand_Prix,FP3,[],30.4,0.0
2022,Abu_Dhabi_Grand_Prix,Q,[],32.8,0.0
2022,Abu_Dhabi_Grand_Prix,R,[],0.0,0.0
2022,Australian_Grand_Prix,FP1,[],15.9,0.0
2022,Australian_Grand_Prix,FP2,[],19.0,0.0
2022,Australian_Grand_Prix,FP3,[],26.7,0.0
2022,Australian_Grand_Prix,Q,[],28.7,0.0
2022,Australian_Grand_Prix,R,[],2.1,0.0
2022,Austrian_Grand_Prix,FP1,[],16.6,0.0
2022,Austrian_Grand_Prix,FP2,[],10.9,0.0
2022,Austrian_Grand_Prix,Q,[],30.4,0.0
2022,Austrian_Grand_Prix,R,[],27.2,0.0
2022,Azerbaijan_Grand_Prix,FP1,[],30.5,0.0
2022,Azerbaijan_Grand_Prix,FP2,[],19.9,0.0
2022,Azerbaijan_Grand_Prix,FP3,[],33.6,0.0
2022,Azerbaijan_Grand_Prix,Q,[],39.7,0.0
2022,Azerbaijan_Grand_Prix,R,[],2.1,0.0
2022,Bahrain_Grand_Prix,FP1,[],22.5,0.0
2022,Bahrain_Grand_Prix,FP2,[],16.4,0.0
2022,Bahrain_Grand_Prix,FP3,[],27.8,0.0
2022,Bahrain_Grand_Prix,Q,[],37.9,0.0
2022,Bahrain_Grand_Prix,R,[],0.6,0.0
2022,Belgian_Grand_Prix,FP1,[],51.8,0.0
2022,Belgian_Grand_Prix,FP2,[],35.3,0.0
2022,Belgian_Grand_Prix,FP3,[],35.1,0.0
2022,Belgian_Grand_Prix,Q,[],42.5,0.0
2022,Belgian_Grand_Prix,R,[],5.8,0.0
2022,British_Grand_Prix,FP1,[],63.7,0.0
2022,British_Grand_Prix,FP2,[],13.8,0.0
2022,British_Grand_Prix,FP3,[],21.3,0.0
2022,British_Grand_Prix,Q,[],13.5,0.0
2022,British_Grand_Prix,R,[],7.2,0.0
2022,Canadian_Grand_Prix,FP1,[],12.5,0.0
2022,Canadian_Grand_Prix,FP2,[],11.9,0.0
2022,Canadian_Grand_Prix,FP3,[],20.8,0.0
2022,Canadian_Grand_Prix,Q,[],16.4,0.0
2022,Canadian_Grand_Prix,R,[],0.2,0.0
2022,Dutch_Grand_Prix,FP1,[],15.0,0.0
2022,Dutch_Grand_Prix,FP2,[],23.3,0.0
2022,Dutch_Grand_Prix,FP3,[],19.3,0.0
2022,Dutch_Grand_Prix,Q,[],36.9,0.0
2022,Dutch_Grand_Prix,R,[],0.9,0.0
2022,Emilia_Romagna_Grand_Prix,FP1,[],26.3,0.0
2022,Emilia_Romagna_Grand_Prix,FP2,[],11.1,0.0
2022,Emilia_Romagna_Grand_Prix,Q,[],45.9,0.0
2022,Emilia_Romagna_Grand_Prix,R,[],0.6,0.0
2022,Emilia_Romagna_Grand_Prix,sprint,['NO WEATHER DATA (track_temp_c 100% null -- weather.csv likely missing)'],5.0,100.0
2022,French_Grand_Prix,FP1,[],29.2,0.0
2022,French_Grand_Prix,FP2,[],28.2,0.0
2022,French_Grand_Prix,FP3,[],38.9,0.0
2022,French_Grand_Prix,Q,[],55.7,0.0
2022,French_Grand_Prix,R,[],1.4,0.0
2022,Hungarian_Grand_Prix,FP1,[],17.6,0.0
2022,Hungarian_Grand_Prix,FP2,[],14.5,0.0
2022,Hungarian_Grand_Prix,FP3,[],33.1,0.0
2022,Hungarian_Grand_Prix,Q,[],29.0,0.0
2022,Hungarian_Grand_Prix,R,[],0.4,0.0
2022,Italian_Grand_Prix,FP1,[],15.7,0.0
2022,Italian_Grand_Prix,FP2,[],17.6,0.0
2022,Italian_Grand_Prix,FP3,[],20.3,0.0
2022,Italian_Grand_Prix,Q,[],36.5,0.0
2022,Italian_Grand_Prix,R,[],4.7,0.0
2022,Japanese_Grand_Prix,FP1,[],34.0,0.0
2022,Japanese_Grand_Prix,FP2,[],24.3,0.0
2022,Japanese_Grand_Prix,FP3,[],18.5,0.0
2022,Japanese_Grand_Prix,Q,[],34.8,0.0
2022,Japanese_Grand_Prix,R,[],18.7,0.0
2022,Mexico_City_Grand_Prix,FP1,[],24.1,0.0
2022,Mexico_City_Grand_Prix,FP2,[],19.9,0.0
2022,Mexico_City_Grand_Prix,FP3,[],16.1,0.0
2022,Mexico_City_Grand_Prix,Q,[],31.9,0.0
2022,Mexico_City_Grand_Prix,R,[],0.2,0.0
2022,Miami_Grand_Prix,FP1,[],19.7,0.0
2022,Miami_Grand_Prix,FP2,[],24.4,0.0
2022,Miami_Grand_Prix,FP3,[],22.4,0.0
2022,Miami_Grand_Prix,Q,[],30.3,0.0
2022,Miami_Grand_Prix,R,[],3.5,0.0
2022,Monaco_Grand_Prix,FP1,[],10.7,0.0
2022,Monaco_Grand_Prix,FP2,[],11.1,0.0
2022,Monaco_Grand_Prix,FP3,[],14.0,0.0
2022,Monaco_Grand_Prix,Q,[],29.0,0.0
2022,Monaco_Grand_Prix,R,[],15.7,0.0
2022,Saudi_Arabian_Grand_Prix,FP1,[],22.6,0.0
2022,Saudi_Arabian_Grand_Prix,FP2,[],18.0,0.0
2022,Saudi_Arabian_Grand_Prix,FP3,[],24.9,0.0
2022,Saudi_Arabian_Grand_Prix,Q,[],35.2,0.0
2022,Saudi_Arabian_Grand_Prix,R,[],6.0,0.0
2022,Singapore_Grand_Prix,FP1,[],29.9,0.0
2022,Singapore_Grand_Prix,FP2,[],28.5,0.0
2022,Singapore_Grand_Prix,FP3,[],33.0,0.0
2022,Singapore_Grand_Prix,Q,[],31.6,0.0
2022,Singapore_Grand_Prix,R,[],11.6,0.0
2022,Spanish_Grand_Prix,FP1,[],16.6,0.0
2022,Spanish_Grand_Prix,FP2,[],13.6,0.0
2022,Spanish_Grand_Prix,FP3,[],25.6,0.0
2022,Spanish_Grand_Prix,Q,[],37.4,0.0
2022,Spanish_Grand_Prix,R,[],0.2,0.0
2022,São_Paulo_Grand_Prix,FP1,[],13.5,0.0
2022,São_Paulo_Grand_Prix,FP2,[],8.9,0.0
2022,São_Paulo_Grand_Prix,Q,[],19.7,0.0
2022,São_Paulo_Grand_Prix,R,[],1.7,0.0
2022,São_Paulo_Grand_Prix,sprint,[],4.7,0.0
2022,United_States_Grand_Prix,FP1,[],28.8,0.0
2022,United_States_Grand_Prix,FP2,[],15.5,0.0
2022,United_States_Grand_Prix,FP3,[],33.1,0.0
2022,United_States_Grand_Prix,Q,[],35.3,0.0
2022,United_States_Grand_Prix,R,[],8.0,0.0
2023,Abu_Dhabi_Grand_Prix,FP1,[],23.7,0.0
2023,Abu_Dhabi_Grand_Prix,FP2,[],32.1,0.0
2023,Abu_Dhabi_Grand_Prix,FP3,[],29.4,0.0
2023,Abu_Dhabi_Grand_Prix,Q,[],35.7,0.0
2023,Abu_Dhabi_Grand_Prix,R,[],0.1,0.0
2023,Australian_Grand_Prix,FP1,[],16.5,0.0
2023,Australian_Grand_Prix,FP2,[],29.3,0.0
2023,Australian_Grand_Prix,FP3,[],14.8,0.0
2023,Australian_Grand_Prix,Q,[],22.9,0.0
2023,Australian_Grand_Prix,R,[],11.0,0.0
2023,Austrian_Grand_Prix,FP1,[],15.4,0.0
2023,Austrian_Grand_Prix,Q,[],34.2,0.0
2023,Austrian_Grand_Prix,R,[],3.3,0.0
2023,Austrian_Grand_Prix,S,[],4.2,0.0
2023,Austrian_Grand_Prix,Sprint Shootout,[],17.5,0.0
2023,Azerbaijan_Grand_Prix,FP1,[],28.5,0.0
2023,Azerbaijan_Grand_Prix,Q,[],42.4,0.0
2023,Azerbaijan_Grand_Prix,R,[],3.7,0.0
2023,Azerbaijan_Grand_Prix,S,[],24.0,0.0
2023,Azerbaijan_Grand_Prix,Sprint Shootout,[],39.5,0.0
2023,Bahrain_Grand_Prix,FP1,[],24.6,0.0
2023,Bahrain_Grand_Prix,FP2,[],15.9,0.0
2023,Bahrain_Grand_Prix,FP3,[],28.7,0.0
2023,Bahrain_Grand_Prix,Q,[],39.8,0.0
2023,Bahrain_Grand_Prix,R,[],0.4,0.0
2023,Belgian_Grand_Prix,FP1,[],66.7,0.0
2023,Belgian_Grand_Prix,Q,[],34.3,0.0
2023,Belgian_Grand_Prix,R,[],0.4,0.0
2023,Belgian_Grand_Prix,S,[],28.7,0.0
2023,Belgian_Grand_Prix,Sprint Shootout,[],47.2,0.0
2023,British_Grand_Prix,FP1,[],22.4,0.0
2023,British_Grand_Prix,FP2,[],16.0,0.0
2023,British_Grand_Prix,FP3,[],29.3,0.0
2023,British_Grand_Prix,Q,[],31.6,0.0
2023,British_Grand_Prix,R,[],0.8,0.0
2023,Canadian_Grand_Prix,FP1,[],69.2,0.0
2023,Canadian_Grand_Prix,FP2,[],15.6,0.0
2023,Canadian_Grand_Prix,FP3,[],11.3,0.0
2023,Canadian_Grand_Prix,Q,[],25.9,0.0
2023,Canadian_Grand_Prix,R,[],3.1,0.0
2023,Dutch_Grand_Prix,FP1,[],19.3,0.0
2023,Dutch_Grand_Prix,FP2,[],14.7,0.0
2023,Dutch_Grand_Prix,FP3,[],29.3,0.0
2023,Dutch_Grand_Prix,Q,[],19.1,0.0
2023,Dutch_Grand_Prix,R,[],4.5,0.0
2023,Hungarian_Grand_Prix,FP1,[],54.2,0.0
2023,Hungarian_Grand_Prix,FP2,[],17.9,0.0
2023,Hungarian_Grand_Prix,FP3,[],21.0,0.0
2023,Hungarian_Grand_Prix,Q,[],32.7,0.0
2023,Hungarian_Grand_Prix,R,[],0.2,0.0
2023,Italian_Grand_Prix,FP1,[],18.4,0.0
2023,Italian_Grand_Prix,FP2,[],36.5,0.0
2023,Italian_Grand_Prix,FP3,[],19.9,0.0
2023,Italian_Grand_Prix,Q,[],30.9,0.0
2023,Italian_Grand_Prix,R,[],1.0,0.0
2023,Japanese_Grand_Prix,FP1,[],27.6,0.0
2023,Japanese_Grand_Prix,FP2,[],27.9,0.0
2023,Japanese_Grand_Prix,FP3,[],37.3,0.0
2023,Japanese_Grand_Prix,Q,[],42.6,0.0
2023,Japanese_Grand_Prix,R,[],8.0,0.0
2023,Las_Vegas_Grand_Prix,FP1,[],48.5,0.0
2023,Las_Vegas_Grand_Prix,FP2,[],13.7,0.0
2023,Las_Vegas_Grand_Prix,FP3,[],21.9,0.0
2023,Las_Vegas_Grand_Prix,Q,[],23.3,0.0
2023,Las_Vegas_Grand_Prix,R,[],10.1,0.0
2023,Mexico_City_Grand_Prix,FP1,[],13.9,0.0
2023,Mexico_City_Grand_Prix,FP2,[],13.9,0.0
2023,Mexico_City_Grand_Prix,FP3,[],19.9,0.0
2023,Mexico_City_Grand_Prix,Q,[],38.2,0.0
2023,Mexico_City_Grand_Prix,R,[],3.2,0.0
2023,Miami_Grand_Prix,FP1,[],19.2,0.0
2023,Miami_Grand_Prix,FP2,[],24.8,0.0
2023,Miami_Grand_Prix,FP3,[],25.5,0.0
2023,Miami_Grand_Prix,Q,[],32.9,0.0
2023,Miami_Grand_Prix,R,[],0.2,0.0
2023,Monaco_Grand_Prix,FP1,[],9.9,0.0
2023,Monaco_Grand_Prix,FP2,[],13.7,0.0
2023,Monaco_Grand_Prix,FP3,[],13.2,0.0
2023,Monaco_Grand_Prix,Q,[],22.4,0.0
2023,Monaco_Grand_Prix,R,[],0.5,0.0
2023,Qatar_Grand_Prix,FP1,[],14.5,0.0
2023,Qatar_Grand_Prix,Q,[],29.9,0.0
2023,Qatar_Grand_Prix,R,[],1.9,0.0
2023,Qatar_Grand_Prix,S,[],11.5,0.0
2023,Qatar_Grand_Prix,Sprint Shootout,[],23.4,12.3
2023,Saudi_Arabian_Grand_Prix,FP1,[],25.1,0.0
2023,Saudi_Arabian_Grand_Prix,FP2,[],18.8,0.0
2023,Saudi_Arabian_Grand_Prix,FP3,[],25.8,0.0
2023,Saudi_Arabian_Grand_Prix,Q,[],29.8,0.0
2023,Saudi_Arabian_Grand_Prix,R,[],2.3,0.0
2023,Singapore_Grand_Prix,FP1,[],28.0,0.0
2023,Singapore_Grand_Prix,FP2,[],25.7,0.0
2023,Singapore_Grand_Prix,FP3,[],35.5,0.0
2023,Singapore_Grand_Prix,Q,[],42.4,0.0
2023,Singapore_Grand_Prix,R,[],2.6,0.0
2023,Spanish_Grand_Prix,FP1,[],14.1,0.0
2023,Spanish_Grand_Prix,FP2,[],11.0,0.0
2023,Spanish_Grand_Prix,FP3,[],29.9,0.0
2023,Spanish_Grand_Prix,Q,[],40.4,0.0
2023,Spanish_Grand_Prix,R,[],0.1,0.0
2023,São_Paulo_Grand_Prix,FP1,[],13.4,0.0
2023,São_Paulo_Grand_Prix,Q,[],32.4,0.0
2023,São_Paulo_Grand_Prix,R,[],4.7,0.0
2023,São_Paulo_Grand_Prix,S,[],4.2,0.0
2023,São_Paulo_Grand_Prix,Sprint Shootout,[],40.7,0.0
2023,United_States_Grand_Prix,FP1,[],27.2,0.0
2023,United_States_Grand_Prix,Q,[],34.8,0.0
2023,United_States_Grand_Prix,R,[],0.2,0.0
2023,United_States_Grand_Prix,S,[],5.3,0.0
2023,United_States_Grand_Prix,Sprint Shootout,[],29.7,0.0
2024,Abu_Dhabi_Grand_Prix,FP1,[],25.9,0.0
2024,Abu_Dhabi_Grand_Prix,FP2,[],21.1,0.0
2024,Abu_Dhabi_Grand_Prix,FP3,[],33.0,0.0
2024,Abu_Dhabi_Grand_Prix,Q,[],39.5,0.0
2024,Abu_Dhabi_Grand_Prix,R,[],1.3,0.0
2024,Australian_Grand_Prix,FP1,[],21.3,0.2
2024,Australian_Grand_Prix,FP2,[],14.3,0.0
2024,Australian_Grand_Prix,FP3,[],18.4,0.0
2024,Australian_Grand_Prix,Q,[],28.7,0.0
2024,Australian_Grand_Prix,R,[],0.3,0.0
2024,Austrian_Grand_Prix,FP1,[],19.2,0.0
2024,Austrian_Grand_Prix,Q,[],37.8,0.0
2024,Austrian_Grand_Prix,R,[],0.3,0.0
2024,Austrian_Grand_Prix,S,[],4.3,0.0
2024,Austrian_Grand_Prix,SQ,[],35.4,0.0
2024,Azerbaijan_Grand_Prix,FP1,[],49.2,0.0
2024,Azerbaijan_Grand_Prix,FP2,[],26.8,0.0
2024,Azerbaijan_Grand_Prix,FP3,[],51.4,0.0
2024,Azerbaijan_Grand_Prix,Q,[],31.8,0.0
2024,Azerbaijan_Grand_Prix,R,[],2.5,0.0
2024,Bahrain_Grand_Prix,FP1,[],22.3,0.0
2024,Bahrain_Grand_Prix,FP2,[],16.2,0.2
2024,Bahrain_Grand_Prix,FP3,[],29.9,0.0
2024,Bahrain_Grand_Prix,Q,[],38.6,0.0
2024,Bahrain_Grand_Prix,R,[],0.3,0.0
2024,Belgian_Grand_Prix,FP1,[],35.0,0.0
2024,Belgian_Grand_Prix,FP2,[],31.4,0.0
2024,Belgian_Grand_Prix,FP3,[],52.4,0.0
2024,Belgian_Grand_Prix,Q,[],34.2,0.0
2024,Belgian_Grand_Prix,R,[],0.4,0.0
2024,British_Grand_Prix,FP1,[],23.1,0.0
2024,British_Grand_Prix,FP2,[],20.3,0.0
2024,British_Grand_Prix,FP3,[],22.8,0.0
2024,British_Grand_Prix,Q,[],31.2,0.0
2024,British_Grand_Prix,R,[],0.5,0.0
2024,Canadian_Grand_Prix,FP1,[],42.1,0.0
2024,Canadian_Grand_Prix,FP2,[],15.8,0.0
2024,Canadian_Grand_Prix,FP3,[],15.9,0.0
2024,Canadian_Grand_Prix,Q,[],21.3,0.0
2024,Canadian_Grand_Prix,R,[],0.6,0.0
2024,Chinese_Grand_Prix,FP1,[],27.4,0.0
2024,Chinese_Grand_Prix,Q,[],43.4,0.0
2024,Chinese_Grand_Prix,R,[],3.0,0.0
2024,Chinese_Grand_Prix,S,[],5.6,0.0
2024,Chinese_Grand_Prix,SQ,[],27.5,0.0
2024,Dutch_Grand_Prix,FP1,[],28.8,0.0
2024,Dutch_Grand_Prix,FP2,[],12.1,0.0
2024,Dutch_Grand_Prix,FP3,[],66.1,0.0
2024,Dutch_Grand_Prix,Q,[],34.5,0.0
2024,Dutch_Grand_Prix,R,[],0.0,0.0
2024,Emilia_Romagna_Grand_Prix,FP1,[],23.8,0.0
2024,Emilia_Romagna_Grand_Prix,FP2,[],12.4,0.0
2024,Emilia_Romagna_Grand_Prix,FP3,[],36.8,0.0
2024,Emilia_Romagna_Grand_Prix,Q,[],40.9,0.0
2024,Emilia_Romagna_Grand_Prix,R,[],0.1,0.0
2024,Hungarian_Grand_Prix,FP1,[],21.7,0.0
2024,Hungarian_Grand_Prix,FP2,[],21.6,0.0
2024,Hungarian_Grand_Prix,FP3,[],32.0,0.0
2024,Hungarian_Grand_Prix,Q,[],36.8,0.0
2024,Hungarian_Grand_Prix,R,[],0.1,0.0
2024,Italian_Grand_Prix,FP1,[],26.3,0.0
2024,Italian_Grand_Prix,FP2,[],22.2,0.0
2024,Italian_Grand_Prix,FP3,[],35.0,0.0
2024,Italian_Grand_Prix,Q,[],37.7,0.0
2024,Italian_Grand_Prix,R,[],0.2,0.0
2024,Japanese_Grand_Prix,FP1,[],25.5,0.0
2024,Japanese_Grand_Prix,FP2,[],52.1,0.0
2024,Japanese_Grand_Prix,FP3,[],22.1,0.0
2024,Japanese_Grand_Prix,Q,[],33.6,0.0
2024,Japanese_Grand_Prix,R,[],5.5,0.0
2024,Las_Vegas_Grand_Prix,FP1,[],12.5,0.0
2024,Las_Vegas_Grand_Prix,FP2,[],16.3,0.0
2024,Las_Vegas_Grand_Prix,FP3,[],33.7,0.0
2024,Las_Vegas_Grand_Prix,Q,[],26.2,0.0
2024,Las_Vegas_Grand_Prix,R,[],0.3,0.0
2024,Mexico_City_Grand_Prix,FP1,[],27.6,0.0
2024,Mexico_City_Grand_Prix,FP2,[],14.2,0.0
2024,Mexico_City_Grand_Prix,FP3,[],21.2,0.0
2024,Mexico_City_Grand_Prix,Q,[],40.1,0.0
2024,Mexico_City_Grand_Prix,R,[],0.5,0.0
2024,Miami_Grand_Prix,FP1,[],22.6,0.0
2024,Miami_Grand_Prix,Q,[],37.4,0.0
2024,Miami_Grand_Prix,R,[],0.7,0.0
2024,Miami_Grand_Prix,S,[],14.0,0.0
2024,Miami_Grand_Prix,SQ,[],30.9,0.0
2024,Monaco_Grand_Prix,FP1,[],10.6,0.0
2024,Monaco_Grand_Prix,FP2,[],10.4,0.0
2024,Monaco_Grand_Prix,FP3,[],13.7,0.0
2024,Monaco_Grand_Prix,Q,[],19.7,0.0
2024,Monaco_Grand_Prix,R,[],2.2,0.0
2024,Qatar_Grand_Prix,FP1,[],17.2,0.0
2024,Qatar_Grand_Prix,Q,[],27.5,0.0
2024,Qatar_Grand_Prix,R,[],5.7,0.0
2024,Qatar_Grand_Prix,S,[],7.6,0.0
2024,Qatar_Grand_Prix,SQ,[],20.1,0.0
2024,Saudi_Arabian_Grand_Prix,FP1,[],20.2,0.0
2024,Saudi_Arabian_Grand_Prix,FP2,[],18.6,0.0
2024,Saudi_Arabian_Grand_Prix,FP3,[],27.9,0.0
2024,Saudi_Arabian_Grand_Prix,Q,[],34.2,0.0
2024,Saudi_Arabian_Grand_Prix,R,[],3.2,0.0
2024,Singapore_Grand_Prix,FP1,[],27.9,0.0
2024,Singapore_Grand_Prix,FP2,[],26.5,0.0
2024,Singapore_Grand_Prix,FP3,[],40.3,0.0
2024,Singapore_Grand_Prix,Q,[],44.6,0.0
2024,Singapore_Grand_Prix,R,[],0.1,0.0
2024,Spanish_Grand_Prix,FP1,[],20.0,0.0
2024,Spanish_Grand_Prix,FP2,[],14.0,0.0
2024,Spanish_Grand_Prix,FP3,[],26.1,0.0
2024,Spanish_Grand_Prix,Q,[],38.1,0.0
2024,Spanish_Grand_Prix,R,[],0.0,0.0
2024,São_Paulo_Grand_Prix,FP1,[],14.7,0.0
2024,São_Paulo_Grand_Prix,Q,[],40.5,0.0
2024,São_Paulo_Grand_Prix,R,[],5.2,0.0
2024,São_Paulo_Grand_Prix,S,[],4.4,0.0
2024,São_Paulo_Grand_Prix,SQ,[],34.4,0.0
2024,United_States_Grand_Prix,FP1,[],25.4,0.0
2024,United_States_Grand_Prix,Q,[],39.9,0.0
2024,United_States_Grand_Prix,R,[],2.7,0.0
2024,United_States_Grand_Prix,S,[],5.3,0.0
2024,United_States_Grand_Prix,SQ,[],33.5,0.0
2025,Abu_Dhabi_Grand_Prix,FP1,[],18.0,0.0
2025,Abu_Dhabi_Grand_Prix,FP2,[],20.4,0.0
2025,Abu_Dhabi_Grand_Prix,FP3,[],36.2,0.0
2025,Abu_Dhabi_Grand_Prix,Q,[],35.0,0.0
2025,Abu_Dhabi_Grand_Prix,R,[],0.0,0.0
2025,Australian_Grand_Prix,FP1,[],21.9,0.0
2025,Australian_Grand_Prix,FP2,[],16.5,0.0
2025,Australian_Grand_Prix,FP3,[],29.5,0.0
2025,Australian_Grand_Prix,Q,[],39.7,0.0
2025,Australian_Grand_Prix,R,[],9.9,0.0
2025,Austrian_Grand_Prix,FP1,[],12.1,0.0
2025,Austrian_Grand_Prix,FP2,[],13.7,0.0
2025,Austrian_Grand_Prix,FP3,[],22.4,0.0
2025,Austrian_Grand_Prix,Q,[],41.0,0.0
2025,Austrian_Grand_Prix,R,[],0.6,0.0
2025,Azerbaijan_Grand_Prix,FP1,[],50.2,0.0
2025,Azerbaijan_Grand_Prix,FP2,[],37.6,0.0
2025,Azerbaijan_Grand_Prix,FP3,[],36.3,0.0
2025,Azerbaijan_Grand_Prix,Q,[],62.4,0.0
2025,Azerbaijan_Grand_Prix,R,[],6.2,0.0
2025,Bahrain_Grand_Prix,FP1,[],36.9,0.0
2025,Bahrain_Grand_Prix,FP2,[],22.6,0.0
2025,Bahrain_Grand_Prix,FP3,[],44.8,0.0
2025,Bahrain_Grand_Prix,Q,[],43.3,0.0
2025,Bahrain_Grand_Prix,R,[],1.2,0.0
2025,Belgian_Grand_Prix,FP1,[],39.4,0.0
2025,Belgian_Grand_Prix,Q,[],45.5,0.0
2025,Belgian_Grand_Prix,R,[],15.4,0.0
2025,Belgian_Grand_Prix,S,[],6.7,0.0
2025,Belgian_Grand_Prix,SQ,[],38.9,0.0
2025,British_Grand_Prix,FP1,[],24.3,0.0
2025,British_Grand_Prix,FP2,[],23.5,0.0
2025,British_Grand_Prix,FP3,[],42.3,0.0
2025,British_Grand_Prix,Q,[],38.5,0.0
2025,British_Grand_Prix,R,[],12.5,0.0
2025,Canadian_Grand_Prix,FP1,[],14.7,0.0
2025,Canadian_Grand_Prix,FP2,[],11.4,0.0
2025,Canadian_Grand_Prix,FP3,[],15.7,0.0
2025,Canadian_Grand_Prix,Q,[],26.9,0.0
2025,Canadian_Grand_Prix,R,[],4.2,0.0
2025,Chinese_Grand_Prix,FP1,[],27.7,0.0
2025,Chinese_Grand_Prix,Q,[],35.4,0.0
2025,Chinese_Grand_Prix,R,[],0.1,0.0
2025,Chinese_Grand_Prix,SQ,[],26.7,0.0
2025,Dutch_Grand_Prix,FP1,[],19.6,0.0
2025,Dutch_Grand_Prix,FP2,[],28.1,0.0
2025,Dutch_Grand_Prix,FP3,[],20.2,0.0
2025,Dutch_Grand_Prix,Q,[],37.2,0.0
2025,Dutch_Grand_Prix,R,[],0.9,0.0
2025,Emilia_Romagna_Grand_Prix,FP1,[],28.0,0.0
2025,Emilia_Romagna_Grand_Prix,FP2,[],25.4,0.0
2025,Emilia_Romagna_Grand_Prix,FP3,[],28.3,0.0
2025,Emilia_Romagna_Grand_Prix,Q,[],43.8,0.0
2025,Emilia_Romagna_Grand_Prix,R,[],0.4,0.0
2025,Hungarian_Grand_Prix,FP1,[],19.4,0.0
2025,Hungarian_Grand_Prix,FP2,[],15.4,0.0
2025,Hungarian_Grand_Prix,FP3,[],27.9,0.0
2025,Hungarian_Grand_Prix,Q,[],34.8,0.0
2025,Hungarian_Grand_Prix,R,[],0.0,0.0
2025,Italian_Grand_Prix,FP1,[],31.8,0.0
2025,Italian_Grand_Prix,FP2,[],21.5,0.0
2025,Italian_Grand_Prix,FP3,[],27.0,0.0
2025,Italian_Grand_Prix,Q,[],35.2,0.0
2025,Italian_Grand_Prix,R,[],0.2,0.0
2025,Japanese_Grand_Prix,FP1,[],23.5,0.0
2025,Japanese_Grand_Prix,FP2,[],63.6,0.0
2025,Japanese_Grand_Prix,FP3,[],35.2,0.0
2025,Japanese_Grand_Prix,Q,[],38.4,0.0
2025,Japanese_Grand_Prix,R,[],0.0,0.0
2025,Las_Vegas_Grand_Prix,FP1,[],13.5,0.0
2025,Las_Vegas_Grand_Prix,FP2,[],29.4,0.0
2025,Las_Vegas_Grand_Prix,FP3,[],19.7,0.0
2025,Las_Vegas_Grand_Prix,Q,[],20.3,0.0
2025,Las_Vegas_Grand_Prix,R,[],1.4,0.0
2025,Mexico_City_Grand_Prix,FP1,[],11.0,0.0
2025,Mexico_City_Grand_Prix,FP2,[],11.8,0.0
2025,Mexico_City_Grand_Prix,FP3,[],18.5,0.0
2025,Mexico_City_Grand_Prix,Q,[],36.5,0.0
2025,Mexico_City_Grand_Prix,R,[],0.2,0.0
2025,Miami_Grand_Prix,FP1,[],28.7,0.0
2025,Miami_Grand_Prix,Q,[],38.2,0.0
2025,Miami_Grand_Prix,R,[],44.7,0.0
2025,Miami_Grand_Prix,S,[],38.1,0.0
2025,Miami_Grand_Prix,SQ,[],38.0,0.0
2025,Monaco_Grand_Prix,FP1,[],11.3,0.0
2025,Monaco_Grand_Prix,FP2,[],14.4,0.0
2025,Monaco_Grand_Prix,FP3,[],11.1,0.0
2025,Monaco_Grand_Prix,Q,[],18.2,0.0
2025,Monaco_Grand_Prix,R,[],0.6,0.0
2025,Qatar_Grand_Prix,FP1,[],16.5,0.0
2025,Qatar_Grand_Prix,Q,[],28.8,0.0
2025,Qatar_Grand_Prix,R,[],0.4,0.0
2025,Qatar_Grand_Prix,S,[],6.3,0.0
2025,Qatar_Grand_Prix,SQ,[],19.5,0.0
2025,Saudi_Arabian_Grand_Prix,FP1,[],34.3,0.0
2025,Saudi_Arabian_Grand_Prix,FP2,[],41.9,0.0
2025,Saudi_Arabian_Grand_Prix,FP3,[],41.5,0.0
2025,Saudi_Arabian_Grand_Prix,Q,[],38.4,0.0
2025,Saudi_Arabian_Grand_Prix,R,[],4.6,0.0
2025,Singapore_Grand_Prix,FP1,[],28.2,0.0
2025,Singapore_Grand_Prix,FP2,[],41.1,0.0
2025,Singapore_Grand_Prix,FP3,[],35.5,0.0
2025,Singapore_Grand_Prix,Q,[],38.6,0.0
2025,Singapore_Grand_Prix,R,[],0.0,0.0
2025,Spanish_Grand_Prix,FP1,[],20.0,0.0
2025,Spanish_Grand_Prix,FP2,[],19.8,0.0
2025,Spanish_Grand_Prix,FP3,[],45.8,10.3
2025,Spanish_Grand_Prix,Q,[],40.1,0.0
2025,Spanish_Grand_Prix,R,[],0.2,0.0
2025,São_Paulo_Grand_Prix,FP1,[],11.3,0.0
2025,São_Paulo_Grand_Prix,Q,[],35.8,0.0
2025,São_Paulo_Grand_Prix,R,[],0.9,0.0
2025,São_Paulo_Grand_Prix,S,[],9.7,0.0
2025,São_Paulo_Grand_Prix,SQ,[],28.5,0.0
2025,United_States_Grand_Prix,FP1,[],33.1,0.0
2025,United_States_Grand_Prix,Q,[],42.5,0.0
2025,United_States_Grand_Prix,R,[],0.1,0.0
2025,United_States_Grand_Prix,S,[],18.8,0.0
2025,United_States_Grand_Prix,SQ,[],34.8,0.0
2026,Australian_Grand_Prix,FP1,[],21.4,0.0
2026,Australian_Grand_Prix,FP2,[],17.8,0.0
2026,Australian_Grand_Prix,FP3,[],29.7,0.0
2026,Australian_Grand_Prix,Q,[],35.1,0.0
2026,Australian_Grand_Prix,R,[],0.8,0.0
2026,Barcelona_Grand_Prix,FP1,[],20.6,0.0
2026,Canadian_Grand_Prix,FP1,[],18.6,0.0
2026,Canadian_Grand_Prix,Q,[],20.2,0.0
2026,Canadian_Grand_Prix,R,[],1.4,0.0
2026,Canadian_Grand_Prix,S,[],5.3,0.0
2026,Canadian_Grand_Prix,SQ,[],22.0,0.0
2026,Chinese_Grand_Prix,FP1,[],20.4,0.0
2026,Chinese_Grand_Prix,Q,[],29.2,0.0
2026,Chinese_Grand_Prix,R,[],2.4,0.0
2026,Chinese_Grand_Prix,S,[],8.8,0.0
2026,Chinese_Grand_Prix,SQ,[],19.1,0.0
2026,Japanese_Grand_Prix,FP1,[],20.6,0.0
2026,Japanese_Grand_Prix,FP2,[],22.5,0.0
2026,Japanese_Grand_Prix,FP3,[],23.6,0.0
2026,Japanese_Grand_Prix,Q,[],30.2,0.0
2026,Japanese_Grand_Prix,R,[],2.9,0.0
2026,Miami_Grand_Prix,FP1,[],20.9,0.4
2026,Miami_Grand_Prix,Q,[],39.2,0.0
2026,Miami_Grand_Prix,R,[],0.8,0.0
2026,Miami_Grand_Prix,S,[],5.8,0.0
2026,Miami_Grand_Prix,SQ,[],30.8,0.0
2026,Monaco_Grand_Prix,FP1,[],12.1,0.0
2026,Monaco_Grand_Prix,FP2,[],13.1,0.0
2026,Monaco_Grand_Prix,FP3,[],14.1,0.0
2026,Monaco_Grand_Prix,Q,[],17.8,0.0
2026,Monaco_Grand_Prix,R,[],11.5,0.0
