driver,lap,event,rival
ALB,32,overtake_made,KVY
GAS,11,overtake_made,MAG
GAS,12,overtake_made,VET
GAS,50,overtake_made,GRO
GIO,21,overtake_made,KUB
GIO,50,overtake_made,ALB
GIO,71,overtake_made,KUB
GIO,73,overtake_made,NOR
GIO,75,overtake_made,KUB
GRO,7,overtake_made,HUL
GRO,8,overtake_made,LEC
GRO,40,overtake_made,ALB
HAM,1,overtake_made,BOT
HUL,11,overtake_made,GIO
HUL,54,overtake_made,PER
HUL,55,overtake_made,BOT
HUL,76,overtake_made,PER
KUB,1,overtake_made,PER
KUB,11,overtake_made,RAI
KUB,15,overtake_made,MAG
KUB,39,overtake_made,GIO
KUB,40,overtake_made,STR
KUB,41,overtake_made,VET
KUB,44,overtake_made,BOT
KUB,45,overtake_made,GRO
KUB,46,overtake_made,GAS
KUB,50,overtake_made,RAI
KUB,51,overtake_made,ALB
KUB,73,overtake_made,GRO
KVY,30,overtake_made,SAI
LEC,7,overtake_made,GRO
MAG,47,overtake_made,RIC
MAG,75,overtake_made,NOR
NOR,7,overtake_made,LEC
NOR,8,overtake_made,GRO
NOR,9,overtake_made,LEC
NOR,27,overtake_made,GRO
NOR,30,overtake_made,GAS
NOR,32,overtake_made,SAI
NOR,40,overtake_made,KVY
PER,15,overtake_made,GIO
PER,56,overtake_made,MAG
PER,75,overtake_made,BOT
RAI,11,overtake_made,PER
RAI,39,overtake_made,STR
RAI,52,overtake_made,GAS
RAI,64,overtake_made,STR
RAI,67,overtake_made,GAS
RIC,46,overtake_made,RAI
RIC,47,overtake_made,NOR
RIC,49,overtake_made,ALB
RUS,47,overtake_made,HUL
RUS,48,overtake_made,VET
RUS,53,overtake_made,BOT
RUS,54,overtake_made,HUL
RUS,61,overtake_made,GAS
RUS,70,overtake_made,HUL
RUS,75,overtake_made,GAS
SAI,27,overtake_made,GAS
STR,44,overtake_made,GIO
STR,52,overtake_made,RUS
STR,54,overtake_made,GAS
STR,68,overtake_made,RUS
STR,69,overtake_made,GAS
KVY,1,defense_held,ALB
KVY,2,defense_held,ALB
KVY,3,defense_held,ALB
KVY,4,defense_held,ALB
KVY,5,defense_held,ALB
KVY,6,defense_held,ALB
KVY,7,defense_held,ALB
KVY,9,defense_held,ALB
KVY,11,defense_held,ALB
KVY,14,defense_held,ALB
KVY,15,defense_held,ALB
KVY,16,defense_held,ALB
KVY,17,defense_held,ALB
KVY,21,defense_held,ALB
KVY,30,defense_held,ALB
KVY,32,defense_lost,ALB
BOT,40,defense_lost,ALB
KVY,46,defense_held,ALB
KVY,47,defense_held,ALB
KVY,48,defense_held,ALB
KVY,49,defense_held,ALB
KVY,50,defense_held,ALB
KVY,51,defense_held,ALB
KVY,55,defense_held,ALB
KVY,56,defense_held,ALB
KVY,57,defense_held,ALB
KVY,58,defense_held,ALB
KVY,59,defense_held,ALB
KVY,60,defense_held,ALB
KVY,69,defense_held,ALB
KVY,71,defense_held,ALB
KVY,72,defense_held,ALB
KVY,75,defense_held,ALB
HAM,1,defense_held,BOT
HAM,11,defense_lost,BOT
VER,12,defense_lost,BOT
VET,13,defense_held,BOT
VET,14,defense_held,BOT
VET,15,defense_held,BOT
VET,16,defense_held,BOT
VET,17,defense_held,BOT
VET,18,defense_held,BOT
VET,19,defense_held,BOT
VET,20,defense_held,BOT
VET,21,defense_held,BOT
VET,22,defense_held,BOT
VET,23,defense_held,BOT
VET,24,defense_held,BOT
VET,25,defense_held,BOT
VET,26,defense_held,BOT
VET,27,defense_held,BOT
VET,28,defense_held,BOT
VET,29,defense_held,BOT
VET,30,defense_held,BOT
VET,31,defense_held,BOT
VET,32,defense_held,BOT
VET,34,defense_held,BOT
VET,37,defense_held,BOT
VET,46,defense_held,BOT
VET,47,defense_held,BOT
VET,48,defense_held,BOT
VET,55,defense_held,BOT
VET,56,defense_held,BOT
VET,60,defense_held,BOT
VET,72,defense_held,BOT
VET,73,defense_held,BOT
VET,74,defense_held,BOT
VET,75,defense_held,BOT
VET,76,defense_held,BOT
VET,77,defense_held,BOT
MAG,1,defense_held,GAS
MAG,2,defense_held,GAS
MAG,4,defense_held,GAS
MAG,5,defense_held,GAS
MAG,6,defense_held,GAS
MAG,8,defense_held,GAS
MAG,10,defense_held,GAS
MAG,11,defense_lost,GAS
BOT,14,defense_held,GAS
BOT,15,defense_held,GAS
BOT,16,defense_held,GAS
BOT,17,defense_held,GAS
BOT,18,defense_held,GAS
BOT,19,defense_held,GAS
BOT,27,defense_lost,GAS
GRO,30,defense_held,GAS
GRO,32,defense_held,GAS
GRO,40,defense_held,GAS
GRO,50,defense_lost,GAS
BOT,62,defense_held,GAS
KUB,1,defense_held,GIO
KUB,2,defense_held,GIO
KUB,3,defense_held,GIO
KUB,4,defense_held,GIO
KUB,5,defense_held,GIO
KUB,6,defense_held,GIO
KUB,7,defense_held,GIO
KUB,8,defense_held,GIO
KUB,9,defense_held,GIO
KUB,10,defense_held,GIO
KUB,11,defense_held,GIO
KUB,12,defense_held,GIO
KUB,13,defense_held,GIO
KUB,14,defense_held,GIO
KUB,15,defense_held,GIO
KUB,16,defense_held,GIO
KUB,17,defense_held,GIO
KUB,18,defense_held,GIO
KUB,19,defense_held,GIO
KUB,20,defense_held,GIO
KUB,21,defense_lost,GIO
RUS,37,defense_held,GIO
RUS,39,defense_held,GIO
RUS,44,defense_lost,GIO
ALB,49,defense_held,GIO
ALB,50,defense_held,GIO
ALB,51,defense_lost,GIO
KUB,51,defense_held,GIO
KUB,52,defense_held,GIO
KUB,53,defense_held,GIO
KUB,54,defense_held,GIO
NOR,74,defense_lost,GIO
HUL,1,defense_held,GRO
HUL,2,defense_held,GRO
HUL,3,defense_held,GRO
HUL,4,defense_held,GRO
HUL,5,defense_held,GRO
HUL,6,defense_held,GRO
HUL,7,defense_lost,GRO
LEC,8,defense_lost,GRO
ALB,9,defense_held,GRO
ALB,10,defense_held,GRO
ALB,11,defense_held,GRO
ALB,14,defense_held,GRO
ALB,15,defense_held,GRO
ALB,16,defense_held,GRO
ALB,17,defense_held,GRO
ALB,18,defense_held,GRO
ALB,26,defense_held,GRO
ALB,27,defense_held,GRO
ALB,30,defense_held,GRO
ALB,32,defense_held,GRO
ALB,40,defense_lost,GRO
BOT,50,defense_lost,GRO
ALB,53,defense_held,GRO
ALB,55,defense_held,GRO
ALB,56,defense_held,GRO
ALB,57,defense_held,GRO
ALB,62,defense_held,GRO
ALB,64,defense_held,GRO
ALB,67,defense_held,GRO
ALB,71,defense_held,GRO
ALB,73,defense_held,GRO
ALB,77,defense_held,GRO
BOT,1,defense_lost,HAM
ALB,1,defense_held,HUL
ALB,2,defense_held,HUL
ALB,3,defense_held,HUL
ALB,4,defense_held,HUL
ALB,5,defense_held,HUL
ALB,6,defense_held,HUL
ALB,7,defense_held,HUL
ALB,8,defense_lost,HUL
GRO,9,defense_lost,HUL
RUS,10,defense_lost,HUL
PER,12,defense_held,HUL
PER,13,defense_held,HUL
PER,14,defense_held,HUL
PER,15,defense_held,HUL
PER,20,defense_held,HUL
PER,21,defense_held,HUL
PER,22,defense_held,HUL
PER,23,defense_held,HUL
PER,24,defense_held,HUL
PER,25,defense_held,HUL
PER,26,defense_held,HUL
PER,27,defense_held,HUL
PER,28,defense_held,HUL
PER,29,defense_held,HUL
PER,30,defense_held,HUL
PER,31,defense_held,HUL
PER,32,defense_held,HUL
PER,33,defense_held,HUL
PER,34,defense_held,HUL
PER,35,defense_held,HUL
PER,36,defense_held,HUL
PER,37,defense_held,HUL
PER,38,defense_held,HUL
PER,39,defense_held,HUL
PER,40,defense_held,HUL
PER,41,defense_held,HUL
PER,42,defense_held,HUL
PER,43,defense_held,HUL
PER,44,defense_held,HUL
PER,45,defense_held,HUL
PER,46,defense_held,HUL
PER,47,defense_held,HUL
PER,48,defense_held,HUL
PER,50,defense_held,HUL
PER,51,defense_held,HUL
PER,52,defense_held,HUL
PER,53,defense_held,HUL
PER,54,defense_lost,HUL
PER,56,defense_held,HUL
PER,57,defense_held,HUL
PER,59,defense_held,HUL
PER,60,defense_held,HUL
PER,61,defense_held,HUL
PER,62,defense_held,HUL
PER,63,defense_held,HUL
PER,69,defense_held,HUL
PER,70,defense_held,HUL
PER,1,defense_lost,KUB
RAI,2,defense_held,KUB
RAI,9,defense_held,KUB
RAI,11,defense_lost,KUB
MAG,12,defense_held,KUB
MAG,14,defense_held,KUB
MAG,15,defense_lost,KUB
RUS,17,defense_held,KUB
RUS,18,defense_held,KUB
RUS,21,defense_lost,KUB
RAI,48,defense_held,KUB
RAI,49,defense_held,KUB
ALB,52,defense_lost,KUB
SAI,1,defense_held,KVY
SAI,2,defense_held,KVY
SAI,3,defense_held,KVY
SAI,4,defense_held,KVY
SAI,5,defense_held,KVY
SAI,6,defense_held,KVY
SAI,7,defense_held,KVY
SAI,8,defense_held,KVY
SAI,9,defense_held,KVY
SAI,10,defense_held,KVY
SAI,11,defense_held,KVY
SAI,12,defense_held,KVY
SAI,13,defense_held,KVY
SAI,14,defense_held,KVY
SAI,15,defense_held,KVY
SAI,16,defense_held,KVY
SAI,17,defense_held,KVY
SAI,18,defense_held,KVY
SAI,19,defense_held,KVY
SAI,20,defense_held,KVY
SAI,21,defense_held,KVY
SAI,22,defense_held,KVY
SAI,23,defense_held,KVY
SAI,24,defense_held,KVY
SAI,25,defense_held,KVY
SAI,26,defense_held,KVY
SAI,27,defense_held,KVY
SAI,28,defense_held,KVY
SAI,29,defense_held,KVY
SAI,30,defense_lost,KVY
BOT,32,defense_lost,KVY
SAI,33,defense_held,KVY
SAI,34,defense_held,KVY
SAI,35,defense_held,KVY
SAI,36,defense_held,KVY
SAI,37,defense_held,KVY
SAI,38,defense_held,KVY
SAI,39,defense_held,KVY
SAI,40,defense_held,KVY
SAI,41,defense_held,KVY
SAI,42,defense_held,KVY
SAI,43,defense_held,KVY
SAI,44,defense_held,KVY
SAI,45,defense_held,KVY
SAI,46,defense_held,KVY
SAI,47,defense_held,KVY
SAI,48,defense_held,KVY
SAI,49,defense_held,KVY
SAI,50,defense_held,KVY
SAI,51,defense_held,KVY
SAI,52,defense_held,KVY
SAI,53,defense_held,KVY
SAI,54,defense_held,KVY
SAI,55,defense_held,KVY
SAI,56,defense_held,KVY
SAI,57,defense_held,KVY
SAI,58,defense_held,KVY
SAI,59,defense_held,KVY
SAI,61,defense_held,KVY
SAI,63,defense_held,KVY
SAI,64,defense_held,KVY
SAI,65,defense_held,KVY
SAI,66,defense_held,KVY
SAI,67,defense_held,KVY
SAI,68,defense_held,KVY
SAI,69,defense_held,KVY
SAI,70,defense_held,KVY
SAI,71,defense_held,KVY
SAI,72,defense_held,KVY
SAI,73,defense_held,KVY
SAI,74,defense_held,KVY
SAI,75,defense_held,KVY
SAI,76,defense_held,KVY
SAI,77,defense_held,KVY
GRO,1,defense_held,LEC
GRO,2,defense_held,LEC
GRO,5,defense_held,LEC
GRO,6,defense_held,LEC
GRO,7,defense_lost,LEC
HUL,8,defense_held,LEC
HUL,9,defense_held,LEC
RUS,14,defense_held,LEC
RUS,15,defense_lost,LEC
GIO,16,defense_held,LEC
RIC,1,defense_held,MAG
RIC,2,defense_held,MAG
RIC,3,defense_held,MAG
RIC,4,defense_held,MAG
RIC,11,defense_held,MAG
RIC,12,defense_held,MAG
RIC,13,defense_held,MAG
RIC,14,defense_held,MAG
RIC,15,defense_held,MAG
RIC,16,defense_held,MAG
RIC,17,defense_held,MAG
RIC,18,defense_held,MAG
RIC,19,defense_held,MAG
RIC,20,defense_held,MAG
RIC,21,defense_held,MAG
RIC,23,defense_held,MAG
RIC,24,defense_held,MAG
RIC,28,defense_held,MAG
RIC,39,defense_held,MAG
RIC,43,defense_held,MAG
RIC,44,defense_held,MAG
RIC,45,defense_held,MAG
RIC,46,defense_held,MAG
RIC,47,defense_lost,MAG
NOR,48,defense_held,MAG
NOR,52,defense_held,MAG
NOR,53,defense_held,MAG
NOR,57,defense_held,MAG
LEC,1,defense_held,NOR
LEC,2,defense_held,NOR
LEC,3,defense_held,NOR
LEC,4,defense_held,NOR
LEC,5,defense_held,NOR
LEC,7,defense_lost,NOR
GRO,8,defense_lost,NOR
LEC,9,defense_lost,NOR
GRO,11,defense_held,NOR
GRO,12,defense_held,NOR
GRO,14,defense_held,NOR
GRO,15,defense_held,NOR
GRO,16,defense_held,NOR
RIC,48,defense_held,NOR
RIC,49,defense_held,NOR
RIC,54,defense_held,NOR
RIC,71,defense_held,NOR
STR,1,defense_held,PER
STR,5,defense_held,PER
STR,6,defense_held,PER
STR,8,defense_held,PER
STR,9,defense_held,PER
STR,10,defense_held,PER
STR,11,defense_lost,PER
GIO,15,defense_lost,PER
MAG,19,defense_held,PER
MAG,21,defense_held,PER
MAG,22,defense_held,PER
MAG,23,defense_held,PER
MAG,24,defense_held,PER
MAG,25,defense_held,PER
MAG,26,defense_held,PER
MAG,27,defense_held,PER
MAG,29,defense_held,PER
MAG,30,defense_held,PER
MAG,34,defense_held,PER
MAG,35,defense_held,PER
MAG,36,defense_held,PER
MAG,37,defense_held,PER
MAG,39,defense_held,PER
MAG,43,defense_held,PER
MAG,44,defense_held,PER
MAG,45,defense_held,PER
MAG,46,defense_held,PER
MAG,47,defense_held,PER
BOT,63,defense_held,PER
BOT,64,defense_held,PER
MAG,76,defense_held,PER
PER,1,defense_held,RAI
PER,2,defense_held,RAI
PER,3,defense_held,RAI
PER,4,defense_held,RAI
PER,5,defense_held,RAI
PER,6,defense_held,RAI
PER,7,defense_held,RAI
PER,8,defense_held,RAI
PER,9,defense_held,RAI
PER,10,defense_held,RAI
PER,11,defense_lost,RAI
STR,12,defense_held,RAI
STR,13,defense_held,RAI
STR,14,defense_held,RAI
STR,15,defense_held,RAI
STR,16,defense_held,RAI
STR,17,defense_held,RAI
STR,18,defense_held,RAI
STR,19,defense_held,RAI
STR,20,defense_held,RAI
STR,21,defense_held,RAI
STR,22,defense_held,RAI
STR,23,defense_held,RAI
STR,24,defense_held,RAI
STR,25,defense_held,RAI
STR,26,defense_held,RAI
STR,27,defense_held,RAI
STR,28,defense_held,RAI
STR,29,defense_held,RAI
STR,30,defense_held,RAI
STR,31,defense_held,RAI
STR,32,defense_held,RAI
STR,34,defense_held,RAI
STR,35,defense_held,RAI
STR,36,defense_held,RAI
STR,37,defense_held,RAI
STR,38,defense_held,RAI
STR,39,defense_lost,RAI
NOR,46,defense_lost,RAI
GAS,53,defense_lost,RAI
STR,53,defense_held,RAI
STR,54,defense_held,RAI
STR,55,defense_held,RAI
STR,56,defense_held,RAI
STR,61,defense_held,RAI
VET,1,defense_held,RIC
VET,11,defense_lost,RIC
RAI,12,defense_held,RIC
RAI,13,defense_held,RIC
RAI,14,defense_held,RIC
RAI,15,defense_held,RIC
RAI,16,defense_held,RIC
RAI,19,defense_held,RIC
RAI,20,defense_held,RIC
RAI,21,defense_held,RIC
RAI,22,defense_held,RIC
RAI,23,defense_held,RIC
RAI,31,defense_held,RIC
RAI,36,defense_held,RIC
RAI,39,defense_held,RIC
RAI,42,defense_held,RIC
RAI,43,defense_held,RIC
RAI,44,defense_held,RIC
RAI,45,defense_held,RIC
RAI,46,defense_lost,RIC
NOR,47,defense_lost,RIC
ALB,49,defense_held,RIC
GIO,1,defense_held,RUS
GIO,4,defense_held,RUS
GIO,5,defense_held,RUS
GIO,9,defense_held,RUS
GIO,10,defense_lost,RUS
HUL,14,defense_held,RUS
HUL,15,defense_held,RUS
HUL,46,defense_held,RUS
GAS,62,defense_lost,RUS
GAS,1,defense_held,SAI
GAS,2,defense_held,SAI
GAS,3,defense_held,SAI
GAS,4,defense_held,SAI
GAS,5,defense_held,SAI
GAS,6,defense_held,SAI
GAS,7,defense_held,SAI
GAS,10,defense_held,SAI
GAS,11,defense_held,SAI
GAS,13,defense_held,SAI
GAS,14,defense_held,SAI
GAS,15,defense_held,SAI
GAS,16,defense_held,SAI
GAS,18,defense_held,SAI
GAS,20,defense_held,SAI
GAS,21,defense_held,SAI
GAS,22,defense_held,SAI
GAS,23,defense_held,SAI
GAS,27,defense_lost,SAI
BOT,30,defense_lost,SAI
GAS,31,defense_held,SAI
GAS,33,defense_held,SAI
GAS,35,defense_held,SAI
GAS,36,defense_held,SAI
GAS,37,defense_held,SAI
GAS,38,defense_held,SAI
GAS,39,defense_held,SAI
GAS,43,defense_held,SAI
GAS,45,defense_held,SAI
GAS,46,defense_held,SAI
GAS,47,defense_held,SAI
GAS,48,defense_held,SAI
GAS,49,defense_held,SAI
GAS,50,defense_held,SAI
GAS,78,defense_held,SAI
NOR,1,defense_held,STR
NOR,2,defense_held,STR
NOR,3,defense_held,STR
NOR,4,defense_held,STR
NOR,7,defense_held,STR
NOR,8,defense_held,STR
NOR,9,defense_held,STR
NOR,11,defense_held,STR
NOR,12,defense_held,STR
NOR,13,defense_held,STR
NOR,14,defense_held,STR
NOR,15,defense_held,STR
NOR,16,defense_held,STR
NOR,17,defense_held,STR
NOR,18,defense_held,STR
NOR,19,defense_held,STR
NOR,20,defense_held,STR
NOR,21,defense_held,STR
NOR,39,defense_lost,STR
GIO,43,defense_held,STR
GIO,44,defense_lost,STR
RUS,46,defense_held,STR
RUS,47,defense_held,STR
RUS,48,defense_held,STR
RUS,49,defense_held,STR
RUS,50,defense_held,STR
GAS,55,defense_lost,STR
RUS,55,defense_held,STR
RUS,56,defense_held,STR
RUS,61,defense_held,STR
BOT,1,defense_held,VER
BOT,2,defense_held,VER
BOT,11,defense_lost,VER
HAM,12,defense_held,VER
HAM,13,defense_held,VER
HAM,14,defense_held,VER
HAM,18,defense_held,VER
HAM,19,defense_held,VER
HAM,21,defense_held,VER
HAM,23,defense_held,VER
HAM,24,defense_held,VER
HAM,25,defense_held,VER
HAM,26,defense_held,VER
HAM,27,defense_held,VER
HAM,28,defense_held,VER
HAM,29,defense_held,VER
HAM,30,defense_held,VER
HAM,31,defense_held,VER
HAM,32,defense_held,VER
HAM,33,defense_held,VER
HAM,34,defense_held,VER
HAM,35,defense_held,VER
HAM,36,defense_held,VER
HAM,37,defense_held,VER
HAM,38,defense_held,VER
HAM,39,defense_held,VER
HAM,40,defense_held,VER
HAM,41,defense_held,VER
HAM,42,defense_held,VER
HAM,43,defense_held,VER
HAM,44,defense_held,VER
HAM,45,defense_held,VER
HAM,46,defense_held,VER
HAM,47,defense_held,VER
HAM,48,defense_held,VER
HAM,49,defense_held,VER
HAM,50,defense_held,VER
HAM,51,defense_held,VER
HAM,52,defense_held,VER
HAM,53,defense_held,VER
HAM,54,defense_held,VER
HAM,55,defense_held,VER
HAM,56,defense_held,VER
HAM,57,defense_held,VER
HAM,58,defense_held,VER
HAM,60,defense_held,VER
HAM,61,defense_held,VER
HAM,62,defense_held,VER
HAM,63,defense_held,VER
HAM,64,defense_held,VER
HAM,65,defense_held,VER
HAM,66,defense_held,VER
HAM,67,defense_held,VER
HAM,68,defense_held,VER
HAM,69,defense_held,VER
HAM,70,defense_held,VER
HAM,71,defense_held,VER
HAM,72,defense_held,VER
HAM,73,defense_held,VER
HAM,74,defense_held,VER
HAM,75,defense_held,VER
HAM,76,defense_held,VER
HAM,77,defense_held,VER
VER,1,defense_held,VET
VER,11,defense_lost,VET
BOT,12,defense_lost,VET
VER,13,defense_held,VET
VER,14,defense_held,VET
VER,15,defense_held,VET
VER,16,defense_held,VET
VER,17,defense_held,VET
VER,18,defense_held,VET
VER,22,defense_held,VET
VER,23,defense_held,VET
VER,24,defense_held,VET
VER,25,defense_held,VET
VER,26,defense_held,VET
VER,27,defense_held,VET
VER,43,defense_held,VET
VER,48,defense_held,VET
VER,52,defense_held,VET
VER,59,defense_held,VET
VER,60,defense_held,VET
VER,61,defense_held,VET
VER,70,defense_held,VET
VER,71,defense_held,VET
