circuit,lap_number,n_races_reaching_lap,p_incident_within_horizon
70th_Anniversary_Grand_Prix,1,1,0.0
70th_Anniversary_Grand_Prix,2,1,0.0
70th_Anniversary_Grand_Prix,3,1,0.0
70th_Anniversary_Grand_Prix,4,1,0.0
70th_Anniversary_Grand_Prix,5,1,0.0
70th_Anniversary_Grand_Prix,6,1,0.0
70th_Anniversary_Grand_Prix,7,1,0.0
70th_Anniversary_Grand_Prix,8,1,0.0
70th_Anniversary_Grand_Prix,9,1,0.0
70th_Anniversary_Grand_Prix,10,1,0.0
70th_Anniversary_Grand_Prix,11,1,0.0
70th_Anniversary_Grand_Prix,12,1,0.0
70th_Anniversary_Grand_Prix,13,1,0.0
70th_Anniversary_Grand_Prix,14,1,0.0
70th_Anniversary_Grand_Prix,15,1,0.0
70th_Anniversary_Grand_Prix,16,1,0.0
70th_Anniversary_Grand_Prix,17,1,0.0
70th_Anniversary_Grand_Prix,18,1,0.0
70th_Anniversary_Grand_Prix,19,1,0.0
70th_Anniversary_Grand_Prix,20,1,0.0
70th_Anniversary_Grand_Prix,21,1,0.0
70th_Anniversary_Grand_Prix,22,1,0.0
70th_Anniversary_Grand_Prix,23,1,0.0
70th_Anniversary_Grand_Prix,24,1,0.0
70th_Anniversary_Grand_Prix,25,1,0.0
70th_Anniversary_Grand_Prix,26,1,0.0
70th_Anniversary_Grand_Prix,27,1,0.0
70th_Anniversary_Grand_Prix,28,1,0.0
70th_Anniversary_Grand_Prix,29,1,0.0
70th_Anniversary_Grand_Prix,30,1,0.0
70th_Anniversary_Grand_Prix,31,1,0.0
70th_Anniversary_Grand_Prix,32,1,0.0
70th_Anniversary_Grand_Prix,33,1,0.0
70th_Anniversary_Grand_Prix,34,1,0.0
70th_Anniversary_Grand_Prix,35,1,0.0
70th_Anniversary_Grand_Prix,36,1,0.0
70th_Anniversary_Grand_Prix,37,1,0.0
70th_Anniversary_Grand_Prix,38,1,0.0
70th_Anniversary_Grand_Prix,39,1,0.0
70th_Anniversary_Grand_Prix,40,1,0.0
70th_Anniversary_Grand_Prix,41,1,0.0
70th_Anniversary_Grand_Prix,42,1,0.0
70th_Anniversary_Grand_Prix,43,1,0.0
70th_Anniversary_Grand_Prix,44,1,0.0
70th_Anniversary_Grand_Prix,45,1,0.0
70th_Anniversary_Grand_Prix,46,1,0.0
70th_Anniversary_Grand_Prix,47,1,0.0
70th_Anniversary_Grand_Prix,48,1,0.0
70th_Anniversary_Grand_Prix,49,1,0.0
70th_Anniversary_Grand_Prix,50,1,0.0
70th_Anniversary_Grand_Prix,51,1,0.0
70th_Anniversary_Grand_Prix,52,1,0.0
Abu_Dhabi_Grand_Prix,1,8,0.25
Abu_Dhabi_Grand_Prix,2,8,0.125
Abu_Dhabi_Grand_Prix,3,8,0.125
Abu_Dhabi_Grand_Prix,4,8,0.125
Abu_Dhabi_Grand_Prix,5,8,0.125
Abu_Dhabi_Grand_Prix,6,8,0.25
Abu_Dhabi_Grand_Prix,7,8,0.25
Abu_Dhabi_Grand_Prix,8,8,0.125
Abu_Dhabi_Grand_Prix,9,8,0.125
Abu_Dhabi_Grand_Prix,10,8,0.125
Abu_Dhabi_Grand_Prix,11,8,0.125
Abu_Dhabi_Grand_Prix,12,8,0.0
Abu_Dhabi_Grand_Prix,13,8,0.0
Abu_Dhabi_Grand_Prix,14,8,0.0
Abu_Dhabi_Grand_Prix,15,8,0.0
Abu_Dhabi_Grand_Prix,16,8,0.0
Abu_Dhabi_Grand_Prix,17,8,0.0
Abu_Dhabi_Grand_Prix,18,8,0.0
Abu_Dhabi_Grand_Prix,19,8,0.0
Abu_Dhabi_Grand_Prix,20,8,0.0
Abu_Dhabi_Grand_Prix,21,8,0.0
Abu_Dhabi_Grand_Prix,22,8,0.0
Abu_Dhabi_Grand_Prix,23,8,0.0
Abu_Dhabi_Grand_Prix,24,8,0.0
Abu_Dhabi_Grand_Prix,25,8,0.0
Abu_Dhabi_Grand_Prix,26,8,0.0
Abu_Dhabi_Grand_Prix,27,8,0.0
Abu_Dhabi_Grand_Prix,28,8,0.0
Abu_Dhabi_Grand_Prix,29,8,0.0
Abu_Dhabi_Grand_Prix,30,8,0.0
Abu_Dhabi_Grand_Prix,31,8,0.0
Abu_Dhabi_Grand_Prix,32,8,0.125
Abu_Dhabi_Grand_Prix,33,8,0.125
Abu_Dhabi_Grand_Prix,34,8,0.125
Abu_Dhabi_Grand_Prix,35,8,0.125
Abu_Dhabi_Grand_Prix,36,8,0.125
Abu_Dhabi_Grand_Prix,37,8,0.0
Abu_Dhabi_Grand_Prix,38,8,0.0
Abu_Dhabi_Grand_Prix,39,8,0.0
Abu_Dhabi_Grand_Prix,40,8,0.0
Abu_Dhabi_Grand_Prix,41,8,0.0
Abu_Dhabi_Grand_Prix,42,8,0.0
Abu_Dhabi_Grand_Prix,43,8,0.0
Abu_Dhabi_Grand_Prix,44,8,0.0
Abu_Dhabi_Grand_Prix,45,8,0.0
Abu_Dhabi_Grand_Prix,46,8,0.0
Abu_Dhabi_Grand_Prix,47,8,0.0
Abu_Dhabi_Grand_Prix,48,8,0.0
Abu_Dhabi_Grand_Prix,49,8,0.125
Abu_Dhabi_Grand_Prix,50,8,0.125
Abu_Dhabi_Grand_Prix,51,8,0.125
Abu_Dhabi_Grand_Prix,52,8,0.125
Abu_Dhabi_Grand_Prix,53,8,0.125
Abu_Dhabi_Grand_Prix,54,8,0.0
Abu_Dhabi_Grand_Prix,55,8,0.0
Abu_Dhabi_Grand_Prix,56,5,0.0
Abu_Dhabi_Grand_Prix,57,5,0.0
Abu_Dhabi_Grand_Prix,58,5,0.0
Australian_Grand_Prix,1,7,0.42857142857142855
Australian_Grand_Prix,2,7,0.14285714285714285
Australian_Grand_Prix,3,7,0.2857142857142857
Australian_Grand_Prix,4,7,0.14285714285714285
Australian_Grand_Prix,5,7,0.14285714285714285
Australian_Grand_Prix,6,7,0.14285714285714285
Australian_Grand_Prix,7,7,0.14285714285714285
Australian_Grand_Prix,8,7,0.0
Australian_Grand_Prix,9,7,0.0
Australian_Grand_Prix,10,7,0.0
Australian_Grand_Prix,11,7,0.0
Australian_Grand_Prix,12,7,0.0
Australian_Grand_Prix,13,7,0.14285714285714285
Australian_Grand_Prix,14,7,0.2857142857142857
Australian_Grand_Prix,15,7,0.2857142857142857
Australian_Grand_Prix,16,7,0.2857142857142857
Australian_Grand_Prix,17,7,0.2857142857142857
Australian_Grand_Prix,18,7,0.14285714285714285
Australian_Grand_Prix,19,7,0.14285714285714285
Australian_Grand_Prix,20,7,0.14285714285714285
Australian_Grand_Prix,21,7,0.14285714285714285
Australian_Grand_Prix,22,7,0.2857142857142857
Australian_Grand_Prix,23,7,0.2857142857142857
Australian_Grand_Prix,24,7,0.14285714285714285
Australian_Grand_Prix,25,7,0.14285714285714285
Australian_Grand_Prix,26,7,0.14285714285714285
Australian_Grand_Prix,27,7,0.14285714285714285
Australian_Grand_Prix,28,7,0.14285714285714285
Australian_Grand_Prix,29,7,0.0
Australian_Grand_Prix,30,7,0.14285714285714285
Australian_Grand_Prix,31,7,0.14285714285714285
Australian_Grand_Prix,32,7,0.14285714285714285
Australian_Grand_Prix,33,7,0.14285714285714285
Australian_Grand_Prix,34,7,0.14285714285714285
Australian_Grand_Prix,35,7,0.14285714285714285
Australian_Grand_Prix,36,7,0.14285714285714285
Australian_Grand_Prix,37,7,0.14285714285714285
Australian_Grand_Prix,38,7,0.14285714285714285
Australian_Grand_Prix,39,7,0.14285714285714285
Australian_Grand_Prix,40,7,0.0
Australian_Grand_Prix,41,7,0.0
Australian_Grand_Prix,42,7,0.0
Australian_Grand_Prix,43,7,0.14285714285714285
Australian_Grand_Prix,44,7,0.14285714285714285
Australian_Grand_Prix,45,7,0.14285714285714285
Australian_Grand_Prix,46,7,0.14285714285714285
Australian_Grand_Prix,47,7,0.14285714285714285
Australian_Grand_Prix,48,7,0.0
Australian_Grand_Prix,49,7,0.0
Australian_Grand_Prix,50,7,0.14285714285714285
Australian_Grand_Prix,51,7,0.14285714285714285
Australian_Grand_Prix,52,7,0.14285714285714285
Australian_Grand_Prix,53,7,0.14285714285714285
Australian_Grand_Prix,54,7,0.2857142857142857
Australian_Grand_Prix,55,7,0.14285714285714285
Australian_Grand_Prix,56,7,0.14285714285714285
Australian_Grand_Prix,57,7,0.14285714285714285
Australian_Grand_Prix,58,6,0.16666666666666666
Austrian_Grand_Prix,1,8,0.375
Austrian_Grand_Prix,2,8,0.0
Austrian_Grand_Prix,3,8,0.0
Austrian_Grand_Prix,4,8,0.0
Austrian_Grand_Prix,5,8,0.0
Austrian_Grand_Prix,6,8,0.0
Austrian_Grand_Prix,7,8,0.0
Austrian_Grand_Prix,8,8,0.0
Austrian_Grand_Prix,9,8,0.0
Austrian_Grand_Prix,10,8,0.125
Austrian_Grand_Prix,11,8,0.25
Austrian_Grand_Prix,12,8,0.25
Austrian_Grand_Prix,13,8,0.25
Austrian_Grand_Prix,14,8,0.25
Austrian_Grand_Prix,15,8,0.125
Austrian_Grand_Prix,16,8,0.0
Austrian_Grand_Prix,17,8,0.0
Austrian_Grand_Prix,18,8,0.0
Austrian_Grand_Prix,19,8,0.0
Austrian_Grand_Prix,20,8,0.0
Austrian_Grand_Prix,21,8,0.0
Austrian_Grand_Prix,22,8,0.125
Austrian_Grand_Prix,23,8,0.125
Austrian_Grand_Prix,24,8,0.125
Austrian_Grand_Prix,25,8,0.125
Austrian_Grand_Prix,26,8,0.125
Austrian_Grand_Prix,27,8,0.0
Austrian_Grand_Prix,28,8,0.0
Austrian_Grand_Prix,29,8,0.0
Austrian_Grand_Prix,30,8,0.0
Austrian_Grand_Prix,31,8,0.0
Austrian_Grand_Prix,32,8,0.0
Austrian_Grand_Prix,33,8,0.0
Austrian_Grand_Prix,34,8,0.0
Austrian_Grand_Prix,35,8,0.0
Austrian_Grand_Prix,36,8,0.0
Austrian_Grand_Prix,37,8,0.0
Austrian_Grand_Prix,38,8,0.0
Austrian_Grand_Prix,39,8,0.0
Austrian_Grand_Prix,40,8,0.0
Austrian_Grand_Prix,41,8,0.0
Austrian_Grand_Prix,42,8,0.0
Austrian_Grand_Prix,43,8,0.0
Austrian_Grand_Prix,44,8,0.0
Austrian_Grand_Prix,45,8,0.0
Austrian_Grand_Prix,46,8,0.0
Austrian_Grand_Prix,47,8,0.125
Austrian_Grand_Prix,48,8,0.125
Austrian_Grand_Prix,49,8,0.125
Austrian_Grand_Prix,50,8,0.125
Austrian_Grand_Prix,51,8,0.125
Austrian_Grand_Prix,52,8,0.125
Austrian_Grand_Prix,53,8,0.125
Austrian_Grand_Prix,54,8,0.25
Austrian_Grand_Prix,55,8,0.25
Austrian_Grand_Prix,56,8,0.125
Austrian_Grand_Prix,57,8,0.125
Austrian_Grand_Prix,58,8,0.125
Austrian_Grand_Prix,59,8,0.0
Austrian_Grand_Prix,60,8,0.0
Austrian_Grand_Prix,61,8,0.0
Austrian_Grand_Prix,62,8,0.125
Austrian_Grand_Prix,63,8,0.125
Austrian_Grand_Prix,64,8,0.125
Austrian_Grand_Prix,65,8,0.125
Austrian_Grand_Prix,66,8,0.125
Austrian_Grand_Prix,67,8,0.0
Austrian_Grand_Prix,68,8,0.0
Austrian_Grand_Prix,69,7,0.0
Austrian_Grand_Prix,70,7,0.0
Austrian_Grand_Prix,71,6,0.0
Azerbaijan_Grand_Prix,1,7,0.2857142857142857
Azerbaijan_Grand_Prix,2,7,0.0
Azerbaijan_Grand_Prix,3,7,0.0
Azerbaijan_Grand_Prix,4,7,0.0
Azerbaijan_Grand_Prix,5,7,0.14285714285714285
Azerbaijan_Grand_Prix,6,7,0.14285714285714285
Azerbaijan_Grand_Prix,7,7,0.2857142857142857
Azerbaijan_Grand_Prix,8,7,0.2857142857142857
Azerbaijan_Grand_Prix,9,7,0.2857142857142857
Azerbaijan_Grand_Prix,10,7,0.14285714285714285
Azerbaijan_Grand_Prix,11,7,0.14285714285714285
Azerbaijan_Grand_Prix,12,7,0.0
Azerbaijan_Grand_Prix,13,7,0.0
Azerbaijan_Grand_Prix,14,7,0.0
Azerbaijan_Grand_Prix,15,7,0.0
Azerbaijan_Grand_Prix,16,7,0.0
Azerbaijan_Grand_Prix,17,7,0.0
Azerbaijan_Grand_Prix,18,7,0.0
Azerbaijan_Grand_Prix,19,7,0.0
Azerbaijan_Grand_Prix,20,7,0.0
Azerbaijan_Grand_Prix,21,7,0.0
Azerbaijan_Grand_Prix,22,7,0.0
Azerbaijan_Grand_Prix,23,7,0.0
Azerbaijan_Grand_Prix,24,7,0.0
Azerbaijan_Grand_Prix,25,7,0.0
Azerbaijan_Grand_Prix,26,7,0.0
Azerbaijan_Grand_Prix,27,7,0.14285714285714285
Azerbaijan_Grand_Prix,28,7,0.14285714285714285
Azerbaijan_Grand_Prix,29,7,0.2857142857142857
Azerbaijan_Grand_Prix,30,7,0.2857142857142857
Azerbaijan_Grand_Prix,31,7,0.2857142857142857
Azerbaijan_Grand_Prix,32,7,0.14285714285714285
Azerbaijan_Grand_Prix,33,7,0.14285714285714285
Azerbaijan_Grand_Prix,34,7,0.0
Azerbaijan_Grand_Prix,35,7,0.0
Azerbaijan_Grand_Prix,36,7,0.2857142857142857
Azerbaijan_Grand_Prix,37,7,0.2857142857142857
Azerbaijan_Grand_Prix,38,7,0.2857142857142857
Azerbaijan_Grand_Prix,39,7,0.2857142857142857
Azerbaijan_Grand_Prix,40,7,0.2857142857142857
Azerbaijan_Grand_Prix,41,7,0.0
Azerbaijan_Grand_Prix,42,7,0.0
Azerbaijan_Grand_Prix,43,7,0.14285714285714285
Azerbaijan_Grand_Prix,44,7,0.14285714285714285
Azerbaijan_Grand_Prix,45,7,0.14285714285714285
Azerbaijan_Grand_Prix,46,7,0.14285714285714285
Azerbaijan_Grand_Prix,47,7,0.2857142857142857
Azerbaijan_Grand_Prix,48,7,0.14285714285714285
Azerbaijan_Grand_Prix,49,7,0.14285714285714285
Azerbaijan_Grand_Prix,50,7,0.14285714285714285
Azerbaijan_Grand_Prix,51,7,0.14285714285714285
Bahrain_Grand_Prix,1,8,0.375
Bahrain_Grand_Prix,2,8,0.375
Bahrain_Grand_Prix,3,8,0.25
Bahrain_Grand_Prix,4,8,0.125
Bahrain_Grand_Prix,5,8,0.0
Bahrain_Grand_Prix,6,8,0.0
Bahrain_Grand_Prix,7,8,0.0
Bahrain_Grand_Prix,8,8,0.0
Bahrain_Grand_Prix,9,8,0.0
Bahrain_Grand_Prix,10,8,0.0
Bahrain_Grand_Prix,11,8,0.0
Bahrain_Grand_Prix,12,8,0.0
Bahrain_Grand_Prix,13,8,0.0
Bahrain_Grand_Prix,14,8,0.0
Bahrain_Grand_Prix,15,8,0.0
Bahrain_Grand_Prix,16,8,0.0
Bahrain_Grand_Prix,17,8,0.0
Bahrain_Grand_Prix,18,8,0.0
Bahrain_Grand_Prix,19,8,0.0
Bahrain_Grand_Prix,20,8,0.0
Bahrain_Grand_Prix,21,8,0.0
Bahrain_Grand_Prix,22,8,0.0
Bahrain_Grand_Prix,23,8,0.0
Bahrain_Grand_Prix,24,8,0.0
Bahrain_Grand_Prix,25,8,0.0
Bahrain_Grand_Prix,26,8,0.0
Bahrain_Grand_Prix,27,8,0.0
Bahrain_Grand_Prix,28,8,0.125
Bahrain_Grand_Prix,29,8,0.125
Bahrain_Grand_Prix,30,8,0.125
Bahrain_Grand_Prix,31,8,0.125
Bahrain_Grand_Prix,32,8,0.125
Bahrain_Grand_Prix,33,8,0.0
Bahrain_Grand_Prix,34,8,0.0
Bahrain_Grand_Prix,35,8,0.0
Bahrain_Grand_Prix,36,8,0.0
Bahrain_Grand_Prix,37,8,0.125
Bahrain_Grand_Prix,38,8,0.125
Bahrain_Grand_Prix,39,8,0.125
Bahrain_Grand_Prix,40,8,0.125
Bahrain_Grand_Prix,41,8,0.125
Bahrain_Grand_Prix,42,8,0.125
Bahrain_Grand_Prix,43,8,0.125
Bahrain_Grand_Prix,44,8,0.125
Bahrain_Grand_Prix,45,8,0.125
Bahrain_Grand_Prix,46,8,0.125
Bahrain_Grand_Prix,47,8,0.0
Bahrain_Grand_Prix,48,8,0.0
Bahrain_Grand_Prix,49,8,0.0
Bahrain_Grand_Prix,50,8,0.0
Bahrain_Grand_Prix,51,8,0.25
Bahrain_Grand_Prix,52,8,0.25
Bahrain_Grand_Prix,53,8,0.25
Bahrain_Grand_Prix,54,8,0.25
Bahrain_Grand_Prix,55,8,0.25
Bahrain_Grand_Prix,56,8,0.0
Bahrain_Grand_Prix,57,7,0.0
Belgian_Grand_Prix,1,8,0.375
Belgian_Grand_Prix,2,8,0.25
Belgian_Grand_Prix,3,8,0.125
Belgian_Grand_Prix,4,7,0.0
Belgian_Grand_Prix,5,7,0.0
Belgian_Grand_Prix,6,7,0.0
Belgian_Grand_Prix,7,7,0.14285714285714285
Belgian_Grand_Prix,8,7,0.14285714285714285
Belgian_Grand_Prix,9,7,0.14285714285714285
Belgian_Grand_Prix,10,7,0.14285714285714285
Belgian_Grand_Prix,11,7,0.14285714285714285
Belgian_Grand_Prix,12,7,0.0
Belgian_Grand_Prix,13,7,0.0
Belgian_Grand_Prix,14,7,0.0
Belgian_Grand_Prix,15,7,0.0
Belgian_Grand_Prix,16,7,0.0
Belgian_Grand_Prix,17,7,0.0
Belgian_Grand_Prix,18,7,0.0
Belgian_Grand_Prix,19,7,0.0
Belgian_Grand_Prix,20,7,0.0
Belgian_Grand_Prix,21,7,0.0
Belgian_Grand_Prix,22,7,0.0
Belgian_Grand_Prix,23,7,0.0
Belgian_Grand_Prix,24,7,0.0
Belgian_Grand_Prix,25,7,0.0
Belgian_Grand_Prix,26,7,0.0
Belgian_Grand_Prix,27,7,0.0
Belgian_Grand_Prix,28,7,0.0
Belgian_Grand_Prix,29,7,0.0
Belgian_Grand_Prix,30,7,0.0
Belgian_Grand_Prix,31,7,0.0
Belgian_Grand_Prix,32,7,0.0
Belgian_Grand_Prix,33,7,0.0
Belgian_Grand_Prix,34,7,0.0
Belgian_Grand_Prix,35,7,0.0
Belgian_Grand_Prix,36,7,0.0
Belgian_Grand_Prix,37,7,0.0
Belgian_Grand_Prix,38,7,0.0
Belgian_Grand_Prix,39,7,0.0
Belgian_Grand_Prix,40,7,0.0
Belgian_Grand_Prix,41,7,0.0
Belgian_Grand_Prix,42,7,0.0
Belgian_Grand_Prix,43,7,0.0
Belgian_Grand_Prix,44,7,0.0
Brazilian_Grand_Prix,1,2,0.0
Brazilian_Grand_Prix,2,2,0.0
Brazilian_Grand_Prix,3,2,0.0
Brazilian_Grand_Prix,4,2,0.0
Brazilian_Grand_Prix,5,2,0.0
Brazilian_Grand_Prix,6,2,0.0
Brazilian_Grand_Prix,7,2,0.0
Brazilian_Grand_Prix,8,2,0.0
Brazilian_Grand_Prix,9,2,0.0
Brazilian_Grand_Prix,10,2,0.0
Brazilian_Grand_Prix,11,2,0.0
Brazilian_Grand_Prix,12,2,0.0
Brazilian_Grand_Prix,13,2,0.0
Brazilian_Grand_Prix,14,2,0.0
Brazilian_Grand_Prix,15,2,0.0
Brazilian_Grand_Prix,16,2,0.0
Brazilian_Grand_Prix,17,2,0.0
Brazilian_Grand_Prix,18,2,0.0
Brazilian_Grand_Prix,19,2,0.0
Brazilian_Grand_Prix,20,2,0.0
Brazilian_Grand_Prix,21,2,0.0
Brazilian_Grand_Prix,22,2,0.0
Brazilian_Grand_Prix,23,2,0.0
Brazilian_Grand_Prix,24,2,0.0
Brazilian_Grand_Prix,25,2,0.0
Brazilian_Grand_Prix,26,2,0.0
Brazilian_Grand_Prix,27,2,0.0
Brazilian_Grand_Prix,28,2,0.0
Brazilian_Grand_Prix,29,2,0.0
Brazilian_Grand_Prix,30,2,0.0
Brazilian_Grand_Prix,31,2,0.0
Brazilian_Grand_Prix,32,2,0.0
Brazilian_Grand_Prix,33,2,0.0
Brazilian_Grand_Prix,34,2,0.0
Brazilian_Grand_Prix,35,2,0.0
Brazilian_Grand_Prix,36,2,0.0
Brazilian_Grand_Prix,37,2,0.0
Brazilian_Grand_Prix,38,2,0.0
Brazilian_Grand_Prix,39,2,0.0
Brazilian_Grand_Prix,40,2,0.0
Brazilian_Grand_Prix,41,2,0.0
Brazilian_Grand_Prix,42,2,0.0
Brazilian_Grand_Prix,43,2,0.0
Brazilian_Grand_Prix,44,2,0.0
Brazilian_Grand_Prix,45,2,0.0
Brazilian_Grand_Prix,46,2,0.0
Brazilian_Grand_Prix,47,2,0.0
Brazilian_Grand_Prix,48,2,0.0
Brazilian_Grand_Prix,49,2,0.0
Brazilian_Grand_Prix,50,2,0.5
Brazilian_Grand_Prix,51,2,0.5
Brazilian_Grand_Prix,52,2,0.5
Brazilian_Grand_Prix,53,2,0.5
Brazilian_Grand_Prix,54,2,0.5
Brazilian_Grand_Prix,55,2,0.0
Brazilian_Grand_Prix,56,2,0.0
Brazilian_Grand_Prix,57,2,0.0
Brazilian_Grand_Prix,58,2,0.0
Brazilian_Grand_Prix,59,2,0.0
Brazilian_Grand_Prix,60,2,0.0
Brazilian_Grand_Prix,61,2,0.0
Brazilian_Grand_Prix,62,2,0.5
Brazilian_Grand_Prix,63,2,0.5
Brazilian_Grand_Prix,64,2,0.5
Brazilian_Grand_Prix,65,2,0.5
Brazilian_Grand_Prix,66,2,0.5
Brazilian_Grand_Prix,67,2,0.0
Brazilian_Grand_Prix,68,2,0.0
Brazilian_Grand_Prix,69,2,0.0
Brazilian_Grand_Prix,70,2,0.0
Brazilian_Grand_Prix,71,2,0.0
British_Grand_Prix,1,8,0.375
British_Grand_Prix,2,8,0.25
British_Grand_Prix,3,8,0.125
British_Grand_Prix,4,8,0.125
British_Grand_Prix,5,8,0.125
British_Grand_Prix,6,8,0.0
British_Grand_Prix,7,8,0.0
British_Grand_Prix,8,8,0.0
British_Grand_Prix,9,8,0.125
British_Grand_Prix,10,8,0.25
British_Grand_Prix,11,8,0.25
British_Grand_Prix,12,8,0.25
British_Grand_Prix,13,8,0.25
British_Grand_Prix,14,8,0.125
British_Grand_Prix,15,8,0.125
British_Grand_Prix,16,8,0.25
British_Grand_Prix,17,8,0.25
British_Grand_Prix,18,8,0.25
British_Grand_Prix,19,8,0.125
British_Grand_Prix,20,8,0.125
British_Grand_Prix,21,8,0.0
British_Grand_Prix,22,8,0.0
British_Grand_Prix,23,8,0.0
British_Grand_Prix,24,8,0.0
British_Grand_Prix,25,8,0.0
British_Grand_Prix,26,8,0.0
British_Grand_Prix,27,8,0.0
British_Grand_Prix,28,8,0.0
British_Grand_Prix,29,8,0.25
British_Grand_Prix,30,8,0.25
British_Grand_Prix,31,8,0.25
British_Grand_Prix,32,8,0.25
British_Grand_Prix,33,8,0.25
British_Grand_Prix,34,8,0.125
British_Grand_Prix,35,8,0.25
British_Grand_Prix,36,8,0.25
British_Grand_Prix,37,8,0.25
British_Grand_Prix,38,8,0.25
British_Grand_Prix,39,8,0.25
British_Grand_Prix,40,8,0.125
British_Grand_Prix,41,8,0.125
British_Grand_Prix,42,8,0.0
British_Grand_Prix,43,8,0.0
British_Grand_Prix,44,8,0.0
British_Grand_Prix,45,8,0.0
British_Grand_Prix,46,8,0.0
British_Grand_Prix,47,8,0.0
British_Grand_Prix,48,8,0.0
British_Grand_Prix,49,8,0.0
British_Grand_Prix,50,8,0.0
British_Grand_Prix,51,8,0.0
British_Grand_Prix,52,8,0.0
Canadian_Grand_Prix,1,7,0.14285714285714285
Canadian_Grand_Prix,2,7,0.0
Canadian_Grand_Prix,3,7,0.0
Canadian_Grand_Prix,4,7,0.14285714285714285
Canadian_Grand_Prix,5,7,0.2857142857142857
Canadian_Grand_Prix,6,7,0.2857142857142857
Canadian_Grand_Prix,7,7,0.2857142857142857
Canadian_Grand_Prix,8,7,0.2857142857142857
Canadian_Grand_Prix,9,7,0.2857142857142857
Canadian_Grand_Prix,10,7,0.14285714285714285
Canadian_Grand_Prix,11,7,0.14285714285714285
Canadian_Grand_Prix,12,7,0.14285714285714285
Canadian_Grand_Prix,13,7,0.0
Canadian_Grand_Prix,14,7,0.0
Canadian_Grand_Prix,15,7,0.0
Canadian_Grand_Prix,16,7,0.14285714285714285
Canadian_Grand_Prix,17,7,0.14285714285714285
Canadian_Grand_Prix,18,7,0.14285714285714285
Canadian_Grand_Prix,19,7,0.14285714285714285
Canadian_Grand_Prix,20,7,0.14285714285714285
Canadian_Grand_Prix,21,7,0.14285714285714285
Canadian_Grand_Prix,22,7,0.14285714285714285
Canadian_Grand_Prix,23,7,0.14285714285714285
Canadian_Grand_Prix,24,7,0.14285714285714285
Canadian_Grand_Prix,25,7,0.14285714285714285
Canadian_Grand_Prix,26,7,0.0
Canadian_Grand_Prix,27,7,0.0
Canadian_Grand_Prix,28,7,0.0
Canadian_Grand_Prix,29,7,0.0
Canadian_Grand_Prix,30,7,0.0
Canadian_Grand_Prix,31,7,0.0
Canadian_Grand_Prix,32,7,0.0
Canadian_Grand_Prix,33,7,0.0
Canadian_Grand_Prix,34,7,0.0
Canadian_Grand_Prix,35,7,0.0
Canadian_Grand_Prix,36,7,0.0
Canadian_Grand_Prix,37,7,0.0
Canadian_Grand_Prix,38,7,0.0
Canadian_Grand_Prix,39,7,0.0
Canadian_Grand_Prix,40,7,0.0
Canadian_Grand_Prix,41,7,0.0
Canadian_Grand_Prix,42,7,0.0
Canadian_Grand_Prix,43,7,0.0
Canadian_Grand_Prix,44,7,0.0
Canadian_Grand_Prix,45,7,0.14285714285714285
Canadian_Grand_Prix,46,7,0.14285714285714285
Canadian_Grand_Prix,47,7,0.14285714285714285
Canadian_Grand_Prix,48,7,0.14285714285714285
Canadian_Grand_Prix,49,7,0.14285714285714285
Canadian_Grand_Prix,50,7,0.14285714285714285
Canadian_Grand_Prix,51,7,0.14285714285714285
Canadian_Grand_Prix,52,7,0.14285714285714285
Canadian_Grand_Prix,53,7,0.14285714285714285
Canadian_Grand_Prix,54,7,0.14285714285714285
Canadian_Grand_Prix,55,7,0.0
Canadian_Grand_Prix,56,7,0.0
Canadian_Grand_Prix,57,7,0.0
Canadian_Grand_Prix,58,7,0.0
Canadian_Grand_Prix,59,7,0.0
Canadian_Grand_Prix,60,7,0.0
Canadian_Grand_Prix,61,7,0.0
Canadian_Grand_Prix,62,7,0.0
Canadian_Grand_Prix,63,7,0.14285714285714285
Canadian_Grand_Prix,64,7,0.14285714285714285
Canadian_Grand_Prix,65,7,0.14285714285714285
Canadian_Grand_Prix,66,7,0.14285714285714285
Canadian_Grand_Prix,67,7,0.14285714285714285
Canadian_Grand_Prix,68,7,0.0
Canadian_Grand_Prix,69,6,0.0
Canadian_Grand_Prix,70,6,0.0
Chinese_Grand_Prix,1,5,0.2
Chinese_Grand_Prix,2,5,0.0
Chinese_Grand_Prix,3,5,0.0
Chinese_Grand_Prix,4,5,0.0
Chinese_Grand_Prix,5,5,0.0
Chinese_Grand_Prix,6,5,0.2
Chinese_Grand_Prix,7,5,0.2
Chinese_Grand_Prix,8,5,0.2
Chinese_Grand_Prix,9,5,0.2
Chinese_Grand_Prix,10,5,0.2
Chinese_Grand_Prix,11,5,0.0
Chinese_Grand_Prix,12,5,0.0
Chinese_Grand_Prix,13,5,0.0
Chinese_Grand_Prix,14,5,0.0
Chinese_Grand_Prix,15,5,0.0
Chinese_Grand_Prix,16,5,0.0
Chinese_Grand_Prix,17,5,0.0
Chinese_Grand_Prix,18,5,0.2
Chinese_Grand_Prix,19,5,0.2
Chinese_Grand_Prix,20,5,0.2
Chinese_Grand_Prix,21,5,0.2
Chinese_Grand_Prix,22,5,0.2
Chinese_Grand_Prix,23,5,0.2
Chinese_Grand_Prix,24,5,0.2
Chinese_Grand_Prix,25,5,0.2
Chinese_Grand_Prix,26,5,0.2
Chinese_Grand_Prix,27,5,0.4
Chinese_Grand_Prix,28,5,0.2
Chinese_Grand_Prix,29,5,0.2
Chinese_Grand_Prix,30,5,0.2
Chinese_Grand_Prix,31,5,0.2
Chinese_Grand_Prix,32,5,0.0
Chinese_Grand_Prix,33,5,0.0
Chinese_Grand_Prix,34,5,0.0
Chinese_Grand_Prix,35,5,0.0
Chinese_Grand_Prix,36,5,0.0
Chinese_Grand_Prix,37,5,0.0
Chinese_Grand_Prix,38,5,0.0
Chinese_Grand_Prix,39,5,0.0
Chinese_Grand_Prix,40,5,0.0
Chinese_Grand_Prix,41,5,0.0
Chinese_Grand_Prix,42,5,0.0
Chinese_Grand_Prix,43,5,0.0
Chinese_Grand_Prix,44,5,0.0
Chinese_Grand_Prix,45,5,0.0
Chinese_Grand_Prix,46,5,0.0
Chinese_Grand_Prix,47,5,0.0
Chinese_Grand_Prix,48,5,0.0
Chinese_Grand_Prix,49,5,0.0
Chinese_Grand_Prix,50,5,0.0
Chinese_Grand_Prix,51,5,0.0
Chinese_Grand_Prix,52,5,0.0
Chinese_Grand_Prix,53,5,0.0
Chinese_Grand_Prix,54,5,0.0
Chinese_Grand_Prix,55,5,0.0
Chinese_Grand_Prix,56,5,0.0
Dutch_Grand_Prix,1,5,0.0
Dutch_Grand_Prix,2,5,0.0
Dutch_Grand_Prix,3,5,0.0
Dutch_Grand_Prix,4,5,0.0
Dutch_Grand_Prix,5,5,0.0
Dutch_Grand_Prix,6,5,0.0
Dutch_Grand_Prix,7,5,0.0
Dutch_Grand_Prix,8,5,0.0
Dutch_Grand_Prix,9,5,0.0
Dutch_Grand_Prix,10,5,0.0
Dutch_Grand_Prix,11,5,0.0
Dutch_Grand_Prix,12,5,0.2
Dutch_Grand_Prix,13,5,0.2
Dutch_Grand_Prix,14,5,0.2
Dutch_Grand_Prix,15,5,0.2
Dutch_Grand_Prix,16,5,0.2
Dutch_Grand_Prix,17,5,0.0
Dutch_Grand_Prix,18,5,0.0
Dutch_Grand_Prix,19,5,0.2
Dutch_Grand_Prix,20,5,0.2
Dutch_Grand_Prix,21,5,0.2
Dutch_Grand_Prix,22,5,0.2
Dutch_Grand_Prix,23,5,0.2
Dutch_Grand_Prix,24,5,0.0
Dutch_Grand_Prix,25,5,0.0
Dutch_Grand_Prix,26,5,0.0
Dutch_Grand_Prix,27,5,0.2
Dutch_Grand_Prix,28,5,0.2
Dutch_Grand_Prix,29,5,0.2
Dutch_Grand_Prix,30,5,0.2
Dutch_Grand_Prix,31,5,0.2
Dutch_Grand_Prix,32,5,0.0
Dutch_Grand_Prix,33,5,0.0
Dutch_Grand_Prix,34,5,0.0
Dutch_Grand_Prix,35,5,0.0
Dutch_Grand_Prix,36,5,0.0
Dutch_Grand_Prix,37,5,0.0
Dutch_Grand_Prix,38,5,0.0
Dutch_Grand_Prix,39,5,0.0
Dutch_Grand_Prix,40,5,0.0
Dutch_Grand_Prix,41,5,0.0
Dutch_Grand_Prix,42,5,0.0
Dutch_Grand_Prix,43,5,0.0
Dutch_Grand_Prix,44,5,0.2
Dutch_Grand_Prix,45,5,0.2
Dutch_Grand_Prix,46,5,0.2
Dutch_Grand_Prix,47,5,0.2
Dutch_Grand_Prix,48,5,0.2
Dutch_Grand_Prix,49,5,0.2
Dutch_Grand_Prix,50,5,0.2
Dutch_Grand_Prix,51,5,0.2
Dutch_Grand_Prix,52,5,0.4
Dutch_Grand_Prix,53,5,0.4
Dutch_Grand_Prix,54,5,0.2
Dutch_Grand_Prix,55,5,0.2
Dutch_Grand_Prix,56,5,0.2
Dutch_Grand_Prix,57,5,0.0
Dutch_Grand_Prix,58,5,0.0
Dutch_Grand_Prix,59,5,0.0
Dutch_Grand_Prix,60,5,0.2
Dutch_Grand_Prix,61,5,0.4
Dutch_Grand_Prix,62,5,0.4
Dutch_Grand_Prix,63,5,0.4
Dutch_Grand_Prix,64,5,0.4
Dutch_Grand_Prix,65,5,0.2
Dutch_Grand_Prix,66,5,0.0
Dutch_Grand_Prix,67,5,0.0
Dutch_Grand_Prix,68,5,0.0
Dutch_Grand_Prix,69,5,0.0
Dutch_Grand_Prix,70,5,0.0
Dutch_Grand_Prix,71,5,0.0
Dutch_Grand_Prix,72,5,0.0
Eifel_Grand_Prix,1,1,0.0
Eifel_Grand_Prix,2,1,0.0
Eifel_Grand_Prix,3,1,0.0
Eifel_Grand_Prix,4,1,0.0
Eifel_Grand_Prix,5,1,0.0
Eifel_Grand_Prix,6,1,0.0
Eifel_Grand_Prix,7,1,0.0
Eifel_Grand_Prix,8,1,0.0
Eifel_Grand_Prix,9,1,0.0
Eifel_Grand_Prix,10,1,0.0
Eifel_Grand_Prix,11,1,0.0
Eifel_Grand_Prix,12,1,1.0
Eifel_Grand_Prix,13,1,1.0
Eifel_Grand_Prix,14,1,1.0
Eifel_Grand_Prix,15,1,1.0
Eifel_Grand_Prix,16,1,1.0
Eifel_Grand_Prix,17,1,0.0
Eifel_Grand_Prix,18,1,0.0
Eifel_Grand_Prix,19,1,0.0
Eifel_Grand_Prix,20,1,0.0
Eifel_Grand_Prix,21,1,0.0
Eifel_Grand_Prix,22,1,0.0
Eifel_Grand_Prix,23,1,0.0
Eifel_Grand_Prix,24,1,0.0
Eifel_Grand_Prix,25,1,0.0
Eifel_Grand_Prix,26,1,0.0
Eifel_Grand_Prix,27,1,0.0
Eifel_Grand_Prix,28,1,0.0
Eifel_Grand_Prix,29,1,0.0
Eifel_Grand_Prix,30,1,0.0
Eifel_Grand_Prix,31,1,0.0
Eifel_Grand_Prix,32,1,0.0
Eifel_Grand_Prix,33,1,0.0
Eifel_Grand_Prix,34,1,0.0
Eifel_Grand_Prix,35,1,0.0
Eifel_Grand_Prix,36,1,0.0
Eifel_Grand_Prix,37,1,0.0
Eifel_Grand_Prix,38,1,0.0
Eifel_Grand_Prix,39,1,0.0
Eifel_Grand_Prix,40,1,0.0
Eifel_Grand_Prix,41,1,1.0
Eifel_Grand_Prix,42,1,1.0
Eifel_Grand_Prix,43,1,1.0
Eifel_Grand_Prix,44,1,1.0
Eifel_Grand_Prix,45,1,1.0
Eifel_Grand_Prix,46,1,0.0
Eifel_Grand_Prix,47,1,0.0
Eifel_Grand_Prix,48,1,0.0
Eifel_Grand_Prix,49,1,0.0
Eifel_Grand_Prix,50,1,0.0
Eifel_Grand_Prix,51,1,0.0
Eifel_Grand_Prix,52,1,0.0
Eifel_Grand_Prix,53,1,0.0
Eifel_Grand_Prix,54,1,0.0
Eifel_Grand_Prix,55,1,0.0
Eifel_Grand_Prix,56,1,0.0
Eifel_Grand_Prix,57,1,0.0
Eifel_Grand_Prix,58,1,0.0
Eifel_Grand_Prix,59,1,0.0
Eifel_Grand_Prix,60,1,0.0
Emilia_Romagna_Grand_Prix,1,5,0.4
Emilia_Romagna_Grand_Prix,2,5,0.2
Emilia_Romagna_Grand_Prix,3,5,0.0
Emilia_Romagna_Grand_Prix,4,5,0.0
Emilia_Romagna_Grand_Prix,5,5,0.0
Emilia_Romagna_Grand_Prix,6,5,0.0
Emilia_Romagna_Grand_Prix,7,5,0.0
Emilia_Romagna_Grand_Prix,8,5,0.0
Emilia_Romagna_Grand_Prix,9,5,0.0
Emilia_Romagna_Grand_Prix,10,5,0.0
Emilia_Romagna_Grand_Prix,11,5,0.0
Emilia_Romagna_Grand_Prix,12,5,0.0
Emilia_Romagna_Grand_Prix,13,5,0.0
Emilia_Romagna_Grand_Prix,14,5,0.0
Emilia_Romagna_Grand_Prix,15,5,0.0
Emilia_Romagna_Grand_Prix,16,5,0.0
Emilia_Romagna_Grand_Prix,17,5,0.0
Emilia_Romagna_Grand_Prix,18,5,0.0
Emilia_Romagna_Grand_Prix,19,5,0.0
Emilia_Romagna_Grand_Prix,20,5,0.0
Emilia_Romagna_Grand_Prix,21,5,0.0
Emilia_Romagna_Grand_Prix,22,5,0.0
Emilia_Romagna_Grand_Prix,23,5,0.0
Emilia_Romagna_Grand_Prix,24,5,0.0
Emilia_Romagna_Grand_Prix,25,5,0.2
Emilia_Romagna_Grand_Prix,26,5,0.4
Emilia_Romagna_Grand_Prix,27,5,0.4
Emilia_Romagna_Grand_Prix,28,5,0.6
Emilia_Romagna_Grand_Prix,29,5,0.6
Emilia_Romagna_Grand_Prix,30,5,0.4
Emilia_Romagna_Grand_Prix,31,5,0.2
Emilia_Romagna_Grand_Prix,32,5,0.2
Emilia_Romagna_Grand_Prix,33,5,0.0
Emilia_Romagna_Grand_Prix,34,5,0.0
Emilia_Romagna_Grand_Prix,35,5,0.0
Emilia_Romagna_Grand_Prix,36,5,0.0
Emilia_Romagna_Grand_Prix,37,5,0.0
Emilia_Romagna_Grand_Prix,38,5,0.0
Emilia_Romagna_Grand_Prix,39,5,0.0
Emilia_Romagna_Grand_Prix,40,5,0.0
Emilia_Romagna_Grand_Prix,41,5,0.0
Emilia_Romagna_Grand_Prix,42,5,0.2
Emilia_Romagna_Grand_Prix,43,5,0.2
Emilia_Romagna_Grand_Prix,44,5,0.2
Emilia_Romagna_Grand_Prix,45,5,0.2
Emilia_Romagna_Grand_Prix,46,5,0.2
Emilia_Romagna_Grand_Prix,47,5,0.2
Emilia_Romagna_Grand_Prix,48,5,0.2
Emilia_Romagna_Grand_Prix,49,5,0.2
Emilia_Romagna_Grand_Prix,50,5,0.2
Emilia_Romagna_Grand_Prix,51,5,0.2
Emilia_Romagna_Grand_Prix,52,5,0.0
Emilia_Romagna_Grand_Prix,53,5,0.0
Emilia_Romagna_Grand_Prix,54,5,0.0
Emilia_Romagna_Grand_Prix,55,5,0.0
Emilia_Romagna_Grand_Prix,56,5,0.0
Emilia_Romagna_Grand_Prix,57,5,0.0
Emilia_Romagna_Grand_Prix,58,5,0.0
Emilia_Romagna_Grand_Prix,59,5,0.0
Emilia_Romagna_Grand_Prix,60,5,0.0
Emilia_Romagna_Grand_Prix,61,5,0.0
Emilia_Romagna_Grand_Prix,62,5,0.0
Emilia_Romagna_Grand_Prix,63,5,0.0
French_Grand_Prix,1,4,0.25
French_Grand_Prix,2,4,0.0
French_Grand_Prix,3,4,0.0
French_Grand_Prix,4,4,0.0
French_Grand_Prix,5,4,0.0
French_Grand_Prix,6,4,0.0
French_Grand_Prix,7,4,0.0
French_Grand_Prix,8,4,0.0
French_Grand_Prix,9,4,0.0
French_Grand_Prix,10,4,0.0
French_Grand_Prix,11,4,0.0
French_Grand_Prix,12,4,0.0
French_Grand_Prix,13,4,0.0
French_Grand_Prix,14,4,0.25
French_Grand_Prix,15,4,0.25
French_Grand_Prix,16,4,0.25
French_Grand_Prix,17,4,0.25
French_Grand_Prix,18,4,0.25
French_Grand_Prix,19,4,0.0
French_Grand_Prix,20,4,0.0
French_Grand_Prix,21,4,0.0
French_Grand_Prix,22,4,0.0
French_Grand_Prix,23,4,0.0
French_Grand_Prix,24,4,0.0
French_Grand_Prix,25,4,0.0
French_Grand_Prix,26,4,0.0
French_Grand_Prix,27,4,0.0
French_Grand_Prix,28,4,0.0
French_Grand_Prix,29,4,0.0
French_Grand_Prix,30,4,0.0
French_Grand_Prix,31,4,0.0
French_Grand_Prix,32,4,0.0
French_Grand_Prix,33,4,0.0
French_Grand_Prix,34,4,0.0
French_Grand_Prix,35,4,0.0
French_Grand_Prix,36,4,0.0
French_Grand_Prix,37,4,0.0
French_Grand_Prix,38,4,0.0
French_Grand_Prix,39,4,0.0
French_Grand_Prix,40,4,0.0
French_Grand_Prix,41,4,0.0
French_Grand_Prix,42,4,0.0
French_Grand_Prix,43,4,0.0
French_Grand_Prix,44,4,0.0
French_Grand_Prix,45,4,0.0
French_Grand_Prix,46,4,0.5
French_Grand_Prix,47,4,0.5
French_Grand_Prix,48,4,0.75
French_Grand_Prix,49,4,0.75
French_Grand_Prix,50,4,0.75
French_Grand_Prix,51,4,0.5
French_Grand_Prix,52,4,0.5
French_Grand_Prix,53,4,0.25
German_Grand_Prix,1,2,0.5
German_Grand_Prix,2,2,0.5
German_Grand_Prix,3,2,0.5
German_Grand_Prix,4,2,0.0
German_Grand_Prix,5,2,0.0
German_Grand_Prix,6,2,0.0
German_Grand_Prix,7,2,0.0
German_Grand_Prix,8,2,0.0
German_Grand_Prix,9,2,0.0
German_Grand_Prix,10,2,0.0
German_Grand_Prix,11,2,0.5
German_Grand_Prix,12,2,0.5
German_Grand_Prix,13,2,0.5
German_Grand_Prix,14,2,0.5
German_Grand_Prix,15,2,0.5
German_Grand_Prix,16,2,0.0
German_Grand_Prix,17,2,0.0
German_Grand_Prix,18,2,0.0
German_Grand_Prix,19,2,0.0
German_Grand_Prix,20,2,0.0
German_Grand_Prix,21,2,0.0
German_Grand_Prix,22,2,0.0
German_Grand_Prix,23,2,0.0
German_Grand_Prix,24,2,0.5
German_Grand_Prix,25,2,0.5
German_Grand_Prix,26,2,0.5
German_Grand_Prix,27,2,0.5
German_Grand_Prix,28,2,0.5
German_Grand_Prix,29,2,0.5
German_Grand_Prix,30,2,0.0
German_Grand_Prix,31,2,0.0
German_Grand_Prix,32,2,0.0
German_Grand_Prix,33,2,0.0
German_Grand_Prix,34,2,0.0
German_Grand_Prix,35,2,0.0
German_Grand_Prix,36,2,0.0
German_Grand_Prix,37,2,0.5
German_Grand_Prix,38,2,0.5
German_Grand_Prix,39,2,0.5
German_Grand_Prix,40,2,0.5
German_Grand_Prix,41,2,0.5
German_Grand_Prix,42,2,0.0
German_Grand_Prix,43,2,0.0
German_Grand_Prix,44,2,0.0
German_Grand_Prix,45,2,0.0
German_Grand_Prix,46,2,0.0
German_Grand_Prix,47,2,0.0
German_Grand_Prix,48,2,0.5
German_Grand_Prix,49,2,0.5
German_Grand_Prix,50,2,0.5
German_Grand_Prix,51,2,0.5
German_Grand_Prix,52,2,0.5
German_Grand_Prix,53,2,0.5
German_Grand_Prix,54,2,0.5
German_Grand_Prix,55,2,0.5
German_Grand_Prix,56,2,0.5
German_Grand_Prix,57,2,0.5
German_Grand_Prix,58,2,0.0
German_Grand_Prix,59,2,0.0
German_Grand_Prix,60,2,0.0
German_Grand_Prix,61,2,0.0
German_Grand_Prix,62,2,0.0
German_Grand_Prix,63,2,0.0
German_Grand_Prix,64,2,0.0
German_Grand_Prix,65,1,0.0
German_Grand_Prix,66,1,0.0
German_Grand_Prix,67,1,0.0
Hungarian_Grand_Prix,1,8,0.25
Hungarian_Grand_Prix,2,8,0.25
Hungarian_Grand_Prix,3,8,0.125
Hungarian_Grand_Prix,4,8,0.125
Hungarian_Grand_Prix,5,8,0.125
Hungarian_Grand_Prix,6,8,0.125
Hungarian_Grand_Prix,7,8,0.0
Hungarian_Grand_Prix,8,8,0.0
Hungarian_Grand_Prix,9,8,0.0
Hungarian_Grand_Prix,10,8,0.0
Hungarian_Grand_Prix,11,8,0.0
Hungarian_Grand_Prix,12,8,0.0
Hungarian_Grand_Prix,13,8,0.0
Hungarian_Grand_Prix,14,8,0.0
Hungarian_Grand_Prix,15,8,0.0
Hungarian_Grand_Prix,16,8,0.0
Hungarian_Grand_Prix,17,8,0.0
Hungarian_Grand_Prix,18,8,0.0
Hungarian_Grand_Prix,19,8,0.0
Hungarian_Grand_Prix,20,8,0.0
Hungarian_Grand_Prix,21,8,0.0
Hungarian_Grand_Prix,22,8,0.0
Hungarian_Grand_Prix,23,8,0.0
Hungarian_Grand_Prix,24,8,0.0
Hungarian_Grand_Prix,25,8,0.0
Hungarian_Grand_Prix,26,8,0.0
Hungarian_Grand_Prix,27,8,0.0
Hungarian_Grand_Prix,28,8,0.0
Hungarian_Grand_Prix,29,8,0.0
Hungarian_Grand_Prix,30,8,0.0
Hungarian_Grand_Prix,31,8,0.0
Hungarian_Grand_Prix,32,8,0.0
Hungarian_Grand_Prix,33,8,0.0
Hungarian_Grand_Prix,34,8,0.0
Hungarian_Grand_Prix,35,8,0.0
Hungarian_Grand_Prix,36,8,0.0
Hungarian_Grand_Prix,37,8,0.0
Hungarian_Grand_Prix,38,8,0.0
Hungarian_Grand_Prix,39,8,0.0
Hungarian_Grand_Prix,40,8,0.0
Hungarian_Grand_Prix,41,8,0.0
Hungarian_Grand_Prix,42,8,0.0
Hungarian_Grand_Prix,43,8,0.0
Hungarian_Grand_Prix,44,8,0.0
Hungarian_Grand_Prix,45,8,0.0
Hungarian_Grand_Prix,46,8,0.0
Hungarian_Grand_Prix,47,8,0.125
Hungarian_Grand_Prix,48,8,0.125
Hungarian_Grand_Prix,49,8,0.125
Hungarian_Grand_Prix,50,8,0.125
Hungarian_Grand_Prix,51,8,0.125
Hungarian_Grand_Prix,52,8,0.0
Hungarian_Grand_Prix,53,8,0.0
Hungarian_Grand_Prix,54,8,0.0
Hungarian_Grand_Prix,55,8,0.0
Hungarian_Grand_Prix,56,8,0.0
Hungarian_Grand_Prix,57,8,0.0
Hungarian_Grand_Prix,58,8,0.0
Hungarian_Grand_Prix,59,8,0.0
Hungarian_Grand_Prix,60,8,0.0
Hungarian_Grand_Prix,61,8,0.0
Hungarian_Grand_Prix,62,8,0.0
Hungarian_Grand_Prix,63,8,0.0
Hungarian_Grand_Prix,64,8,0.125
Hungarian_Grand_Prix,65,8,0.125
Hungarian_Grand_Prix,66,8,0.125
Hungarian_Grand_Prix,67,8,0.125
Hungarian_Grand_Prix,68,8,0.125
Hungarian_Grand_Prix,69,8,0.0
Hungarian_Grand_Prix,70,8,0.0
Italian_Grand_Prix,1,7,0.14285714285714285
Italian_Grand_Prix,2,7,0.0
Italian_Grand_Prix,3,7,0.0
Italian_Grand_Prix,4,7,0.0
Italian_Grand_Prix,5,7,0.0
Italian_Grand_Prix,6,7,0.0
Italian_Grand_Prix,7,7,0.0
Italian_Grand_Prix,8,7,0.14285714285714285
Italian_Grand_Prix,9,7,0.14285714285714285
Italian_Grand_Prix,10,7,0.14285714285714285
Italian_Grand_Prix,11,7,0.14285714285714285
Italian_Grand_Prix,12,7,0.14285714285714285
Italian_Grand_Prix,13,7,0.0
Italian_Grand_Prix,14,7,0.0
Italian_Grand_Prix,15,7,0.0
Italian_Grand_Prix,16,7,0.14285714285714285
Italian_Grand_Prix,17,7,0.14285714285714285
Italian_Grand_Prix,18,7,0.14285714285714285
Italian_Grand_Prix,19,7,0.14285714285714285
Italian_Grand_Prix,20,7,0.14285714285714285
Italian_Grand_Prix,21,7,0.14285714285714285
Italian_Grand_Prix,22,7,0.2857142857142857
Italian_Grand_Prix,23,7,0.2857142857142857
Italian_Grand_Prix,24,7,0.2857142857142857
Italian_Grand_Prix,25,7,0.42857142857142855
Italian_Grand_Prix,26,7,0.2857142857142857
Italian_Grand_Prix,27,7,0.14285714285714285
Italian_Grand_Prix,28,7,0.14285714285714285
Italian_Grand_Prix,29,7,0.14285714285714285
Italian_Grand_Prix,30,7,0.14285714285714285
Italian_Grand_Prix,31,7,0.14285714285714285
Italian_Grand_Prix,32,7,0.0
Italian_Grand_Prix,33,7,0.0
Italian_Grand_Prix,34,7,0.0
Italian_Grand_Prix,35,7,0.0
Italian_Grand_Prix,36,7,0.0
Italian_Grand_Prix,37,7,0.0
Italian_Grand_Prix,38,7,0.0
Italian_Grand_Prix,39,7,0.0
Italian_Grand_Prix,40,7,0.14285714285714285
Italian_Grand_Prix,41,7,0.14285714285714285
Italian_Grand_Prix,42,7,0.14285714285714285
Italian_Grand_Prix,43,7,0.14285714285714285
Italian_Grand_Prix,44,7,0.2857142857142857
Italian_Grand_Prix,45,7,0.14285714285714285
Italian_Grand_Prix,46,7,0.14285714285714285
Italian_Grand_Prix,47,7,0.14285714285714285
Italian_Grand_Prix,48,7,0.14285714285714285
Italian_Grand_Prix,49,7,0.0
Italian_Grand_Prix,50,7,0.0
Italian_Grand_Prix,51,7,0.0
Italian_Grand_Prix,52,6,0.0
Italian_Grand_Prix,53,6,0.0
Japanese_Grand_Prix,1,7,0.42857142857142855
Japanese_Grand_Prix,2,7,0.14285714285714285
Japanese_Grand_Prix,3,7,0.14285714285714285
Japanese_Grand_Prix,4,7,0.14285714285714285
Japanese_Grand_Prix,5,7,0.0
Japanese_Grand_Prix,6,7,0.0
Japanese_Grand_Prix,7,7,0.0
Japanese_Grand_Prix,8,7,0.0
Japanese_Grand_Prix,9,7,0.0
Japanese_Grand_Prix,10,7,0.14285714285714285
Japanese_Grand_Prix,11,7,0.14285714285714285
Japanese_Grand_Prix,12,7,0.14285714285714285
Japanese_Grand_Prix,13,7,0.14285714285714285
Japanese_Grand_Prix,14,7,0.14285714285714285
Japanese_Grand_Prix,15,7,0.0
Japanese_Grand_Prix,16,7,0.0
Japanese_Grand_Prix,17,7,0.0
Japanese_Grand_Prix,18,7,0.14285714285714285
Japanese_Grand_Prix,19,7,0.14285714285714285
Japanese_Grand_Prix,20,7,0.14285714285714285
Japanese_Grand_Prix,21,7,0.14285714285714285
Japanese_Grand_Prix,22,7,0.14285714285714285
Japanese_Grand_Prix,23,7,0.0
Japanese_Grand_Prix,24,7,0.0
Japanese_Grand_Prix,25,7,0.0
Japanese_Grand_Prix,26,7,0.0
Japanese_Grand_Prix,27,7,0.0
Japanese_Grand_Prix,28,7,0.0
Japanese_Grand_Prix,29,7,0.0
Japanese_Grand_Prix,30,6,0.0
Japanese_Grand_Prix,31,6,0.0
Japanese_Grand_Prix,32,6,0.0
Japanese_Grand_Prix,33,6,0.0
Japanese_Grand_Prix,34,6,0.0
Japanese_Grand_Prix,35,6,0.0
Japanese_Grand_Prix,36,6,0.0
Japanese_Grand_Prix,37,6,0.16666666666666666
Japanese_Grand_Prix,38,6,0.16666666666666666
Japanese_Grand_Prix,39,6,0.16666666666666666
Japanese_Grand_Prix,40,6,0.16666666666666666
Japanese_Grand_Prix,41,6,0.16666666666666666
Japanese_Grand_Prix,42,6,0.0
Japanese_Grand_Prix,43,6,0.0
Japanese_Grand_Prix,44,6,0.0
Japanese_Grand_Prix,45,6,0.0
Japanese_Grand_Prix,46,6,0.0
Japanese_Grand_Prix,47,6,0.0
Japanese_Grand_Prix,48,6,0.0
Japanese_Grand_Prix,49,6,0.0
Japanese_Grand_Prix,50,6,0.0
Japanese_Grand_Prix,51,6,0.0
Japanese_Grand_Prix,52,6,0.0
Japanese_Grand_Prix,53,6,0.0
Las_Vegas_Grand_Prix,1,3,0.6666666666666666
Las_Vegas_Grand_Prix,2,3,0.6666666666666666
Las_Vegas_Grand_Prix,3,3,0.3333333333333333
Las_Vegas_Grand_Prix,4,3,0.0
Las_Vegas_Grand_Prix,5,3,0.0
Las_Vegas_Grand_Prix,6,3,0.0
Las_Vegas_Grand_Prix,7,3,0.0
Las_Vegas_Grand_Prix,8,3,0.0
Las_Vegas_Grand_Prix,9,3,0.0
Las_Vegas_Grand_Prix,10,3,0.0
Las_Vegas_Grand_Prix,11,3,0.0
Las_Vegas_Grand_Prix,12,3,0.3333333333333333
Las_Vegas_Grand_Prix,13,3,0.3333333333333333
Las_Vegas_Grand_Prix,14,3,0.3333333333333333
Las_Vegas_Grand_Prix,15,3,0.3333333333333333
Las_Vegas_Grand_Prix,16,3,0.3333333333333333
Las_Vegas_Grand_Prix,17,3,0.0
Las_Vegas_Grand_Prix,18,3,0.0
Las_Vegas_Grand_Prix,19,3,0.0
Las_Vegas_Grand_Prix,20,3,0.0
Las_Vegas_Grand_Prix,21,3,0.0
Las_Vegas_Grand_Prix,22,3,0.3333333333333333
Las_Vegas_Grand_Prix,23,3,0.3333333333333333
Las_Vegas_Grand_Prix,24,3,0.3333333333333333
Las_Vegas_Grand_Prix,25,3,0.3333333333333333
Las_Vegas_Grand_Prix,26,3,0.3333333333333333
Las_Vegas_Grand_Prix,27,3,0.0
Las_Vegas_Grand_Prix,28,3,0.0
Las_Vegas_Grand_Prix,29,3,0.0
Las_Vegas_Grand_Prix,30,3,0.0
Las_Vegas_Grand_Prix,31,3,0.0
Las_Vegas_Grand_Prix,32,3,0.0
Las_Vegas_Grand_Prix,33,3,0.0
Las_Vegas_Grand_Prix,34,3,0.0
Las_Vegas_Grand_Prix,35,3,0.0
Las_Vegas_Grand_Prix,36,3,0.0
Las_Vegas_Grand_Prix,37,3,0.0
Las_Vegas_Grand_Prix,38,3,0.0
Las_Vegas_Grand_Prix,39,3,0.0
Las_Vegas_Grand_Prix,40,3,0.0
Las_Vegas_Grand_Prix,41,3,0.0
Las_Vegas_Grand_Prix,42,3,0.0
Las_Vegas_Grand_Prix,43,3,0.0
Las_Vegas_Grand_Prix,44,3,0.0
Las_Vegas_Grand_Prix,45,3,0.0
Las_Vegas_Grand_Prix,46,3,0.0
Las_Vegas_Grand_Prix,47,3,0.0
Las_Vegas_Grand_Prix,48,3,0.0
Las_Vegas_Grand_Prix,49,3,0.0
Las_Vegas_Grand_Prix,50,3,0.0
Mexican_Grand_Prix,1,2,1.0
Mexican_Grand_Prix,2,2,0.5
Mexican_Grand_Prix,3,2,0.5
Mexican_Grand_Prix,4,2,0.5
Mexican_Grand_Prix,5,2,0.5
Mexican_Grand_Prix,6,2,0.0
Mexican_Grand_Prix,7,2,0.0
Mexican_Grand_Prix,8,2,0.0
Mexican_Grand_Prix,9,2,0.0
Mexican_Grand_Prix,10,2,0.0
Mexican_Grand_Prix,11,2,0.0
Mexican_Grand_Prix,12,2,0.0
Mexican_Grand_Prix,13,2,0.0
Mexican_Grand_Prix,14,2,0.0
Mexican_Grand_Prix,15,2,0.0
Mexican_Grand_Prix,16,2,0.0
Mexican_Grand_Prix,17,2,0.0
Mexican_Grand_Prix,18,2,0.0
Mexican_Grand_Prix,19,2,0.0
Mexican_Grand_Prix,20,2,0.0
Mexican_Grand_Prix,21,2,0.0
Mexican_Grand_Prix,22,2,0.0
Mexican_Grand_Prix,23,2,0.0
Mexican_Grand_Prix,24,2,0.0
Mexican_Grand_Prix,25,2,0.0
Mexican_Grand_Prix,26,2,0.0
Mexican_Grand_Prix,27,2,0.5
Mexican_Grand_Prix,28,2,0.5
Mexican_Grand_Prix,29,2,0.5
Mexican_Grand_Prix,30,2,0.5
Mexican_Grand_Prix,31,2,0.5
Mexican_Grand_Prix,32,2,0.0
Mexican_Grand_Prix,33,2,0.0
Mexican_Grand_Prix,34,2,0.0
Mexican_Grand_Prix,35,2,0.0
Mexican_Grand_Prix,36,2,0.0
Mexican_Grand_Prix,37,2,0.0
Mexican_Grand_Prix,38,2,0.0
Mexican_Grand_Prix,39,2,0.0
Mexican_Grand_Prix,40,2,0.0
Mexican_Grand_Prix,41,2,0.0
Mexican_Grand_Prix,42,2,0.0
Mexican_Grand_Prix,43,2,0.0
Mexican_Grand_Prix,44,2,0.0
Mexican_Grand_Prix,45,2,0.0
Mexican_Grand_Prix,46,2,0.0
Mexican_Grand_Prix,47,2,0.0
Mexican_Grand_Prix,48,2,0.0
Mexican_Grand_Prix,49,2,0.0
Mexican_Grand_Prix,50,2,0.0
Mexican_Grand_Prix,51,2,0.0
Mexican_Grand_Prix,52,2,0.0
Mexican_Grand_Prix,53,2,0.0
Mexican_Grand_Prix,54,2,0.0
Mexican_Grand_Prix,55,2,0.0
Mexican_Grand_Prix,56,2,0.0
Mexican_Grand_Prix,57,2,0.0
Mexican_Grand_Prix,58,2,0.5
Mexican_Grand_Prix,59,2,0.5
Mexican_Grand_Prix,60,2,0.5
Mexican_Grand_Prix,61,2,0.5
Mexican_Grand_Prix,62,2,0.5
Mexican_Grand_Prix,63,2,0.0
Mexican_Grand_Prix,64,2,0.0
Mexican_Grand_Prix,65,2,0.0
Mexican_Grand_Prix,66,2,0.0
Mexican_Grand_Prix,67,2,0.0
Mexican_Grand_Prix,68,2,0.0
Mexican_Grand_Prix,69,2,0.0
Mexican_Grand_Prix,70,2,0.0
Mexican_Grand_Prix,71,2,0.0
Mexico_City_Grand_Prix,1,5,0.6
Mexico_City_Grand_Prix,2,5,0.2
Mexico_City_Grand_Prix,3,5,0.2
Mexico_City_Grand_Prix,4,5,0.2
Mexico_City_Grand_Prix,5,5,0.2
Mexico_City_Grand_Prix,6,5,0.0
Mexico_City_Grand_Prix,7,5,0.0
Mexico_City_Grand_Prix,8,5,0.0
Mexico_City_Grand_Prix,9,5,0.0
Mexico_City_Grand_Prix,10,5,0.0
Mexico_City_Grand_Prix,11,5,0.0
Mexico_City_Grand_Prix,12,5,0.0
Mexico_City_Grand_Prix,13,5,0.0
Mexico_City_Grand_Prix,14,5,0.0
Mexico_City_Grand_Prix,15,5,0.0
Mexico_City_Grand_Prix,16,5,0.0
Mexico_City_Grand_Prix,17,5,0.0
Mexico_City_Grand_Prix,18,5,0.0
Mexico_City_Grand_Prix,19,5,0.0
Mexico_City_Grand_Prix,20,5,0.0
Mexico_City_Grand_Prix,21,5,0.0
Mexico_City_Grand_Prix,22,5,0.0
Mexico_City_Grand_Prix,23,5,0.0
Mexico_City_Grand_Prix,24,5,0.0
Mexico_City_Grand_Prix,25,5,0.0
Mexico_City_Grand_Prix,26,5,0.0
Mexico_City_Grand_Prix,27,5,0.0
Mexico_City_Grand_Prix,28,5,0.0
Mexico_City_Grand_Prix,29,5,0.2
Mexico_City_Grand_Prix,30,5,0.2
Mexico_City_Grand_Prix,31,5,0.2
Mexico_City_Grand_Prix,32,5,0.2
Mexico_City_Grand_Prix,33,5,0.2
Mexico_City_Grand_Prix,34,5,0.0
Mexico_City_Grand_Prix,35,5,0.0
Mexico_City_Grand_Prix,36,5,0.0
Mexico_City_Grand_Prix,37,5,0.0
Mexico_City_Grand_Prix,38,5,0.0
Mexico_City_Grand_Prix,39,5,0.0
Mexico_City_Grand_Prix,40,5,0.0
Mexico_City_Grand_Prix,41,5,0.0
Mexico_City_Grand_Prix,42,5,0.0
Mexico_City_Grand_Prix,43,5,0.0
Mexico_City_Grand_Prix,44,5,0.0
Mexico_City_Grand_Prix,45,5,0.0
Mexico_City_Grand_Prix,46,5,0.0
Mexico_City_Grand_Prix,47,5,0.0
Mexico_City_Grand_Prix,48,5,0.0
Mexico_City_Grand_Prix,49,5,0.0
Mexico_City_Grand_Prix,50,5,0.0
Mexico_City_Grand_Prix,51,5,0.0
Mexico_City_Grand_Prix,52,5,0.0
Mexico_City_Grand_Prix,53,5,0.0
Mexico_City_Grand_Prix,54,5,0.0
Mexico_City_Grand_Prix,55,5,0.0
Mexico_City_Grand_Prix,56,5,0.0
Mexico_City_Grand_Prix,57,5,0.0
Mexico_City_Grand_Prix,58,5,0.0
Mexico_City_Grand_Prix,59,5,0.0
Mexico_City_Grand_Prix,60,5,0.0
Mexico_City_Grand_Prix,61,5,0.2
Mexico_City_Grand_Prix,62,5,0.2
Mexico_City_Grand_Prix,63,5,0.2
Mexico_City_Grand_Prix,64,5,0.2
Mexico_City_Grand_Prix,65,5,0.2
Mexico_City_Grand_Prix,66,5,0.2
Mexico_City_Grand_Prix,67,5,0.2
Mexico_City_Grand_Prix,68,5,0.2
Mexico_City_Grand_Prix,69,5,0.2
Mexico_City_Grand_Prix,70,5,0.2
Mexico_City_Grand_Prix,71,5,0.0
Miami_Grand_Prix,1,5,0.2
Miami_Grand_Prix,2,5,0.4
Miami_Grand_Prix,3,5,0.2
Miami_Grand_Prix,4,5,0.2
Miami_Grand_Prix,5,5,0.2
Miami_Grand_Prix,6,5,0.2
Miami_Grand_Prix,7,5,0.0
Miami_Grand_Prix,8,5,0.0
Miami_Grand_Prix,9,5,0.0
Miami_Grand_Prix,10,5,0.0
Miami_Grand_Prix,11,5,0.0
Miami_Grand_Prix,12,5,0.0
Miami_Grand_Prix,13,5,0.0
Miami_Grand_Prix,14,5,0.0
Miami_Grand_Prix,15,5,0.0
Miami_Grand_Prix,16,5,0.0
Miami_Grand_Prix,17,5,0.0
Miami_Grand_Prix,18,5,0.0
Miami_Grand_Prix,19,5,0.2
Miami_Grand_Prix,20,5,0.2
Miami_Grand_Prix,21,5,0.2
Miami_Grand_Prix,22,5,0.2
Miami_Grand_Prix,23,5,0.2
Miami_Grand_Prix,24,5,0.2
Miami_Grand_Prix,25,5,0.4
Miami_Grand_Prix,26,5,0.4
Miami_Grand_Prix,27,5,0.4
Miami_Grand_Prix,28,5,0.4
Miami_Grand_Prix,29,5,0.2
Miami_Grand_Prix,30,5,0.2
Miami_Grand_Prix,31,5,0.2
Miami_Grand_Prix,32,5,0.2
Miami_Grand_Prix,33,5,0.2
Miami_Grand_Prix,34,5,0.0
Miami_Grand_Prix,35,5,0.0
Miami_Grand_Prix,36,5,0.0
Miami_Grand_Prix,37,5,0.2
Miami_Grand_Prix,38,5,0.2
Miami_Grand_Prix,39,5,0.2
Miami_Grand_Prix,40,5,0.2
Miami_Grand_Prix,41,5,0.2
Miami_Grand_Prix,42,5,0.0
Miami_Grand_Prix,43,5,0.0
Miami_Grand_Prix,44,5,0.0
Miami_Grand_Prix,45,5,0.0
Miami_Grand_Prix,46,5,0.0
Miami_Grand_Prix,47,5,0.0
Miami_Grand_Prix,48,5,0.0
Miami_Grand_Prix,49,5,0.0
Miami_Grand_Prix,50,5,0.0
Miami_Grand_Prix,51,5,0.0
Miami_Grand_Prix,52,5,0.0
Miami_Grand_Prix,53,5,0.0
Miami_Grand_Prix,54,5,0.0
Miami_Grand_Prix,55,5,0.0
Miami_Grand_Prix,56,5,0.0
Miami_Grand_Prix,57,5,0.0
Monaco_Grand_Prix,1,8,0.125
Monaco_Grand_Prix,2,8,0.125
Monaco_Grand_Prix,3,8,0.0
Monaco_Grand_Prix,4,8,0.0
Monaco_Grand_Prix,5,8,0.0
Monaco_Grand_Prix,6,8,0.0
Monaco_Grand_Prix,7,8,0.125
Monaco_Grand_Prix,8,8,0.125
Monaco_Grand_Prix,9,8,0.125
Monaco_Grand_Prix,10,8,0.125
Monaco_Grand_Prix,11,8,0.125
Monaco_Grand_Prix,12,8,0.0
Monaco_Grand_Prix,13,8,0.0
Monaco_Grand_Prix,14,8,0.0
Monaco_Grand_Prix,15,8,0.0
Monaco_Grand_Prix,16,8,0.0
Monaco_Grand_Prix,17,8,0.0
Monaco_Grand_Prix,18,8,0.0
Monaco_Grand_Prix,19,8,0.0
Monaco_Grand_Prix,20,8,0.0
Monaco_Grand_Prix,21,8,0.0
Monaco_Grand_Prix,22,8,0.0
Monaco_Grand_Prix,23,8,0.125
Monaco_Grand_Prix,24,8,0.125
Monaco_Grand_Prix,25,8,0.125
Monaco_Grand_Prix,26,8,0.125
Monaco_Grand_Prix,27,8,0.125
Monaco_Grand_Prix,28,8,0.0
Monaco_Grand_Prix,29,8,0.0
Monaco_Grand_Prix,30,8,0.0
Monaco_Grand_Prix,31,8,0.0
Monaco_Grand_Prix,32,8,0.0
Monaco_Grand_Prix,33,8,0.0
Monaco_Grand_Prix,34,8,0.0
Monaco_Grand_Prix,35,8,0.0
Monaco_Grand_Prix,36,8,0.0
Monaco_Grand_Prix,37,8,0.0
Monaco_Grand_Prix,38,8,0.0
Monaco_Grand_Prix,39,8,0.0
Monaco_Grand_Prix,40,8,0.0
Monaco_Grand_Prix,41,8,0.0
Monaco_Grand_Prix,42,8,0.0
Monaco_Grand_Prix,43,8,0.0
Monaco_Grand_Prix,44,8,0.0
Monaco_Grand_Prix,45,8,0.0
Monaco_Grand_Prix,46,8,0.0
Monaco_Grand_Prix,47,8,0.0
Monaco_Grand_Prix,48,8,0.0
Monaco_Grand_Prix,49,8,0.0
Monaco_Grand_Prix,50,8,0.0
Monaco_Grand_Prix,51,8,0.0
Monaco_Grand_Prix,52,8,0.0
Monaco_Grand_Prix,53,8,0.0
Monaco_Grand_Prix,54,8,0.0
Monaco_Grand_Prix,55,8,0.0
Monaco_Grand_Prix,56,8,0.125
Monaco_Grand_Prix,57,8,0.125
Monaco_Grand_Prix,58,8,0.125
Monaco_Grand_Prix,59,8,0.125
Monaco_Grand_Prix,60,8,0.125
Monaco_Grand_Prix,61,8,0.0
Monaco_Grand_Prix,62,8,0.125
Monaco_Grand_Prix,63,8,0.125
Monaco_Grand_Prix,64,8,0.125
Monaco_Grand_Prix,65,7,0.14285714285714285
Monaco_Grand_Prix,66,7,0.14285714285714285
Monaco_Grand_Prix,67,7,0.0
Monaco_Grand_Prix,68,7,0.14285714285714285
Monaco_Grand_Prix,69,7,0.14285714285714285
Monaco_Grand_Prix,70,7,0.14285714285714285
Monaco_Grand_Prix,71,7,0.14285714285714285
Monaco_Grand_Prix,72,7,0.14285714285714285
Monaco_Grand_Prix,73,7,0.0
Monaco_Grand_Prix,74,7,0.0
Monaco_Grand_Prix,75,7,0.0
Monaco_Grand_Prix,76,7,0.0
Monaco_Grand_Prix,77,7,0.0
Monaco_Grand_Prix,78,7,0.0
Portuguese_Grand_Prix,1,2,0.5
Portuguese_Grand_Prix,2,2,0.5
Portuguese_Grand_Prix,3,2,0.0
Portuguese_Grand_Prix,4,2,0.0
Portuguese_Grand_Prix,5,2,0.0
Portuguese_Grand_Prix,6,2,0.0
Portuguese_Grand_Prix,7,2,0.0
Portuguese_Grand_Prix,8,2,0.0
Portuguese_Grand_Prix,9,2,0.0
Portuguese_Grand_Prix,10,2,0.0
Portuguese_Grand_Prix,11,2,0.0
Portuguese_Grand_Prix,12,2,0.0
Portuguese_Grand_Prix,13,2,0.0
Portuguese_Grand_Prix,14,2,0.0
Portuguese_Grand_Prix,15,2,0.0
Portuguese_Grand_Prix,16,2,0.0
Portuguese_Grand_Prix,17,2,0.0
Portuguese_Grand_Prix,18,2,0.0
Portuguese_Grand_Prix,19,2,0.0
Portuguese_Grand_Prix,20,2,0.0
Portuguese_Grand_Prix,21,2,0.0
Portuguese_Grand_Prix,22,2,0.0
Portuguese_Grand_Prix,23,2,0.0
Portuguese_Grand_Prix,24,2,0.0
Portuguese_Grand_Prix,25,2,0.0
Portuguese_Grand_Prix,26,2,0.0
Portuguese_Grand_Prix,27,2,0.0
Portuguese_Grand_Prix,28,2,0.0
Portuguese_Grand_Prix,29,2,0.0
Portuguese_Grand_Prix,30,2,0.0
Portuguese_Grand_Prix,31,2,0.0
Portuguese_Grand_Prix,32,2,0.0
Portuguese_Grand_Prix,33,2,0.0
Portuguese_Grand_Prix,34,2,0.0
Portuguese_Grand_Prix,35,2,0.0
Portuguese_Grand_Prix,36,2,0.0
Portuguese_Grand_Prix,37,2,0.0
Portuguese_Grand_Prix,38,2,0.0
Portuguese_Grand_Prix,39,2,0.0
Portuguese_Grand_Prix,40,2,0.0
Portuguese_Grand_Prix,41,2,0.0
Portuguese_Grand_Prix,42,2,0.0
Portuguese_Grand_Prix,43,2,0.0
Portuguese_Grand_Prix,44,2,0.0
Portuguese_Grand_Prix,45,2,0.0
Portuguese_Grand_Prix,46,2,0.0
Portuguese_Grand_Prix,47,2,0.0
Portuguese_Grand_Prix,48,2,0.0
Portuguese_Grand_Prix,49,2,0.0
Portuguese_Grand_Prix,50,2,0.0
Portuguese_Grand_Prix,51,2,0.0
Portuguese_Grand_Prix,52,2,0.0
Portuguese_Grand_Prix,53,2,0.0
Portuguese_Grand_Prix,54,2,0.0
Portuguese_Grand_Prix,55,2,0.0
Portuguese_Grand_Prix,56,2,0.0
Portuguese_Grand_Prix,57,2,0.0
Portuguese_Grand_Prix,58,2,0.0
Portuguese_Grand_Prix,59,2,0.0
Portuguese_Grand_Prix,60,2,0.0
Portuguese_Grand_Prix,61,2,0.0
Portuguese_Grand_Prix,62,2,0.0
Portuguese_Grand_Prix,63,2,0.0
Portuguese_Grand_Prix,64,2,0.0
Portuguese_Grand_Prix,65,2,0.0
Portuguese_Grand_Prix,66,2,0.0
Qatar_Grand_Prix,1,4,0.5
Qatar_Grand_Prix,2,4,0.0
Qatar_Grand_Prix,3,4,0.25
Qatar_Grand_Prix,4,4,0.25
Qatar_Grand_Prix,5,4,0.25
Qatar_Grand_Prix,6,4,0.25
Qatar_Grand_Prix,7,4,0.25
Qatar_Grand_Prix,8,4,0.0
Qatar_Grand_Prix,9,4,0.0
Qatar_Grand_Prix,10,4,0.0
Qatar_Grand_Prix,11,4,0.0
Qatar_Grand_Prix,12,4,0.0
Qatar_Grand_Prix,13,4,0.0
Qatar_Grand_Prix,14,4,0.0
Qatar_Grand_Prix,15,4,0.0
Qatar_Grand_Prix,16,4,0.0
Qatar_Grand_Prix,17,4,0.0
Qatar_Grand_Prix,18,4,0.0
Qatar_Grand_Prix,19,4,0.0
Qatar_Grand_Prix,20,4,0.0
Qatar_Grand_Prix,21,4,0.0
Qatar_Grand_Prix,22,4,0.0
Qatar_Grand_Prix,23,4,0.0
Qatar_Grand_Prix,24,4,0.0
Qatar_Grand_Prix,25,4,0.0
Qatar_Grand_Prix,26,4,0.0
Qatar_Grand_Prix,27,4,0.0
Qatar_Grand_Prix,28,4,0.0
Qatar_Grand_Prix,29,4,0.0
Qatar_Grand_Prix,30,4,0.0
Qatar_Grand_Prix,31,4,0.25
Qatar_Grand_Prix,32,4,0.25
Qatar_Grand_Prix,33,4,0.25
Qatar_Grand_Prix,34,4,0.25
Qatar_Grand_Prix,35,4,0.25
Qatar_Grand_Prix,36,4,0.25
Qatar_Grand_Prix,37,4,0.25
Qatar_Grand_Prix,38,4,0.25
Qatar_Grand_Prix,39,4,0.25
Qatar_Grand_Prix,40,4,0.25
Qatar_Grand_Prix,41,4,0.0
Qatar_Grand_Prix,42,4,0.0
Qatar_Grand_Prix,43,4,0.0
Qatar_Grand_Prix,44,4,0.0
Qatar_Grand_Prix,45,4,0.0
Qatar_Grand_Prix,46,4,0.0
Qatar_Grand_Prix,47,4,0.0
Qatar_Grand_Prix,48,4,0.0
Qatar_Grand_Prix,49,4,0.0
Qatar_Grand_Prix,50,4,0.0
Qatar_Grand_Prix,51,4,0.25
Qatar_Grand_Prix,52,4,0.25
Qatar_Grand_Prix,53,4,0.25
Qatar_Grand_Prix,54,4,0.25
Qatar_Grand_Prix,55,4,0.25
Qatar_Grand_Prix,56,4,0.0
Qatar_Grand_Prix,57,4,0.0
Russian_Grand_Prix,1,4,0.5
Russian_Grand_Prix,2,4,0.0
Russian_Grand_Prix,3,4,0.0
Russian_Grand_Prix,4,4,0.0
Russian_Grand_Prix,5,4,0.0
Russian_Grand_Prix,6,4,0.0
Russian_Grand_Prix,7,4,0.0
Russian_Grand_Prix,8,4,0.0
Russian_Grand_Prix,9,4,0.0
Russian_Grand_Prix,10,4,0.0
Russian_Grand_Prix,11,4,0.0
Russian_Grand_Prix,12,4,0.0
Russian_Grand_Prix,13,4,0.0
Russian_Grand_Prix,14,4,0.0
Russian_Grand_Prix,15,4,0.0
Russian_Grand_Prix,16,4,0.0
Russian_Grand_Prix,17,4,0.0
Russian_Grand_Prix,18,4,0.0
Russian_Grand_Prix,19,4,0.0
Russian_Grand_Prix,20,4,0.0
Russian_Grand_Prix,21,4,0.0
Russian_Grand_Prix,22,4,0.0
Russian_Grand_Prix,23,4,0.0
Russian_Grand_Prix,24,4,0.25
Russian_Grand_Prix,25,4,0.25
Russian_Grand_Prix,26,4,0.25
Russian_Grand_Prix,27,4,0.25
Russian_Grand_Prix,28,4,0.25
Russian_Grand_Prix,29,4,0.25
Russian_Grand_Prix,30,4,0.0
Russian_Grand_Prix,31,4,0.0
Russian_Grand_Prix,32,4,0.0
Russian_Grand_Prix,33,4,0.0
Russian_Grand_Prix,34,4,0.0
Russian_Grand_Prix,35,4,0.0
Russian_Grand_Prix,36,4,0.0
Russian_Grand_Prix,37,4,0.0
Russian_Grand_Prix,38,4,0.0
Russian_Grand_Prix,39,4,0.25
Russian_Grand_Prix,40,4,0.25
Russian_Grand_Prix,41,4,0.25
Russian_Grand_Prix,42,4,0.25
Russian_Grand_Prix,43,4,0.25
Russian_Grand_Prix,44,4,0.0
Russian_Grand_Prix,45,4,0.0
Russian_Grand_Prix,46,4,0.0
Russian_Grand_Prix,47,4,0.0
Russian_Grand_Prix,48,4,0.0
Russian_Grand_Prix,49,4,0.0
Russian_Grand_Prix,50,4,0.0
Russian_Grand_Prix,51,4,0.0
Russian_Grand_Prix,52,4,0.0
Russian_Grand_Prix,53,4,0.0
Sakhir_Grand_Prix,1,1,1.0
Sakhir_Grand_Prix,2,1,0.0
Sakhir_Grand_Prix,3,1,0.0
Sakhir_Grand_Prix,4,1,0.0
Sakhir_Grand_Prix,5,1,0.0
Sakhir_Grand_Prix,6,1,0.0
Sakhir_Grand_Prix,7,1,0.0
Sakhir_Grand_Prix,8,1,0.0
Sakhir_Grand_Prix,9,1,0.0
Sakhir_Grand_Prix,10,1,0.0
Sakhir_Grand_Prix,11,1,0.0
Sakhir_Grand_Prix,12,1,0.0
Sakhir_Grand_Prix,13,1,0.0
Sakhir_Grand_Prix,14,1,0.0
Sakhir_Grand_Prix,15,1,0.0
Sakhir_Grand_Prix,16,1,0.0
Sakhir_Grand_Prix,17,1,0.0
Sakhir_Grand_Prix,18,1,0.0
Sakhir_Grand_Prix,19,1,0.0
Sakhir_Grand_Prix,20,1,0.0
Sakhir_Grand_Prix,21,1,0.0
Sakhir_Grand_Prix,22,1,0.0
Sakhir_Grand_Prix,23,1,0.0
Sakhir_Grand_Prix,24,1,0.0
Sakhir_Grand_Prix,25,1,0.0
Sakhir_Grand_Prix,26,1,0.0
Sakhir_Grand_Prix,27,1,0.0
Sakhir_Grand_Prix,28,1,0.0
Sakhir_Grand_Prix,29,1,0.0
Sakhir_Grand_Prix,30,1,0.0
Sakhir_Grand_Prix,31,1,0.0
Sakhir_Grand_Prix,32,1,0.0
Sakhir_Grand_Prix,33,1,0.0
Sakhir_Grand_Prix,34,1,0.0
Sakhir_Grand_Prix,35,1,0.0
Sakhir_Grand_Prix,36,1,0.0
Sakhir_Grand_Prix,37,1,0.0
Sakhir_Grand_Prix,38,1,0.0
Sakhir_Grand_Prix,39,1,0.0
Sakhir_Grand_Prix,40,1,0.0
Sakhir_Grand_Prix,41,1,0.0
Sakhir_Grand_Prix,42,1,0.0
Sakhir_Grand_Prix,43,1,0.0
Sakhir_Grand_Prix,44,1,0.0
Sakhir_Grand_Prix,45,1,0.0
Sakhir_Grand_Prix,46,1,0.0
Sakhir_Grand_Prix,47,1,0.0
Sakhir_Grand_Prix,48,1,0.0
Sakhir_Grand_Prix,49,1,0.0
Sakhir_Grand_Prix,50,1,0.0
Sakhir_Grand_Prix,51,1,1.0
Sakhir_Grand_Prix,52,1,1.0
Sakhir_Grand_Prix,53,1,1.0
Sakhir_Grand_Prix,54,1,1.0
Sakhir_Grand_Prix,55,1,1.0
Sakhir_Grand_Prix,56,1,0.0
Sakhir_Grand_Prix,57,1,0.0
Sakhir_Grand_Prix,58,1,1.0
Sakhir_Grand_Prix,59,1,1.0
Sakhir_Grand_Prix,60,1,1.0
Sakhir_Grand_Prix,61,1,1.0
Sakhir_Grand_Prix,62,1,1.0
Sakhir_Grand_Prix,63,1,0.0
Sakhir_Grand_Prix,64,1,0.0
Sakhir_Grand_Prix,65,1,0.0
Sakhir_Grand_Prix,66,1,0.0
Sakhir_Grand_Prix,67,1,0.0
Sakhir_Grand_Prix,68,1,0.0
Sakhir_Grand_Prix,69,1,0.0
Sakhir_Grand_Prix,70,1,0.0
Sakhir_Grand_Prix,71,1,0.0
Sakhir_Grand_Prix,72,1,0.0
Sakhir_Grand_Prix,73,1,0.0
Sakhir_Grand_Prix,74,1,0.0
Sakhir_Grand_Prix,75,1,0.0
Sakhir_Grand_Prix,76,1,0.0
Sakhir_Grand_Prix,77,1,0.0
Sakhir_Grand_Prix,78,1,0.0
Sakhir_Grand_Prix,79,1,0.0
Sakhir_Grand_Prix,80,1,0.0
Sakhir_Grand_Prix,81,1,0.0
Sakhir_Grand_Prix,82,1,0.0
Sakhir_Grand_Prix,83,1,0.0
Sakhir_Grand_Prix,84,1,0.0
Sakhir_Grand_Prix,85,1,0.0
Sakhir_Grand_Prix,86,1,0.0
Sakhir_Grand_Prix,87,1,0.0
Saudi_Arabian_Grand_Prix,1,5,0.2
Saudi_Arabian_Grand_Prix,2,5,0.0
Saudi_Arabian_Grand_Prix,3,5,0.2
Saudi_Arabian_Grand_Prix,4,5,0.2
Saudi_Arabian_Grand_Prix,5,5,0.2
Saudi_Arabian_Grand_Prix,6,5,0.4
Saudi_Arabian_Grand_Prix,7,5,0.4
Saudi_Arabian_Grand_Prix,8,5,0.2
Saudi_Arabian_Grand_Prix,9,5,0.2
Saudi_Arabian_Grand_Prix,10,5,0.2
Saudi_Arabian_Grand_Prix,11,5,0.0
Saudi_Arabian_Grand_Prix,12,5,0.2
Saudi_Arabian_Grand_Prix,13,5,0.2
Saudi_Arabian_Grand_Prix,14,5,0.4
Saudi_Arabian_Grand_Prix,15,5,0.4
Saudi_Arabian_Grand_Prix,16,5,0.4
Saudi_Arabian_Grand_Prix,17,5,0.2
Saudi_Arabian_Grand_Prix,18,5,0.2
Saudi_Arabian_Grand_Prix,19,5,0.2
Saudi_Arabian_Grand_Prix,20,5,0.2
Saudi_Arabian_Grand_Prix,21,5,0.2
Saudi_Arabian_Grand_Prix,22,5,0.2
Saudi_Arabian_Grand_Prix,23,5,0.2
Saudi_Arabian_Grand_Prix,24,5,0.2
Saudi_Arabian_Grand_Prix,25,5,0.2
Saudi_Arabian_Grand_Prix,26,5,0.2
Saudi_Arabian_Grand_Prix,27,5,0.2
Saudi_Arabian_Grand_Prix,28,5,0.2
Saudi_Arabian_Grand_Prix,29,5,0.2
Saudi_Arabian_Grand_Prix,30,5,0.0
Saudi_Arabian_Grand_Prix,31,5,0.0
Saudi_Arabian_Grand_Prix,32,5,0.2
Saudi_Arabian_Grand_Prix,33,5,0.2
Saudi_Arabian_Grand_Prix,34,5,0.4
Saudi_Arabian_Grand_Prix,35,5,0.4
Saudi_Arabian_Grand_Prix,36,5,0.4
Saudi_Arabian_Grand_Prix,37,5,0.2
Saudi_Arabian_Grand_Prix,38,5,0.2
Saudi_Arabian_Grand_Prix,39,5,0.0
Saudi_Arabian_Grand_Prix,40,5,0.0
Saudi_Arabian_Grand_Prix,41,5,0.0
Saudi_Arabian_Grand_Prix,42,5,0.0
Saudi_Arabian_Grand_Prix,43,5,0.0
Saudi_Arabian_Grand_Prix,44,5,0.0
Saudi_Arabian_Grand_Prix,45,5,0.0
Saudi_Arabian_Grand_Prix,46,5,0.0
Saudi_Arabian_Grand_Prix,47,5,0.0
Saudi_Arabian_Grand_Prix,48,5,0.0
Saudi_Arabian_Grand_Prix,49,5,0.0
Saudi_Arabian_Grand_Prix,50,5,0.0
Singapore_Grand_Prix,1,6,0.16666666666666666
Singapore_Grand_Prix,2,6,0.0
Singapore_Grand_Prix,3,6,0.0
Singapore_Grand_Prix,4,6,0.16666666666666666
Singapore_Grand_Prix,5,6,0.16666666666666666
Singapore_Grand_Prix,6,6,0.16666666666666666
Singapore_Grand_Prix,7,6,0.16666666666666666
Singapore_Grand_Prix,8,6,0.16666666666666666
Singapore_Grand_Prix,9,6,0.0
Singapore_Grand_Prix,10,6,0.0
Singapore_Grand_Prix,11,6,0.0
Singapore_Grand_Prix,12,6,0.0
Singapore_Grand_Prix,13,6,0.0
Singapore_Grand_Prix,14,6,0.0
Singapore_Grand_Prix,15,6,0.0
Singapore_Grand_Prix,16,6,0.16666666666666666
Singapore_Grand_Prix,17,6,0.16666666666666666
Singapore_Grand_Prix,18,6,0.3333333333333333
Singapore_Grand_Prix,19,6,0.3333333333333333
Singapore_Grand_Prix,20,6,0.3333333333333333
Singapore_Grand_Prix,21,6,0.16666666666666666
Singapore_Grand_Prix,22,6,0.16666666666666666
Singapore_Grand_Prix,23,6,0.16666666666666666
Singapore_Grand_Prix,24,6,0.16666666666666666
Singapore_Grand_Prix,25,6,0.16666666666666666
Singapore_Grand_Prix,26,6,0.16666666666666666
Singapore_Grand_Prix,27,6,0.16666666666666666
Singapore_Grand_Prix,28,6,0.16666666666666666
Singapore_Grand_Prix,29,6,0.0
Singapore_Grand_Prix,30,6,0.0
Singapore_Grand_Prix,31,6,0.0
Singapore_Grand_Prix,32,6,0.3333333333333333
Singapore_Grand_Prix,33,6,0.3333333333333333
Singapore_Grand_Prix,34,6,0.3333333333333333
Singapore_Grand_Prix,35,6,0.3333333333333333
Singapore_Grand_Prix,36,6,0.3333333333333333
Singapore_Grand_Prix,37,6,0.0
Singapore_Grand_Prix,38,6,0.0
Singapore_Grand_Prix,39,6,0.0
Singapore_Grand_Prix,40,6,0.3333333333333333
Singapore_Grand_Prix,41,6,0.3333333333333333
Singapore_Grand_Prix,42,6,0.3333333333333333
Singapore_Grand_Prix,43,6,0.3333333333333333
Singapore_Grand_Prix,44,6,0.3333333333333333
Singapore_Grand_Prix,45,6,0.0
Singapore_Grand_Prix,46,6,0.16666666666666666
Singapore_Grand_Prix,47,6,0.16666666666666666
Singapore_Grand_Prix,48,6,0.16666666666666666
Singapore_Grand_Prix,49,6,0.16666666666666666
Singapore_Grand_Prix,50,6,0.16666666666666666
Singapore_Grand_Prix,51,6,0.0
Singapore_Grand_Prix,52,6,0.0
Singapore_Grand_Prix,53,6,0.0
Singapore_Grand_Prix,54,6,0.0
Singapore_Grand_Prix,55,6,0.0
Singapore_Grand_Prix,56,6,0.0
Singapore_Grand_Prix,57,6,0.0
Singapore_Grand_Prix,58,6,0.0
Singapore_Grand_Prix,59,6,0.0
Singapore_Grand_Prix,60,5,0.0
Singapore_Grand_Prix,61,5,0.0
Singapore_Grand_Prix,62,3,0.0
Spanish_Grand_Prix,1,8,0.125
Spanish_Grand_Prix,2,8,0.0
Spanish_Grand_Prix,3,8,0.0
Spanish_Grand_Prix,4,8,0.125
Spanish_Grand_Prix,5,8,0.125
Spanish_Grand_Prix,6,8,0.125
Spanish_Grand_Prix,7,8,0.125
Spanish_Grand_Prix,8,8,0.125
Spanish_Grand_Prix,9,8,0.0
Spanish_Grand_Prix,10,8,0.0
Spanish_Grand_Prix,11,8,0.0
Spanish_Grand_Prix,12,8,0.0
Spanish_Grand_Prix,13,8,0.0
Spanish_Grand_Prix,14,8,0.0
Spanish_Grand_Prix,15,8,0.0
Spanish_Grand_Prix,16,8,0.0
Spanish_Grand_Prix,17,8,0.0
Spanish_Grand_Prix,18,8,0.0
Spanish_Grand_Prix,19,8,0.0
Spanish_Grand_Prix,20,8,0.0
Spanish_Grand_Prix,21,8,0.0
Spanish_Grand_Prix,22,8,0.0
Spanish_Grand_Prix,23,8,0.0
Spanish_Grand_Prix,24,8,0.0
Spanish_Grand_Prix,25,8,0.0
Spanish_Grand_Prix,26,8,0.0
Spanish_Grand_Prix,27,8,0.0
Spanish_Grand_Prix,28,8,0.0
Spanish_Grand_Prix,29,8,0.0
Spanish_Grand_Prix,30,8,0.0
Spanish_Grand_Prix,31,8,0.0
Spanish_Grand_Prix,32,8,0.0
Spanish_Grand_Prix,33,8,0.0
Spanish_Grand_Prix,34,8,0.0
Spanish_Grand_Prix,35,8,0.0
Spanish_Grand_Prix,36,8,0.0
Spanish_Grand_Prix,37,8,0.125
Spanish_Grand_Prix,38,8,0.125
Spanish_Grand_Prix,39,8,0.125
Spanish_Grand_Prix,40,8,0.125
Spanish_Grand_Prix,41,8,0.125
Spanish_Grand_Prix,42,8,0.125
Spanish_Grand_Prix,43,8,0.125
Spanish_Grand_Prix,44,8,0.125
Spanish_Grand_Prix,45,8,0.125
Spanish_Grand_Prix,46,8,0.125
Spanish_Grand_Prix,47,8,0.0
Spanish_Grand_Prix,48,8,0.0
Spanish_Grand_Prix,49,8,0.0
Spanish_Grand_Prix,50,8,0.0
Spanish_Grand_Prix,51,8,0.125
Spanish_Grand_Prix,52,8,0.125
Spanish_Grand_Prix,53,8,0.125
Spanish_Grand_Prix,54,8,0.125
Spanish_Grand_Prix,55,8,0.125
Spanish_Grand_Prix,56,8,0.0
Spanish_Grand_Prix,57,8,0.0
Spanish_Grand_Prix,58,8,0.0
Spanish_Grand_Prix,59,8,0.0
Spanish_Grand_Prix,60,8,0.0
Spanish_Grand_Prix,61,8,0.0
Spanish_Grand_Prix,62,8,0.0
Spanish_Grand_Prix,63,8,0.0
Spanish_Grand_Prix,64,8,0.0
Spanish_Grand_Prix,65,8,0.0
Spanish_Grand_Prix,66,8,0.0
Styrian_Grand_Prix,1,2,0.5
Styrian_Grand_Prix,2,2,0.0
Styrian_Grand_Prix,3,2,0.0
Styrian_Grand_Prix,4,2,0.0
Styrian_Grand_Prix,5,2,0.0
Styrian_Grand_Prix,6,2,0.0
Styrian_Grand_Prix,7,2,0.0
Styrian_Grand_Prix,8,2,0.0
Styrian_Grand_Prix,9,2,0.0
Styrian_Grand_Prix,10,2,0.0
Styrian_Grand_Prix,11,2,0.0
Styrian_Grand_Prix,12,2,0.0
Styrian_Grand_Prix,13,2,0.0
Styrian_Grand_Prix,14,2,0.0
Styrian_Grand_Prix,15,2,0.0
Styrian_Grand_Prix,16,2,0.0
Styrian_Grand_Prix,17,2,0.0
Styrian_Grand_Prix,18,2,0.0
Styrian_Grand_Prix,19,2,0.0
Styrian_Grand_Prix,20,2,0.0
Styrian_Grand_Prix,21,2,0.0
Styrian_Grand_Prix,22,2,0.0
Styrian_Grand_Prix,23,2,0.0
Styrian_Grand_Prix,24,2,0.0
Styrian_Grand_Prix,25,2,0.0
Styrian_Grand_Prix,26,2,0.0
Styrian_Grand_Prix,27,2,0.0
Styrian_Grand_Prix,28,2,0.0
Styrian_Grand_Prix,29,2,0.0
Styrian_Grand_Prix,30,2,0.0
Styrian_Grand_Prix,31,2,0.0
Styrian_Grand_Prix,32,2,0.0
Styrian_Grand_Prix,33,2,0.0
Styrian_Grand_Prix,34,2,0.0
Styrian_Grand_Prix,35,2,0.0
Styrian_Grand_Prix,36,2,0.0
Styrian_Grand_Prix,37,2,0.0
Styrian_Grand_Prix,38,2,0.0
Styrian_Grand_Prix,39,2,0.0
Styrian_Grand_Prix,40,2,0.0
Styrian_Grand_Prix,41,2,0.0
Styrian_Grand_Prix,42,2,0.0
Styrian_Grand_Prix,43,2,0.0
Styrian_Grand_Prix,44,2,0.0
Styrian_Grand_Prix,45,2,0.0
Styrian_Grand_Prix,46,2,0.0
Styrian_Grand_Prix,47,2,0.0
Styrian_Grand_Prix,48,2,0.0
Styrian_Grand_Prix,49,2,0.0
Styrian_Grand_Prix,50,2,0.0
Styrian_Grand_Prix,51,2,0.0
Styrian_Grand_Prix,52,2,0.0
Styrian_Grand_Prix,53,2,0.0
Styrian_Grand_Prix,54,2,0.0
Styrian_Grand_Prix,55,2,0.0
Styrian_Grand_Prix,56,2,0.0
Styrian_Grand_Prix,57,2,0.0
Styrian_Grand_Prix,58,2,0.0
Styrian_Grand_Prix,59,2,0.0
Styrian_Grand_Prix,60,2,0.0
Styrian_Grand_Prix,61,2,0.0
Styrian_Grand_Prix,62,2,0.0
Styrian_Grand_Prix,63,2,0.0
Styrian_Grand_Prix,64,2,0.0
Styrian_Grand_Prix,65,2,0.0
Styrian_Grand_Prix,66,2,0.0
Styrian_Grand_Prix,67,2,0.0
Styrian_Grand_Prix,68,2,0.0
Styrian_Grand_Prix,69,2,0.0
Styrian_Grand_Prix,70,2,0.0
Styrian_Grand_Prix,71,2,0.0
São_Paulo_Grand_Prix,1,5,0.6
São_Paulo_Grand_Prix,2,5,0.4
São_Paulo_Grand_Prix,3,5,0.4
São_Paulo_Grand_Prix,4,5,0.4
São_Paulo_Grand_Prix,5,5,0.4
São_Paulo_Grand_Prix,6,5,0.4
São_Paulo_Grand_Prix,7,5,0.2
São_Paulo_Grand_Prix,8,5,0.2
São_Paulo_Grand_Prix,9,5,0.2
São_Paulo_Grand_Prix,10,5,0.2
São_Paulo_Grand_Prix,11,5,0.2
São_Paulo_Grand_Prix,12,5,0.2
São_Paulo_Grand_Prix,13,5,0.0
São_Paulo_Grand_Prix,14,5,0.0
São_Paulo_Grand_Prix,15,5,0.0
São_Paulo_Grand_Prix,16,5,0.0
São_Paulo_Grand_Prix,17,5,0.0
São_Paulo_Grand_Prix,18,5,0.0
São_Paulo_Grand_Prix,19,5,0.0
São_Paulo_Grand_Prix,20,5,0.0
São_Paulo_Grand_Prix,21,5,0.0
São_Paulo_Grand_Prix,22,5,0.0
São_Paulo_Grand_Prix,23,5,0.0
São_Paulo_Grand_Prix,24,5,0.2
São_Paulo_Grand_Prix,25,5,0.2
São_Paulo_Grand_Prix,26,5,0.4
São_Paulo_Grand_Prix,27,5,0.4
São_Paulo_Grand_Prix,28,5,0.4
São_Paulo_Grand_Prix,29,5,0.4
São_Paulo_Grand_Prix,30,5,0.4
São_Paulo_Grand_Prix,31,5,0.0
São_Paulo_Grand_Prix,32,5,0.0
São_Paulo_Grand_Prix,33,5,0.0
São_Paulo_Grand_Prix,34,5,0.0
São_Paulo_Grand_Prix,35,5,0.2
São_Paulo_Grand_Prix,36,5,0.2
São_Paulo_Grand_Prix,37,5,0.2
São_Paulo_Grand_Prix,38,5,0.2
São_Paulo_Grand_Prix,39,5,0.2
São_Paulo_Grand_Prix,40,5,0.0
São_Paulo_Grand_Prix,41,5,0.0
São_Paulo_Grand_Prix,42,5,0.0
São_Paulo_Grand_Prix,43,5,0.0
São_Paulo_Grand_Prix,44,5,0.0
São_Paulo_Grand_Prix,45,5,0.0
São_Paulo_Grand_Prix,46,5,0.0
São_Paulo_Grand_Prix,47,5,0.0
São_Paulo_Grand_Prix,48,5,0.0
São_Paulo_Grand_Prix,49,5,0.2
São_Paulo_Grand_Prix,50,5,0.2
São_Paulo_Grand_Prix,51,5,0.2
São_Paulo_Grand_Prix,52,5,0.2
São_Paulo_Grand_Prix,53,5,0.2
São_Paulo_Grand_Prix,54,5,0.2
São_Paulo_Grand_Prix,55,5,0.0
São_Paulo_Grand_Prix,56,5,0.0
São_Paulo_Grand_Prix,57,5,0.0
São_Paulo_Grand_Prix,58,5,0.0
São_Paulo_Grand_Prix,59,5,0.0
São_Paulo_Grand_Prix,60,5,0.0
São_Paulo_Grand_Prix,61,5,0.0
São_Paulo_Grand_Prix,62,5,0.0
São_Paulo_Grand_Prix,63,5,0.0
São_Paulo_Grand_Prix,64,5,0.0
São_Paulo_Grand_Prix,65,5,0.0
São_Paulo_Grand_Prix,66,5,0.0
São_Paulo_Grand_Prix,67,5,0.0
São_Paulo_Grand_Prix,68,5,0.0
São_Paulo_Grand_Prix,69,5,0.0
São_Paulo_Grand_Prix,70,4,0.0
São_Paulo_Grand_Prix,71,4,0.0
Turkish_Grand_Prix,1,2,0.0
Turkish_Grand_Prix,2,2,0.0
Turkish_Grand_Prix,3,2,0.0
Turkish_Grand_Prix,4,2,0.0
Turkish_Grand_Prix,5,2,0.0
Turkish_Grand_Prix,6,2,0.0
Turkish_Grand_Prix,7,2,0.0
Turkish_Grand_Prix,8,2,0.0
Turkish_Grand_Prix,9,2,0.5
Turkish_Grand_Prix,10,2,0.5
Turkish_Grand_Prix,11,2,0.5
Turkish_Grand_Prix,12,2,0.5
Turkish_Grand_Prix,13,2,0.5
Turkish_Grand_Prix,14,2,0.0
Turkish_Grand_Prix,15,2,0.0
Turkish_Grand_Prix,16,2,0.0
Turkish_Grand_Prix,17,2,0.0
Turkish_Grand_Prix,18,2,0.0
Turkish_Grand_Prix,19,2,0.0
Turkish_Grand_Prix,20,2,0.0
Turkish_Grand_Prix,21,2,0.0
Turkish_Grand_Prix,22,2,0.0
Turkish_Grand_Prix,23,2,0.0
Turkish_Grand_Prix,24,2,0.0
Turkish_Grand_Prix,25,2,0.0
Turkish_Grand_Prix,26,2,0.0
Turkish_Grand_Prix,27,2,0.0
Turkish_Grand_Prix,28,2,0.0
Turkish_Grand_Prix,29,2,0.0
Turkish_Grand_Prix,30,2,0.0
Turkish_Grand_Prix,31,2,0.0
Turkish_Grand_Prix,32,2,0.0
Turkish_Grand_Prix,33,2,0.0
Turkish_Grand_Prix,34,2,0.0
Turkish_Grand_Prix,35,2,0.0
Turkish_Grand_Prix,36,2,0.0
Turkish_Grand_Prix,37,2,0.0
Turkish_Grand_Prix,38,2,0.0
Turkish_Grand_Prix,39,2,0.0
Turkish_Grand_Prix,40,2,0.0
Turkish_Grand_Prix,41,2,0.0
Turkish_Grand_Prix,42,2,0.0
Turkish_Grand_Prix,43,2,0.0
Turkish_Grand_Prix,44,2,0.0
Turkish_Grand_Prix,45,2,0.0
Turkish_Grand_Prix,46,2,0.0
Turkish_Grand_Prix,47,2,0.0
Turkish_Grand_Prix,48,2,0.0
Turkish_Grand_Prix,49,2,0.0
Turkish_Grand_Prix,50,2,0.0
Turkish_Grand_Prix,51,2,0.0
Turkish_Grand_Prix,52,2,0.0
Turkish_Grand_Prix,53,2,0.0
Turkish_Grand_Prix,54,2,0.0
Turkish_Grand_Prix,55,2,0.0
Turkish_Grand_Prix,56,2,0.0
Turkish_Grand_Prix,57,2,0.0
Turkish_Grand_Prix,58,2,0.0
Tuscan_Grand_Prix,1,1,1.0
Tuscan_Grand_Prix,2,1,0.0
Tuscan_Grand_Prix,3,1,1.0
Tuscan_Grand_Prix,4,1,1.0
Tuscan_Grand_Prix,5,1,1.0
Tuscan_Grand_Prix,6,1,1.0
Tuscan_Grand_Prix,7,1,1.0
Tuscan_Grand_Prix,8,1,0.0
Tuscan_Grand_Prix,9,1,0.0
Tuscan_Grand_Prix,10,1,0.0
Tuscan_Grand_Prix,11,1,0.0
Tuscan_Grand_Prix,12,1,0.0
Tuscan_Grand_Prix,13,1,0.0
Tuscan_Grand_Prix,14,1,0.0
Tuscan_Grand_Prix,15,1,0.0
Tuscan_Grand_Prix,16,1,0.0
Tuscan_Grand_Prix,17,1,0.0
Tuscan_Grand_Prix,18,1,0.0
Tuscan_Grand_Prix,19,1,0.0
Tuscan_Grand_Prix,20,1,0.0
Tuscan_Grand_Prix,21,1,0.0
Tuscan_Grand_Prix,22,1,0.0
Tuscan_Grand_Prix,23,1,0.0
Tuscan_Grand_Prix,24,1,0.0
Tuscan_Grand_Prix,25,1,0.0
Tuscan_Grand_Prix,26,1,0.0
Tuscan_Grand_Prix,27,1,0.0
Tuscan_Grand_Prix,28,1,0.0
Tuscan_Grand_Prix,29,1,0.0
Tuscan_Grand_Prix,30,1,0.0
Tuscan_Grand_Prix,31,1,0.0
Tuscan_Grand_Prix,32,1,0.0
Tuscan_Grand_Prix,33,1,0.0
Tuscan_Grand_Prix,34,1,0.0
Tuscan_Grand_Prix,35,1,0.0
Tuscan_Grand_Prix,36,1,0.0
Tuscan_Grand_Prix,37,1,0.0
Tuscan_Grand_Prix,38,1,0.0
Tuscan_Grand_Prix,39,1,1.0
Tuscan_Grand_Prix,40,1,1.0
Tuscan_Grand_Prix,41,1,1.0
Tuscan_Grand_Prix,42,1,1.0
Tuscan_Grand_Prix,43,1,1.0
Tuscan_Grand_Prix,44,1,0.0
Tuscan_Grand_Prix,45,1,0.0
Tuscan_Grand_Prix,46,1,0.0
Tuscan_Grand_Prix,47,1,0.0
Tuscan_Grand_Prix,48,1,0.0
Tuscan_Grand_Prix,49,1,0.0
Tuscan_Grand_Prix,50,1,0.0
Tuscan_Grand_Prix,51,1,0.0
Tuscan_Grand_Prix,52,1,0.0
Tuscan_Grand_Prix,53,1,0.0
Tuscan_Grand_Prix,54,1,0.0
Tuscan_Grand_Prix,55,1,0.0
Tuscan_Grand_Prix,56,1,0.0
Tuscan_Grand_Prix,57,1,0.0
Tuscan_Grand_Prix,58,1,0.0
Tuscan_Grand_Prix,59,1,0.0
United_States_Grand_Prix,1,7,0.14285714285714285
United_States_Grand_Prix,2,7,0.14285714285714285
United_States_Grand_Prix,3,7,0.2857142857142857
United_States_Grand_Prix,4,7,0.14285714285714285
United_States_Grand_Prix,5,7,0.14285714285714285
United_States_Grand_Prix,6,7,0.14285714285714285
United_States_Grand_Prix,7,7,0.2857142857142857
United_States_Grand_Prix,8,7,0.14285714285714285
United_States_Grand_Prix,9,7,0.14285714285714285
United_States_Grand_Prix,10,7,0.14285714285714285
United_States_Grand_Prix,11,7,0.14285714285714285
United_States_Grand_Prix,12,7,0.0
United_States_Grand_Prix,13,7,0.0
United_States_Grand_Prix,14,7,0.14285714285714285
United_States_Grand_Prix,15,7,0.14285714285714285
United_States_Grand_Prix,16,7,0.14285714285714285
United_States_Grand_Prix,17,7,0.14285714285714285
United_States_Grand_Prix,18,7,0.14285714285714285
United_States_Grand_Prix,19,7,0.14285714285714285
United_States_Grand_Prix,20,7,0.14285714285714285
United_States_Grand_Prix,21,7,0.14285714285714285
United_States_Grand_Prix,22,7,0.14285714285714285
United_States_Grand_Prix,23,7,0.0
United_States_Grand_Prix,24,7,0.14285714285714285
United_States_Grand_Prix,25,7,0.14285714285714285
United_States_Grand_Prix,26,7,0.14285714285714285
United_States_Grand_Prix,27,7,0.14285714285714285
United_States_Grand_Prix,28,7,0.14285714285714285
United_States_Grand_Prix,29,7,0.0
United_States_Grand_Prix,30,7,0.0
United_States_Grand_Prix,31,7,0.0
United_States_Grand_Prix,32,7,0.0
United_States_Grand_Prix,33,7,0.0
United_States_Grand_Prix,34,7,0.0
United_States_Grand_Prix,35,7,0.0
United_States_Grand_Prix,36,7,0.0
United_States_Grand_Prix,37,7,0.0
United_States_Grand_Prix,38,7,0.0
United_States_Grand_Prix,39,7,0.0
United_States_Grand_Prix,40,7,0.0
United_States_Grand_Prix,41,7,0.0
United_States_Grand_Prix,42,7,0.0
United_States_Grand_Prix,43,7,0.0
United_States_Grand_Prix,44,7,0.0
United_States_Grand_Prix,45,7,0.0
United_States_Grand_Prix,46,7,0.0
United_States_Grand_Prix,47,7,0.0
United_States_Grand_Prix,48,7,0.0
United_States_Grand_Prix,49,7,0.0
United_States_Grand_Prix,50,7,0.0
United_States_Grand_Prix,51,7,0.0
United_States_Grand_Prix,52,7,0.0
United_States_Grand_Prix,53,7,0.0
United_States_Grand_Prix,54,7,0.0
United_States_Grand_Prix,55,7,0.0
United_States_Grand_Prix,56,7,0.0
