circuit,n_races,p_race_incidence,mean_total_laps,p_window_horizon
Abu_Dhabi_Grand_Prix,8,0.5,56.875,0.04395604395604396
Australian_Grand_Prix,7,0.7142857142857143,57.857142857142854,0.061728395061728406
Austrian_Grand_Prix,8,0.875,70.5,0.06205673758865249
Azerbaijan_Grand_Prix,7,1.0,51.0,0.09803921568627451
Bahrain_Grand_Prix,8,0.875,56.875,0.07692307692307693
Belgian_Grand_Prix,8,0.5,38.875,0.06430868167202572
British_Grand_Prix,8,0.875,52.0,0.08413461538461539
Canadian_Grand_Prix,7,0.7142857142857143,69.71428571428571,0.05122950819672132
Chinese_Grand_Prix,5,0.8,56.0,0.07142857142857144
Dutch_Grand_Prix,5,0.6,72.0,0.041666666666666664
Emilia_Romagna_Grand_Prix,5,0.8,63.0,0.06349206349206349
French_Grand_Prix,4,0.75,53.0,0.07075471698113209
Hungarian_Grand_Prix,8,0.375,70.0,0.026785714285714284
Italian_Grand_Prix,7,0.5714285714285714,52.714285714285715,0.05420054200542005
Japanese_Grand_Prix,7,0.5714285714285714,49.57142857142857,0.05763688760806916
Mexico_City_Grand_Prix,5,1.0,71.0,0.07042253521126761
Miami_Grand_Prix,5,0.8,57.0,0.07017543859649122
Monaco_Grand_Prix,8,0.625,76.25,0.04098360655737705
Qatar_Grand_Prix,4,1.0,57.0,0.08771929824561403
Russian_Grand_Prix,4,0.5,53.0,0.04716981132075472
Saudi_Arabian_Grand_Prix,5,1.0,50.0,0.1
Singapore_Grand_Prix,6,0.6666666666666666,61.166666666666664,0.05449591280653951
Spanish_Grand_Prix,8,0.5,66.0,0.03787878787878788
São_Paulo_Grand_Prix,5,1.0,70.6,0.0708215297450425
United_States_Grand_Prix,7,0.7142857142857143,56.0,0.06377551020408163
