driver,races_with_data,thin_sample,overtakes_per_race,defense_hold_rate,aggression_level,defensive_strength
ALO,38,False,7.657894736842105,0.6705069124423964,1.0191012488849243,1.0327488853186995
BOT,45,False,6.8,0.6917960088691796,0.9809322033898304,1.0855868262655763
ERI,5,True,10.2,0.7064220183486238,1.1322033898305084,1.1218874850474627
GAS,49,False,8.061224489795919,0.6931818181818182,1.0370460048426149,1.0890263010632344
GRO,15,False,10.6,0.596875,1.15,0.85
HAM,49,False,3.857142857142857,0.6955602536997886,0.85,1.0949293996694471
HAR,5,True,13.0,0.6695652173913044,1.15,1.0304116688158438
LEC,48,False,5.083333333333333,0.71751968503937,0.9045550847457626,1.1494310616041485
MAG,33,False,10.06060606060606,0.6302631578947369,1.1260015408320492,0.9328669042499925
OCO,44,False,8.159090909090908,0.7032871972318339,1.0414002311248072,1.114107094103318
PER,44,False,7.409090909090909,0.694206008583691,1.0080315870570107,1.0915682648407308
RAI,22,False,8.0,0.6348195329087049,1.034322033898305,0.9441754853702784
RIC,33,False,8.121212121212121,0.7,1.039714946070878,1.105948517067711
SAI,46,False,7.739130434782608,0.6808300395256917,1.0227155490051585,1.058370112649327
SIR,5,True,14.4,0.5555555555555556,1.15,0.85
STR,49,False,9.10204081632653,0.7177489177489178,1.0833535108958836,1.15
VAN,5,True,11.6,0.5972222222222222,1.15,0.8508617795187463
VER,47,False,3.872340425531915,0.6506765067650676,0.8506761630003606,0.9835313054305694
VET,26,False,7.5,0.6612903225806451,1.0120762711864406,1.0098740003971332
HUL,33,False,10.272727272727273,0.633423180592992,1.1354391371340524,0.9407098436295678
ALB,37,False,7.351351351351352,0.7117021276595744,1.0054626660558863,1.1349923204229122
GIO,17,False,9.470588235294118,0.6973684210526315,1.0997507477567297,1.099417135451948
KUB,6,True,15.666666666666666,0.35384615384615387,1.15,0.85
KVY,11,True,8.363636363636363,0.6983471074380165,1.0505007704160245,1.1018461616726865
NOR,44,False,6.0,0.7012369172216937,0.9453389830508474,1.1090184528604676
RUS,45,False,7.266666666666667,0.6719840478564307,1.0016949152542374,1.0364150246518418
LAT,15,False,8.933333333333334,0.6277056277056277,1.0758474576271186,0.926519306099608
MAZ,5,True,16.0,0.543859649122807,1.15,0.85
MSC,9,True,10.666666666666666,0.6241610738255033,1.15,0.9177219891610924
TSU,26,False,7.653846153846154,0.7165021156558533,1.0189211212516298,1.1469055306977283
ZHO,17,False,7.823529411764706,0.6581196581196581,1.026470588235294,1.0020046489604406
PIA,21,False,5.238095238095238,0.7008032128514057,0.9114406779661016,1.107942031135173
SAR,11,True,7.0,0.6699029126213593,0.9898305084745762,1.0312498030544222
LAW,13,True,8.153846153846153,0.6920731707317073,1.041166883963494,1.0862747212251078
COL,9,True,9.444444444444445,0.6875,1.098587570621469,1.074924454392837
ANT,10,True,4.3,0.7147887323943662,0.8697033898305084,1.1426530419224918
BEA,11,True,9.272727272727273,0.6643109540636042,1.0909476117103236,1.0173709812327347
BOR,10,True,9.1,0.6916299559471366,1.0832627118644067,1.085174695364712
HAD,11,True,7.363636363636363,0.7051792828685259,1.0060092449922957,1.1188031087736352
