Driver,LapNumber,ahead_driver,distance_to_ahead_m,ahead_compound,ahead_tyre_age
ALB,1.0,KUB,23.678333333328737,MEDIUM,1.0
ALB,2.0,RUS,1043.3277777777757,MEDIUM,2.0
ALB,3.0,RUS,755.256666666668,MEDIUM,3.0
ALB,4.0,RUS,597.1236111111102,MEDIUM,4.0
ALB,5.0,RUS,413.3877777777843,MEDIUM,5.0
ALB,6.0,KUB,138.07861111111743,MEDIUM,6.0
ALB,7.0,RUS,62.675277777769224,MEDIUM,7.0
ALB,8.0,PER,339.5099999999993,MEDIUM,8.0
ALB,9.0,PER,164.1875,MEDIUM,9.0
ALB,10.0,PER,89.83388888888385,MEDIUM,10.0
ALB,11.0,GIO,55.83972222221928,MEDIUM,11.0
ALB,12.0,PER,58.8061111111092,MEDIUM,12.0
ALB,13.0,GRO,63.64999999999691,MEDIUM,13.0
ALB,14.0,MAG,67.30638888888552,MEDIUM,14.0
ALB,15.0,PER,103.79805555555413,MEDIUM,15.0
ALB,16.0,PER,99.11083333333409,MEDIUM,16.0
ALB,17.0,PER,102.2666666666646,MEDIUM,17.0
ALB,18.0,RAI,75.32749999999123,SOFT,18.0
ALB,19.0,PER,117.27944444443801,MEDIUM,19.0
ALB,20.0,PER,209.22694444444733,MEDIUM,20.0
ALB,21.0,STR,35.0530555555506,HARD,12.0
ALB,22.0,RAI,425.1958333333305,HARD,4.0
ALB,23.0,RAI,235.61722222221852,HARD,5.0
ALB,24.0,RAI,110.03611111111695,HARD,6.0
ALB,25.0,GAS,212.25388888889665,HARD,6.0
ALB,26.0,GAS,72.73249999999825,HARD,7.0
ALB,27.0,GAS,45.12583333333896,HARD,8.0
ALB,28.0,SAI,213.9736111111124,HARD,10.0
ALB,29.0,SAI,107.78472222222535,HARD,11.0
ALB,30.0,SAI,56.073055555553765,HARD,12.0
ALB,31.0,NOR,320.2027777777803,HARD,12.0
ALB,32.0,NOR,156.80888888888512,HARD,13.0
ALB,33.0,NOR,67.78777777777486,HARD,14.0
ALB,34.0,NOR,31.477499999993597,HARD,15.0
ALB,35.0,RIC,74.63222222222248,HARD,14.0
ALB,36.0,RIC,89.07722222222583,HARD,15.0
ALB,37.0,LEC,1621.4194444444438,HARD,17.0
ALB,38.0,LEC,1589.218611111104,HARD,18.0
ALB,39.0,LEC,1613.132777777777,HARD,19.0
ALB,40.0,LEC,1668.6733333333286,HARD,20.0
ALB,41.0,GAS,390.3591666666607,HARD,22.0
ALB,42.0,NOR,58.940833333328555,HARD,23.0
ALB,43.0,SAI,211.8269444444395,HARD,25.0
ALB,44.0,SAI,56.02083333333667,HARD,26.0
ALB,45.0,RIC,346.49500000000717,HARD,24.0
ALB,46.0,RIC,159.69138888888665,HARD,25.0
ALB,47.0,RIC,43.72694444443823,HARD,26.0
ALB,48.0,LEC,1169.0775000000012,SOFT,6.0
ALB,49.0,LEC,1277.3774999999978,SOFT,7.0
ALB,50.0,LEC,1338.058888888887,SOFT,8.0
ALB,51.0,LEC,1419.0855555555554,SOFT,9.0
ALB,52.0,LEC,1550.0088888888877,SOFT,10.0
ALB,53.0,LEC,1673.1574999999903,SOFT,11.0
ALB,54.0,LEC,1723.7711111111103,SOFT,12.0
ALB,55.0,LEC,1624.160833333328,SOFT,13.0
ALB,56.0,LEC,1302.650555555544,SOFT,14.0
BOT,1.0,VER,1.0883333333326846,MEDIUM,4.0
BOT,2.0,,,,
BOT,3.0,,,,
BOT,4.0,,,,
BOT,5.0,,,,
BOT,6.0,,,,
BOT,7.0,,,,
BOT,8.0,,,,
BOT,9.0,,,,
BOT,10.0,,,,
BOT,11.0,,,,
BOT,12.0,,,,
BOT,13.0,,,,
BOT,14.0,,,,
BOT,15.0,LEC,12.422777777783267,MEDIUM,18.0
BOT,16.0,HAM,721.3791666666693,MEDIUM,19.0
BOT,17.0,HAM,658.0741666666681,MEDIUM,20.0
BOT,18.0,HAM,621.4347222222232,MEDIUM,21.0
BOT,19.0,HAM,529.5886111111085,MEDIUM,22.0
BOT,20.0,HAM,399.2800000000125,MEDIUM,23.0
BOT,21.0,HAM,271.13416666667126,MEDIUM,24.0
BOT,22.0,HAM,153.38111111111175,MEDIUM,25.0
BOT,23.0,HAM,79.04944444444754,MEDIUM,26.0
BOT,24.0,HAM,0.32333333333053815,MEDIUM,27.0
BOT,25.0,,,,
BOT,26.0,,,,
BOT,27.0,,,,
BOT,28.0,,,,
BOT,29.0,,,,
BOT,30.0,,,,
BOT,31.0,,,,
BOT,32.0,,,,
BOT,33.0,,,,
BOT,34.0,,,,
BOT,35.0,,,,
BOT,36.0,HAM,603.0258333333395,HARD,12.0
BOT,37.0,HAM,449.11305555555646,HARD,13.0
BOT,38.0,HAM,407.38666666666086,HARD,14.0
BOT,39.0,HAM,444.9019444444466,HARD,15.0
BOT,40.0,HAM,367.2961111111126,HARD,16.0
BOT,41.0,HAM,340.0430555555522,HARD,17.0
BOT,42.0,HAM,338.58416666666744,HARD,18.0
BOT,43.0,HAM,306.0727777777756,HARD,19.0
BOT,44.0,HAM,253.5413888888961,HARD,20.0
BOT,45.0,HAM,232.47833333332892,HARD,21.0
BOT,46.0,HAM,190.76194444444536,HARD,22.0
BOT,47.0,HAM,152.38750000001255,HARD,23.0
BOT,48.0,HAM,127.57611111110873,HARD,24.0
BOT,49.0,HAM,110.62083333333885,HARD,25.0
BOT,50.0,HAM,80.39444444445053,HARD,26.0
BOT,51.0,HAM,37.644444444437795,HARD,27.0
BOT,52.0,HAM,1.1455555555567116,HARD,28.0
BOT,53.0,,,,
BOT,54.0,,,,
BOT,55.0,,,,
BOT,56.0,,,,
GAS,1.0,RIC,34.15805555555562,SOFT,4.0
GAS,2.0,VET,70.01527777777846,MEDIUM,5.0
GAS,3.0,VET,64.51972222222776,MEDIUM,6.0
GAS,4.0,VET,104.4461111111068,MEDIUM,7.0
GAS,5.0,VET,137.1472222222319,MEDIUM,8.0
GAS,6.0,VET,142.63111111111175,MEDIUM,9.0
GAS,7.0,VET,177.0408333333271,MEDIUM,10.0
GAS,8.0,NOR,222.710833333329,SOFT,11.0
GAS,9.0,NOR,217.22694444444824,SOFT,12.0
GAS,10.0,NOR,243.47138888889094,SOFT,13.0
GAS,11.0,NOR,272.41694444445784,SOFT,14.0
GAS,12.0,NOR,279.67027777777184,SOFT,15.0
GAS,13.0,NOR,294.00666666667075,SOFT,16.0
GAS,14.0,NOR,325.89777777777635,SOFT,17.0
GAS,15.0,NOR,328.67555555555373,SOFT,18.0
GAS,16.0,NOR,327.49944444444463,SOFT,19.0
GAS,17.0,NOR,358.30333333332965,SOFT,20.0
GAS,18.0,NOR,368.773333333329,SOFT,21.0
GAS,19.0,NOR,101.5516666666681,SOFT,22.0
GAS,20.0,ALB,38.44833333333281,MEDIUM,19.0
GAS,21.0,KVY,90.8997222222306,HARD,21.0
GAS,22.0,SAI,154.77944444444347,HARD,4.0
GAS,23.0,SAI,165.18472222222135,HARD,5.0
GAS,24.0,PER,20.510000000002037,MEDIUM,24.0
GAS,25.0,SAI,171.71305555555682,HARD,7.0
GAS,26.0,HUL,110.9797222222187,HARD,26.0
GAS,27.0,SAI,235.47388888889236,HARD,9.0
GAS,28.0,ALB,105.05083333333641,MEDIUM,8.0
GAS,29.0,ALB,211.22666666666373,MEDIUM,9.0
GAS,30.0,ALB,278.62277777777945,MEDIUM,10.0
GAS,31.0,SAI,173.8680555555511,HARD,13.0
GAS,32.0,SAI,206.4888888888945,HARD,14.0
GAS,33.0,SAI,181.85583333334125,HARD,15.0
GAS,34.0,SAI,171.60249999999087,HARD,16.0
GAS,35.0,SAI,158.40555555555238,HARD,17.0
GAS,36.0,SAI,212.1474999999973,HARD,18.0
GAS,37.0,SAI,202.21916666667585,HARD,19.0
GAS,38.0,SAI,207.46277777778323,HARD,20.0
GAS,39.0,SAI,177.24194444444765,HARD,21.0
GAS,40.0,ALB,97.87666666666337,MEDIUM,20.0
GAS,41.0,SAI,188.55805555555253,HARD,23.0
GAS,42.0,NOR,27.743888888884612,HARD,23.0
GAS,43.0,ALB,85.90750000000298,SOFT,6.0
GAS,44.0,ALB,318.8247222222253,SOFT,7.0
GAS,45.0,SAI,338.4505555555552,HARD,27.0
GAS,46.0,SAI,341.8191666666535,HARD,28.0
GAS,47.0,SAI,380.01583333332474,HARD,29.0
GAS,48.0,SAI,420.1791666666704,HARD,30.0
GAS,49.0,NOR,152.92194444444704,MEDIUM,7.0
GAS,50.0,NOR,488.51333333333605,MEDIUM,8.0
GAS,51.0,NOR,668.943888888889,MEDIUM,9.0
GAS,52.0,PER,80.8277777777812,HARD,28.0
GAS,53.0,RUS,71.3383333333395,SOFT,7.0
GAS,54.0,GIO,519.3369444444379,SOFT,15.0
GIO,1.0,GRO,41.978055555561696,MEDIUM,1.0
GIO,2.0,KVY,30.105277777772244,HARD,2.0
GIO,3.0,KVY,54.047222222222445,HARD,3.0
GIO,4.0,GRO,55.5769444444486,MEDIUM,4.0
GIO,5.0,GRO,50.41916666666657,MEDIUM,5.0
GIO,6.0,GRO,84.9466666666649,MEDIUM,6.0
GIO,7.0,GRO,118.03638888888236,MEDIUM,7.0
GIO,8.0,GRO,135.54916666667123,MEDIUM,8.0
GIO,9.0,GRO,126.94499999999698,MEDIUM,9.0
GIO,10.0,GRO,89.73611111110404,MEDIUM,10.0
GIO,11.0,PER,44.559444444442306,MEDIUM,11.0
GIO,12.0,ALB,97.9188888888848,MEDIUM,11.0
GIO,13.0,ALB,166.76611111111924,MEDIUM,12.0
GIO,14.0,GRO,172.71750000000065,MEDIUM,14.0
GIO,15.0,GRO,172.88305555556053,MEDIUM,15.0
GIO,16.0,GRO,182.11222222222568,MEDIUM,16.0
GIO,17.0,GRO,389.4577777777813,MEDIUM,17.0
GIO,18.0,MAG,337.1669444444524,MEDIUM,18.0
GIO,19.0,MAG,230.9202777777764,HARD,2.0
GIO,20.0,MAG,183.04722222222063,HARD,3.0
GIO,21.0,RUS,11.131944444446162,MEDIUM,21.0
GIO,22.0,MAG,307.6025000000036,HARD,5.0
GIO,23.0,MAG,281.51222222221804,HARD,6.0
GIO,24.0,MAG,263.48722222221386,HARD,7.0
GIO,25.0,MAG,226.24027777777337,HARD,8.0
GIO,26.0,MAG,226.54166666667243,HARD,9.0
GIO,27.0,MAG,182.2141666666721,HARD,10.0
GIO,28.0,HUL,165.17805555555788,MEDIUM,1.0
GIO,29.0,MAG,126.28611111110695,HARD,12.0
GIO,30.0,MAG,88.399444444447,HARD,13.0
GIO,31.0,MAG,86.02750000000742,HARD,14.0
GIO,32.0,MAG,67.43444444443867,HARD,15.0
GIO,33.0,MAG,40.219444444450346,HARD,16.0
GIO,34.0,MAG,67.41805555555129,HARD,17.0
GIO,35.0,MAG,107.2844444444454,HARD,18.0
GIO,36.0,MAG,121.86388888889451,HARD,19.0
GIO,37.0,MAG,228.57444444444718,HARD,20.0
GIO,38.0,STR,103.75222222223238,SOFT,9.0
GIO,39.0,STR,235.29916666666577,SOFT,10.0
GIO,40.0,MAG,172.6727777777869,HARD,23.0
GIO,41.0,STR,1086.7933333333294,SOFT,12.0
GIO,42.0,STR,1110.1911111111176,SOFT,13.0
GIO,43.0,STR,1092.6050000000023,SOFT,14.0
GIO,44.0,STR,1081.9230555555614,SOFT,15.0
GIO,45.0,STR,1055.6308333333345,SOFT,16.0
GIO,46.0,STR,1053.5441666666648,SOFT,17.0
GIO,47.0,STR,1067.18777777778,SOFT,18.0
GIO,48.0,STR,1073.4055555555506,SOFT,19.0
GIO,49.0,STR,1035.3619444444485,SOFT,20.0
GIO,50.0,STR,907.5819444444469,SOFT,21.0
GIO,51.0,STR,801.5027777777768,SOFT,22.0
GIO,52.0,STR,769.5986111111097,SOFT,23.0
GIO,53.0,GAS,521.0124999999971,HARD,34.0
GIO,54.0,STR,662.3919444444473,SOFT,25.0
GIO,55.0,NOR,3700.8372222222206,MEDIUM,13.0
GRO,1.0,HUL,30.502222222215096,HARD,1.0
GRO,2.0,HUL,60.50194444443787,HARD,2.0
GRO,3.0,HUL,69.76583333333747,HARD,3.0
GRO,4.0,KVY,28.545555555547253,HARD,4.0
GRO,5.0,KVY,76.0427777777777,HARD,5.0
GRO,6.0,KVY,75.44583333332594,HARD,6.0
GRO,7.0,KVY,151.68527777777672,HARD,7.0
GRO,8.0,KVY,133.7955555555518,HARD,8.0
GRO,9.0,KVY,135.64361111110884,HARD,9.0
GRO,10.0,MAG,102.54000000000633,MEDIUM,10.0
GRO,11.0,MAG,80.9836111111108,MEDIUM,11.0
GRO,12.0,MAG,79.99083333333328,MEDIUM,12.0
GRO,13.0,PER,50.7927777777777,MEDIUM,13.0
GRO,14.0,ALB,51.80916666666781,MEDIUM,13.0
GRO,15.0,MAG,85.71083333334082,MEDIUM,15.0
GRO,16.0,MAG,95.25472222221379,MEDIUM,16.0
GRO,17.0,MAG,86.29277777777497,MEDIUM,17.0
GRO,18.0,SAI,171.57055555555144,SOFT,21.0
GRO,19.0,SAI,9.085277777769079,HARD,1.0
GRO,20.0,ALB,107.6661111111116,MEDIUM,19.0
GRO,21.0,RAI,338.4424999999883,HARD,3.0
GRO,22.0,STR,90.80805555555526,HARD,13.0
GRO,23.0,STR,347.42805555554787,HARD,14.0
GRO,24.0,MAG,243.4894444444426,HARD,7.0
GRO,25.0,GIO,1327.6080555555573,HARD,8.0
GRO,26.0,VER,345.59999999999854,HARD,14.0
GRO,27.0,VER,519.8341666666693,HARD,15.0
GRO,28.0,VER,599.29555555555,HARD,16.0
GRO,29.0,STR,692.8769444444424,HARD,20.0
GRO,30.0,HAM,296.4516666666723,HARD,6.0
GRO,31.0,HAM,499.0380555555548,HARD,7.0
GRO,32.0,HAM,637.7566666666598,HARD,8.0
GRO,33.0,VER,202.5786111111065,HARD,21.0
GRO,34.0,VER,148.60972222221335,HARD,22.0
GRO,35.0,VER,405.4369444444419,MEDIUM,1.0
GRO,36.0,VER,597.6227777777776,MEDIUM,2.0
GRO,37.0,VER,711.2038888888828,MEDIUM,3.0
GRO,38.0,VER,891.1955555555496,MEDIUM,4.0
GRO,39.0,GIO,219.6200000000008,HARD,22.0
GRO,40.0,GIO,110.43111111110466,SOFT,1.0
GRO,41.0,GIO,210.08888888888305,SOFT,2.0
GRO,42.0,MAG,115.54166666666788,SOFT,2.0
GRO,43.0,MAG,137.48444444443612,SOFT,3.0
GRO,44.0,MAG,163.84694444444085,SOFT,4.0
GRO,45.0,MAG,198.33694444444245,SOFT,5.0
GRO,46.0,MAG,244.86444444444533,SOFT,6.0
GRO,47.0,MAG,250.0063888888899,SOFT,7.0
GRO,48.0,MAG,238.22416666666322,SOFT,8.0
GRO,49.0,MAG,240.28249999999662,SOFT,9.0
GRO,50.0,MAG,417.5127777777707,SOFT,10.0
GRO,51.0,MAG,295.74249999999756,SOFT,11.0
GRO,52.0,MAG,330.48138888889116,SOFT,12.0
GRO,53.0,LEC,752.1980555555674,SOFT,11.0
GRO,54.0,LEC,902.9788888888879,SOFT,12.0
GRO,55.0,NOR,4314.767777777768,MEDIUM,13.0
HAM,1.0,VER,115.68611111110386,MEDIUM,4.0
HAM,2.0,VER,93.18500000000404,MEDIUM,5.0
HAM,3.0,VER,99.17833333332874,MEDIUM,6.0
HAM,4.0,VER,116.00999999999749,MEDIUM,7.0
HAM,5.0,VER,129.02749999999378,MEDIUM,8.0
HAM,6.0,VER,118.473888888896,MEDIUM,9.0
HAM,7.0,VER,94.26611111110651,MEDIUM,10.0
HAM,8.0,VER,114.50277777777319,MEDIUM,11.0
HAM,9.0,VER,81.31027777777581,MEDIUM,12.0
HAM,10.0,VER,95.9958333333334,MEDIUM,13.0
HAM,11.0,VER,79.40750000000116,MEDIUM,14.0
HAM,12.0,VER,70.02166666665926,MEDIUM,15.0
HAM,13.0,BOT,303.0369444444432,MEDIUM,16.0
HAM,14.0,BOT,0.1483333333317205,MEDIUM,17.0
HAM,15.0,BOT,38.265000000000015,HARD,1.0
HAM,16.0,,,,
HAM,17.0,,,,
HAM,18.0,,,,
HAM,19.0,,,,
HAM,20.0,,,,
HAM,21.0,,,,
HAM,22.0,,,,
HAM,23.0,,,,
HAM,24.0,BOT,219.56805555555638,HARD,10.0
HAM,25.0,VER,870.4063888888959,HARD,13.0
HAM,26.0,VER,763.2691666666624,HARD,14.0
HAM,27.0,VER,707.2727777777836,HARD,15.0
HAM,28.0,VER,711.8147222222278,HARD,16.0
HAM,29.0,VER,689.0277777777746,HARD,17.0
HAM,30.0,VER,657.4649999999929,HARD,18.0
HAM,31.0,VER,628.6738888888822,HARD,19.0
HAM,32.0,VER,563.363055555561,HARD,20.0
HAM,33.0,VER,434.8363888888898,HARD,21.0
HAM,34.0,VER,30.73333333332903,HARD,22.0
HAM,35.0,BOT,39.43472222222408,HARD,21.0
HAM,36.0,BOT,10.045833333333348,MEDIUM,1.0
HAM,37.0,,,,
HAM,38.0,,,,
HAM,39.0,,,,
HAM,40.0,,,,
HAM,41.0,,,,
HAM,42.0,,,,
HAM,43.0,,,,
HAM,44.0,,,,
HAM,45.0,,,,
HAM,46.0,,,,
HAM,47.0,,,,
HAM,48.0,,,,
HAM,49.0,,,,
HAM,50.0,,,,
HAM,51.0,,,,
HAM,52.0,BOT,75.17083333333267,MEDIUM,17.0
HAM,53.0,BOT,169.33916666666573,MEDIUM,18.0
HAM,54.0,BOT,253.3838888888822,MEDIUM,19.0
HAM,55.0,BOT,272.70138888889323,MEDIUM,20.0
HAM,56.0,BOT,160.67861111111142,MEDIUM,21.0
HUL,1.0,MAG,72.69638888889313,MEDIUM,1.0
HUL,2.0,RAI,39.206111111117934,SOFT,2.0
HUL,3.0,RAI,22.868611111109203,SOFT,3.0
HUL,4.0,RAI,46.30583333333561,SOFT,4.0
HUL,5.0,RAI,31.568333333329974,SOFT,5.0
HUL,6.0,RAI,41.22861111111342,SOFT,6.0
HUL,7.0,RAI,37.585000000001855,SOFT,7.0
HUL,8.0,RAI,28.555555555559295,SOFT,8.0
HUL,9.0,RAI,66.28416666666999,SOFT,9.0
HUL,10.0,RAI,69.19694444445213,SOFT,10.0
HUL,11.0,RAI,89.03444444444904,SOFT,11.0
HUL,12.0,RAI,88.10416666667425,SOFT,12.0
HUL,13.0,RAI,109.46916666666402,SOFT,13.0
HUL,14.0,RAI,98.98888888889451,SOFT,14.0
HUL,15.0,RAI,78.08111111111157,SOFT,15.0
HUL,16.0,RAI,105.5861111111144,SOFT,16.0
HUL,17.0,RAI,79.69611111110862,SOFT,17.0
HUL,18.0,GAS,432.348333333337,SOFT,21.0
HUL,19.0,GAS,14.032500000004802,SOFT,22.0
HUL,20.0,LEC,188.70527777777443,MEDIUM,23.0
HUL,21.0,RIC,113.41361111111564,SOFT,24.0
HUL,22.0,LEC,146.15972222222535,HARD,2.0
HUL,23.0,LEC,341.55611111111375,HARD,3.0
HUL,24.0,RIC,119.66277777777123,HARD,3.0
HUL,25.0,NOR,199.81416666666973,HARD,6.0
HUL,26.0,SAI,91.46833333333325,HARD,8.0
HUL,27.0,ALB,229.08722222220968,MEDIUM,7.0
HUL,28.0,MAG,35.77722222222292,HARD,11.0
HUL,29.0,STR,107.39388888888789,HARD,20.0
HUL,30.0,KVY,554.4177777777704,MEDIUM,9.0
HUL,31.0,KVY,526.5444444444438,MEDIUM,10.0
HUL,32.0,KVY,472.250555555549,MEDIUM,11.0
HUL,33.0,KVY,397.9958333333325,MEDIUM,12.0
HUL,34.0,KVY,346.71000000000276,MEDIUM,13.0
HUL,35.0,KVY,316.0522222222198,MEDIUM,14.0
HUL,36.0,KVY,224.79666666666253,MEDIUM,15.0
HUL,37.0,KVY,141.22777777777446,MEDIUM,16.0
HUL,38.0,KVY,55.81638888888483,MEDIUM,17.0
HUL,39.0,PER,440.56194444444463,HARD,15.0
HUL,40.0,RAI,234.38472222222208,HARD,22.0
HUL,41.0,RAI,196.69916666667268,SOFT,1.0
HUL,42.0,RAI,59.54500000000007,SOFT,2.0
HUL,43.0,BOT,176.7425000000012,MEDIUM,8.0
HUL,44.0,RAI,24.41083333333154,SOFT,4.0
HUL,45.0,RAI,48.38250000000244,SOFT,5.0
HUL,46.0,RAI,47.66916666666748,SOFT,6.0
HUL,47.0,VER,225.08083333333343,MEDIUM,13.0
HUL,48.0,VER,315.5063888888826,MEDIUM,14.0
HUL,49.0,VER,386.38555555556286,MEDIUM,15.0
HUL,50.0,VER,431.26416666666864,MEDIUM,16.0
HUL,51.0,PER,252.5533333333351,HARD,27.0
HUL,52.0,GAS,5.230277777775882,HARD,33.0
HUL,53.0,PER,25.658888888884576,HARD,29.0
HUL,54.0,VER,504.6869444444437,MEDIUM,20.0
HUL,55.0,NOR,1314.4247222222157,MEDIUM,13.0
KUB,1.0,STR,5.623333333335722,MEDIUM,1.0
KUB,2.0,PER,121.2405555555597,MEDIUM,2.0
KUB,3.0,PER,192.39499999999225,MEDIUM,3.0
KUB,4.0,PER,265.1661111111098,MEDIUM,4.0
KUB,5.0,PER,315.6308333333309,MEDIUM,5.0
KUB,6.0,RUS,47.95861111110116,MEDIUM,6.0
KUB,7.0,ALB,133.92027777778458,MEDIUM,6.0
KUB,8.0,RUS,243.71499999999742,MEDIUM,8.0
KUB,9.0,RUS,400.26388888888596,MEDIUM,9.0
KUB,10.0,RUS,534.2433333333365,MEDIUM,10.0
KUB,11.0,RUS,683.4605555555554,MEDIUM,11.0
KUB,12.0,STR,1268.2858333333297,HARD,3.0
KUB,13.0,STR,1380.561666666661,HARD,4.0
KUB,14.0,STR,1510.769166666677,HARD,5.0
KUB,15.0,STR,1658.5274999999965,HARD,6.0
KUB,16.0,STR,1780.6338888888922,HARD,7.0
KUB,17.0,GIO,951.4375000000018,MEDIUM,17.0
KUB,18.0,GIO,1389.6699999999983,HARD,1.0
KUB,19.0,HAM,598.1361111111191,MEDIUM,22.0
KUB,20.0,BOT,613.5869444444488,HARD,6.0
KUB,21.0,VER,546.8058333333311,HARD,9.0
KUB,22.0,VER,693.5752777777752,HARD,10.0
KUB,23.0,HAM,206.01388888889142,MEDIUM,26.0
KUB,24.0,HAM,301.5963888888873,MEDIUM,27.0
KUB,25.0,HAM,657.7769444444548,HARD,1.0
KUB,26.0,HAM,884.9277777777843,HARD,2.0
KUB,27.0,RUS,1051.3480555555616,HARD,4.0
KUB,28.0,RUS,1255.8380555555577,HARD,5.0
KUB,29.0,RUS,1484.1786111111187,HARD,6.0
KUB,30.0,LEC,667.7033333333256,HARD,10.0
KUB,31.0,LEC,1367.599999999995,HARD,11.0
KVY,1.0,GIO,2.9424999999973807,MEDIUM,1.0
KVY,2.0,GRO,39.62722222222965,MEDIUM,2.0
KVY,3.0,GRO,29.757777777777846,MEDIUM,3.0
KVY,4.0,HUL,92.8152777777841,HARD,4.0
KVY,5.0,HUL,95.06277777778178,HARD,5.0
KVY,6.0,HUL,79.9127777777885,HARD,6.0
KVY,7.0,HUL,65.02416666666977,HARD,7.0
KVY,8.0,HUL,71.77166666666653,HARD,8.0
KVY,9.0,MAG,45.55027777777559,MEDIUM,9.0
KVY,10.0,HUL,122.79916666666304,HARD,10.0
KVY,11.0,HUL,118.00638888888898,HARD,11.0
KVY,12.0,HUL,119.81666666667206,HARD,12.0
KVY,13.0,HUL,109.58861111110855,HARD,13.0
KVY,14.0,HUL,124.7819444444367,HARD,14.0
KVY,15.0,HUL,136.94694444444121,HARD,15.0
KVY,16.0,HUL,112.22972222222234,HARD,16.0
KVY,17.0,HUL,128.92250000000513,HARD,17.0
KVY,18.0,SAI,28.792777777784067,SOFT,21.0
KVY,19.0,GAS,91.06972222222066,SOFT,22.0
KVY,20.0,HUL,263.5394444444355,HARD,20.0
KVY,21.0,NOR,19.43527777777581,HARD,2.0
KVY,22.0,GRO,274.16388888888196,MEDIUM,22.0
KVY,23.0,GRO,36.31194444444645,MEDIUM,23.0
KVY,24.0,PER,219.01333333333423,MEDIUM,24.0
KVY,25.0,STR,162.87111111111426,HARD,16.0
KVY,26.0,STR,110.03277777778385,HARD,17.0
KVY,27.0,STR,43.83249999999498,HARD,18.0
KVY,28.0,STR,49.536944444434994,HARD,19.0
KVY,29.0,PER,37.04694444443703,HARD,5.0
KVY,30.0,PER,72.38444444444394,HARD,6.0
KVY,31.0,PER,85.64305555556075,HARD,7.0
KVY,32.0,PER,100.73694444444936,HARD,8.0
KVY,33.0,PER,123.75083333333805,HARD,9.0
KVY,34.0,PER,169.02000000001044,HARD,10.0
KVY,35.0,PER,180.26694444445093,HARD,11.0
KVY,36.0,PER,251.5711111111077,HARD,12.0
KVY,37.0,PER,298.70611111111793,HARD,13.0
KVY,38.0,PER,335.6333333333332,HARD,14.0
KVY,39.0,HUL,37.29611111110353,MEDIUM,12.0
KVY,40.0,HUL,232.56611111111033,SOFT,1.0
KVY,41.0,HUL,31.660833333332448,SOFT,2.0
KVY,42.0,HUL,78.7269444444446,SOFT,3.0
KVY,43.0,RAI,59.59638888889276,SOFT,3.0
KVY,44.0,HUL,179.75194444444787,SOFT,5.0
KVY,45.0,HUL,74.08777777778687,SOFT,6.0
KVY,46.0,HUL,104.90944444444904,SOFT,7.0
KVY,47.0,RAI,46.620833333332484,SOFT,7.0
KVY,48.0,HUL,220.92055555555726,SOFT,9.0
KVY,49.0,HUL,173.800555555551,SOFT,10.0
KVY,50.0,HUL,172.63833333332968,SOFT,11.0
KVY,51.0,HUL,176.3391666666639,SOFT,12.0
KVY,52.0,HUL,142.10444444444784,SOFT,13.0
KVY,53.0,HUL,165.3336111111239,SOFT,14.0
KVY,54.0,PER,31.00472222222561,HARD,30.0
KVY,55.0,NOR,1582.0880555555505,MEDIUM,13.0
LEC,1.0,HAM,118.96861111111048,MEDIUM,4.0
LEC,2.0,HAM,203.027222222222,MEDIUM,5.0
LEC,3.0,HAM,242.49361111111648,MEDIUM,6.0
LEC,4.0,HAM,261.5202777777804,MEDIUM,7.0
LEC,5.0,HAM,338.27638888889123,MEDIUM,8.0
LEC,6.0,HAM,404.68805555555264,MEDIUM,9.0
LEC,7.0,HAM,511.3163888888894,MEDIUM,10.0
LEC,8.0,HAM,539.5561111111119,MEDIUM,11.0
LEC,9.0,HAM,576.7850000000008,MEDIUM,12.0
LEC,10.0,HAM,600.1841666666578,MEDIUM,13.0
LEC,11.0,HAM,636.2436111111083,MEDIUM,14.0
LEC,12.0,HAM,658.5869444444452,MEDIUM,15.0
LEC,13.0,VER,89.7711111111139,MEDIUM,16.0
LEC,14.0,BOT,40.86361111109727,MEDIUM,17.0
LEC,15.0,HAM,817.1161111111087,MEDIUM,18.0
LEC,16.0,VER,119.56555555555951,HARD,4.0
LEC,17.0,VER,326.3488888888978,HARD,5.0
LEC,18.0,VER,519.2694444444414,HARD,6.0
LEC,19.0,VER,631.3900000000058,HARD,7.0
LEC,20.0,VER,835.6602777777925,HARD,8.0
LEC,21.0,HUL,98.34388888888952,HARD,21.0
LEC,22.0,VER,2370.6208333333307,HARD,10.0
LEC,23.0,VER,2422.2738888888935,HARD,11.0
LEC,24.0,HAM,1298.641666666671,MEDIUM,27.0
LEC,25.0,HAM,1501.2524999999941,HARD,1.0
LEC,26.0,HAM,1535.1786111111169,HARD,2.0
LEC,27.0,HAM,1563.183888888896,HARD,3.0
LEC,28.0,HAM,1557.5472222222197,HARD,4.0
LEC,29.0,HAM,1587.013611111116,HARD,5.0
LEC,30.0,HAM,1621.2438888888928,HARD,6.0
LEC,31.0,HAM,1611.4341666666742,HARD,7.0
LEC,32.0,HAM,1639.094444444443,HARD,8.0
LEC,33.0,HAM,1682.2124999999987,HARD,9.0
LEC,34.0,VER,642.0113888888873,HARD,22.0
LEC,35.0,VER,804.8094444444396,MEDIUM,1.0
LEC,36.0,VER,920.7383333333328,MEDIUM,2.0
LEC,37.0,VER,1052.5872222222197,MEDIUM,3.0
LEC,38.0,VER,1229.932222222229,MEDIUM,4.0
LEC,39.0,VER,1350.7261111111084,MEDIUM,5.0
LEC,40.0,VER,1471.1227777777813,MEDIUM,6.0
LEC,41.0,VER,1568.592499999998,MEDIUM,7.0
LEC,42.0,VER,1847.1516666666676,MEDIUM,8.0
LEC,43.0,RUS,662.6969444444476,HARD,20.0
LEC,44.0,VER,2756.0327777777775,MEDIUM,10.0
LEC,45.0,VER,2848.496111111108,MEDIUM,11.0
LEC,46.0,VER,2904.9972222222304,MEDIUM,12.0
LEC,47.0,VER,2896.7458333333307,MEDIUM,13.0
LEC,48.0,VER,2921.1849999999968,MEDIUM,14.0
LEC,49.0,VER,2917.2383333333255,MEDIUM,15.0
LEC,50.0,VER,2926.8694444444436,MEDIUM,16.0
LEC,51.0,VER,2851.49472222222,MEDIUM,17.0
LEC,52.0,VER,2736.797222222227,MEDIUM,18.0
LEC,53.0,VER,2683.647222222221,MEDIUM,19.0
LEC,54.0,VER,2613.703888888883,MEDIUM,20.0
LEC,55.0,VER,2592.6433333333352,MEDIUM,21.0
LEC,56.0,VER,2351.9177777777804,MEDIUM,22.0
MAG,1.0,RAI,19.972499999995307,SOFT,1.0
MAG,2.0,SAI,26.237222222216587,SOFT,5.0
MAG,3.0,SAI,57.99111111111324,SOFT,6.0
MAG,4.0,SAI,81.60027777777486,SOFT,7.0
MAG,5.0,SAI,107.57861111110924,SOFT,8.0
MAG,6.0,SAI,117.24694444444413,SOFT,9.0
MAG,7.0,SAI,158.83138888889243,SOFT,10.0
MAG,8.0,SAI,222.96111111111168,SOFT,11.0
MAG,9.0,HUL,82.62000000000444,HARD,9.0
MAG,10.0,KVY,123.19888888888272,HARD,10.0
MAG,11.0,KVY,213.48388888889076,HARD,11.0
MAG,12.0,KVY,285.3852777777647,HARD,12.0
MAG,13.0,KVY,339.97722222222455,HARD,13.0
MAG,14.0,PER,109.32638888889232,MEDIUM,14.0
MAG,15.0,ALB,169.61999999999261,MEDIUM,14.0
MAG,16.0,ALB,307.12305555555577,MEDIUM,15.0
MAG,17.0,ALB,398.844166666674,MEDIUM,16.0
MAG,18.0,SAI,193.5433333333258,SOFT,21.0
MAG,19.0,RUS,189.90388888888356,MEDIUM,19.0
MAG,20.0,RUS,16.915000000000873,MEDIUM,20.0
MAG,21.0,KVY,276.31138888889564,HARD,21.0
MAG,22.0,KVY,211.17250000000058,MEDIUM,1.0
MAG,23.0,KVY,228.69416666666802,MEDIUM,2.0
MAG,24.0,KVY,307.50361111111033,MEDIUM,3.0
MAG,25.0,PER,337.6141666666699,HARD,1.0
MAG,26.0,PER,466.45361111111015,HARD,2.0
MAG,27.0,HUL,195.9394444444506,HARD,27.0
MAG,28.0,PER,538.2936111111048,HARD,4.0
MAG,29.0,HUL,84.72277777778163,MEDIUM,2.0
MAG,30.0,HUL,162.02027777777948,MEDIUM,3.0
MAG,31.0,HUL,268.6152777777734,MEDIUM,4.0
MAG,32.0,HUL,460.7494444444483,MEDIUM,5.0
MAG,33.0,HUL,664.0113888888873,MEDIUM,6.0
MAG,34.0,HUL,706.5449999999983,MEDIUM,7.0
MAG,35.0,HUL,764.0494444444366,MEDIUM,8.0
MAG,36.0,HUL,850.2502777777809,MEDIUM,9.0
MAG,37.0,HUL,957.4105555555543,MEDIUM,10.0
MAG,38.0,HUL,1259.0316666666704,MEDIUM,11.0
MAG,39.0,KVY,287.976666666671,MEDIUM,18.0
MAG,40.0,STR,241.72861111110524,SOFT,11.0
MAG,41.0,GRO,41.58222222222685,HARD,18.0
MAG,42.0,GIO,241.74444444444816,SOFT,3.0
MAG,43.0,GIO,290.60055555555755,SOFT,4.0
MAG,44.0,GIO,354.002777777775,SOFT,5.0
MAG,45.0,GIO,341.1519444444457,SOFT,6.0
MAG,46.0,GIO,382.4927777777775,SOFT,7.0
MAG,47.0,GIO,463.35416666666697,SOFT,8.0
MAG,48.0,GIO,504.8858333333392,SOFT,9.0
MAG,49.0,GIO,562.9611111111099,SOFT,10.0
MAG,50.0,GIO,604.6036111111116,SOFT,11.0
MAG,51.0,GIO,657.7405555555579,SOFT,12.0
MAG,52.0,LEC,426.21166666665613,SOFT,10.0
MAG,53.0,LEC,337.7713888888902,SOFT,11.0
NOR,1.0,LEC,39.743333333330156,MEDIUM,4.0
NOR,2.0,LEC,132.06499999999778,MEDIUM,5.0
NOR,3.0,LEC,214.31527777777592,MEDIUM,6.0
NOR,4.0,LEC,269.5299999999934,MEDIUM,7.0
NOR,5.0,LEC,321.1622222222286,MEDIUM,8.0
NOR,6.0,LEC,352.29305555555675,MEDIUM,9.0
NOR,7.0,LEC,359.7030555555639,MEDIUM,10.0
NOR,8.0,RIC,74.01638888888738,SOFT,11.0
NOR,9.0,RIC,108.36277777778014,SOFT,12.0
NOR,10.0,RIC,143.338611111114,SOFT,13.0
NOR,11.0,RIC,154.36861111110193,SOFT,14.0
NOR,12.0,RIC,186.44361111111175,SOFT,15.0
NOR,13.0,RIC,189.05611111110193,SOFT,16.0
NOR,14.0,RIC,180.7975000000015,SOFT,17.0
NOR,15.0,RIC,189.7199999999957,SOFT,18.0
NOR,16.0,RIC,228.5877777777814,SOFT,19.0
NOR,17.0,RIC,234.82916666667734,SOFT,20.0
NOR,18.0,RIC,282.6472222222319,SOFT,21.0
NOR,19.0,RIC,445.1672222222205,SOFT,22.0
NOR,20.0,PER,400.5761111111142,MEDIUM,20.0
NOR,21.0,PER,187.55805555555253,MEDIUM,21.0
NOR,22.0,RIC,100.57722222222674,HARD,1.0
NOR,23.0,RIC,121.55083333334096,HARD,2.0
NOR,24.0,HUL,56.644722222227756,HARD,24.0
NOR,25.0,RIC,125.6294444444411,HARD,4.0
NOR,26.0,RIC,106.05805555555162,HARD,5.0
NOR,27.0,RIC,92.1705555555609,HARD,6.0
NOR,28.0,RIC,94.47833333332892,HARD,7.0
NOR,29.0,RIC,107.63916666666682,HARD,8.0
NOR,30.0,RIC,142.1108333333368,HARD,9.0
NOR,31.0,RIC,149.49249999999756,HARD,10.0
NOR,32.0,RIC,183.28277777778385,HARD,11.0
NOR,33.0,RIC,155.02111111111662,HARD,12.0
NOR,34.0,RIC,138.478333333338,HARD,13.0
NOR,35.0,ALB,147.91666666666788,MEDIUM,15.0
NOR,36.0,ALB,203.54527777778094,MEDIUM,16.0
NOR,37.0,RIC,238.33916666666028,HARD,16.0
NOR,38.0,RIC,244.90305555555278,HARD,17.0
NOR,39.0,RIC,258.3588888888826,HARD,18.0
NOR,40.0,RIC,253.51111111110458,HARD,19.0
NOR,41.0,RIC,301.43638888888927,HARD,20.0
NOR,42.0,RIC,406.78500000000986,HARD,21.0
NOR,43.0,PER,580.7391666666681,HARD,19.0
NOR,44.0,PER,417.3302777777708,HARD,20.0
NOR,45.0,PER,277.89916666666795,HARD,21.0
NOR,46.0,PER,191.38916666667137,HARD,22.0
NOR,47.0,PER,93.7313888888848,HARD,23.0
NOR,48.0,GAS,52.86416666666355,HARD,29.0
NOR,49.0,SAI,355.49388888889007,HARD,31.0
NOR,50.0,SAI,173.646666666662,HARD,32.0
NOR,51.0,SAI,64.57111111111135,HARD,33.0
NOR,52.0,RIC,619.0566666666673,HARD,31.0
NOR,53.0,RIC,530.9686111111187,HARD,32.0
NOR,54.0,RIC,327.9377777777772,HARD,33.0
NOR,55.0,RIC,173.98444444444976,HARD,34.0
NOR,56.0,RIC,51.16472222222001,HARD,35.0
PER,1.0,ALB,147.84333333333325,SOFT,4.0
PER,2.0,STR,24.835000000001855,MEDIUM,2.0
PER,3.0,STR,11.857500000001892,MEDIUM,3.0
PER,4.0,STR,24.91444444444187,MEDIUM,4.0
PER,5.0,STR,33.15083333333223,MEDIUM,5.0
PER,6.0,STR,34.523888888887996,MEDIUM,6.0
PER,7.0,STR,25.720000000001164,MEDIUM,7.0
PER,8.0,STR,43.047499999994216,MEDIUM,8.0
PER,9.0,GIO,115.25722222223249,MEDIUM,9.0
PER,10.0,GIO,57.454722222231794,MEDIUM,10.0
PER,11.0,GRO,127.75361111111124,MEDIUM,11.0
PER,12.0,GRO,64.69444444445435,MEDIUM,12.0
PER,13.0,MAG,84.4883333333346,MEDIUM,13.0
PER,14.0,KVY,383.57333333333736,HARD,14.0
PER,15.0,KVY,336.03222222222666,HARD,15.0
PER,16.0,KVY,285.5427777777768,HARD,16.0
PER,17.0,KVY,225.7180555555551,HARD,17.0
PER,18.0,RAI,32.89555555555398,SOFT,18.0
PER,19.0,NOR,116.93527777778127,SOFT,22.0
PER,20.0,KVY,62.38694444444991,HARD,20.0
PER,21.0,RIC,243.44527777778603,SOFT,24.0
PER,22.0,HUL,217.05083333333278,HARD,22.0
PER,23.0,NOR,108.29999999999654,HARD,4.0
PER,24.0,NOR,292.9547222222236,HARD,5.0
PER,25.0,KVY,80.56111111110931,MEDIUM,4.0
PER,26.0,KVY,60.59805555555613,MEDIUM,5.0
PER,27.0,KVY,76.1958333333323,MEDIUM,6.0
PER,28.0,KVY,63.080833333342525,MEDIUM,7.0
PER,29.0,RAI,624.6341666666713,HARD,11.0
PER,30.0,RAI,586.9227777777787,HARD,12.0
PER,31.0,RAI,557.1749999999902,HARD,13.0
PER,32.0,RAI,483.0855555555563,HARD,14.0
PER,33.0,RAI,411.0055555555464,HARD,15.0
PER,34.0,RAI,285.9374999999918,HARD,16.0
PER,35.0,RAI,214.51333333333332,HARD,17.0
PER,36.0,RAI,148.50361111111124,HARD,18.0
PER,37.0,RAI,127.73944444443805,HARD,19.0
PER,38.0,RAI,95.99500000000353,HARD,20.0
PER,39.0,RAI,74.82472222221986,HARD,21.0
PER,40.0,ALB,246.4911111111105,MEDIUM,20.0
PER,41.0,ALB,137.09916666667596,SOFT,4.0
PER,42.0,ALB,380.66222222222314,SOFT,5.0
PER,43.0,GAS,403.8347222222201,HARD,24.0
PER,44.0,GAS,326.6797222222176,HARD,25.0
PER,45.0,GAS,249.04249999999774,HARD,26.0
PER,46.0,GAS,168.74694444444413,HARD,27.0
PER,47.0,GAS,108.8747222222355,HARD,28.0
PER,48.0,NOR,66.91472222222546,MEDIUM,6.0
PER,49.0,GAS,63.77861111110633,HARD,30.0
PER,50.0,GAS,136.35777777778003,HARD,31.0
PER,51.0,GAS,82.65583333332688,HARD,32.0
PER,52.0,VER,373.69638888887584,MEDIUM,18.0
PER,53.0,VER,522.9180555555513,MEDIUM,19.0
PER,54.0,HUL,163.47388888889236,SOFT,15.0
PER,55.0,NOR,1692.9494444444363,MEDIUM,13.0
RAI,1.0,GAS,48.365833333335104,SOFT,4.0
RAI,2.0,MAG,39.21944444444307,MEDIUM,2.0
RAI,3.0,MAG,56.59861111110877,MEDIUM,3.0
RAI,4.0,MAG,66.62972222222015,MEDIUM,4.0
RAI,5.0,MAG,79.95555555556166,MEDIUM,5.0
RAI,6.0,MAG,90.21166666665795,MEDIUM,6.0
RAI,7.0,MAG,59.00888888888403,MEDIUM,7.0
RAI,8.0,MAG,49.62138888888785,MEDIUM,8.0
RAI,9.0,SAI,245.04999999999472,SOFT,12.0
RAI,10.0,SAI,250.6852777777749,SOFT,13.0
RAI,11.0,SAI,227.89472222222048,SOFT,14.0
RAI,12.0,SAI,210.78083333332688,SOFT,15.0
RAI,13.0,SAI,187.7786111111127,SOFT,16.0
RAI,14.0,SAI,192.40972222221262,SOFT,17.0
RAI,15.0,SAI,179.5822222222132,SOFT,18.0
RAI,16.0,SAI,157.13583333332735,SOFT,19.0
RAI,17.0,SAI,153.44583333332866,SOFT,20.0
RAI,18.0,HUL,30.99888888888745,HARD,18.0
RAI,19.0,GRO,149.17027777778276,MEDIUM,19.0
RAI,20.0,ALB,66.14499999999862,MEDIUM,19.0
RAI,21.0,KVY,149.46194444445518,HARD,21.0
RAI,22.0,GAS,164.45416666667097,HARD,3.0
RAI,23.0,GAS,204.07972222222634,HARD,4.0
RAI,24.0,PER,88.7558333333318,MEDIUM,24.0
RAI,25.0,ALB,92.32083333333048,MEDIUM,5.0
RAI,26.0,ALB,254.2169444444471,MEDIUM,6.0
RAI,27.0,ALB,323.8716666666596,MEDIUM,7.0
RAI,28.0,GAS,264.3869444444399,HARD,9.0
RAI,29.0,GAS,315.92527777778014,HARD,10.0
RAI,30.0,GAS,333.51416666666773,HARD,11.0
RAI,31.0,GAS,363.97111111111826,HARD,12.0
RAI,32.0,GAS,340.1380555555461,HARD,13.0
RAI,33.0,GAS,371.01388888888323,HARD,14.0
RAI,34.0,GAS,424.85916666667526,HARD,15.0
RAI,35.0,GAS,427.94777777777836,HARD,16.0
RAI,36.0,GAS,392.7786111111109,HARD,17.0
RAI,37.0,GAS,376.1852777777749,HARD,18.0
RAI,38.0,GAS,397.3391666666603,HARD,19.0
RAI,39.0,GAS,416.33527777777545,HARD,20.0
RAI,40.0,PER,159.0338888888864,HARD,16.0
RAI,41.0,PER,1112.854722222216,HARD,17.0
RAI,42.0,HAM,346.5191666666642,HARD,18.0
RAI,43.0,HUL,57.20833333332939,SOFT,4.0
RAI,44.0,BOT,338.3591666666671,MEDIUM,9.0
RAI,45.0,BOT,548.913888888881,MEDIUM,10.0
RAI,46.0,VER,175.62083333333157,MEDIUM,12.0
RAI,47.0,HUL,141.7747222222206,SOFT,8.0
RAI,48.0,KVY,52.28055555555875,SOFT,9.0
RAI,49.0,KVY,174.07416666666177,SOFT,10.0
RAI,50.0,KVY,223.91277777777304,SOFT,11.0
RAI,51.0,KVY,263.9347222222232,SOFT,12.0
RAI,52.0,KVY,240.1183333333238,SOFT,13.0
RAI,53.0,KVY,306.67333333333045,SOFT,14.0
RAI,54.0,KVY,320.8183333333345,SOFT,15.0
RAI,55.0,NOR,1732.9680555555497,MEDIUM,13.0
RIC,1.0,NOR,53.794166666675665,SOFT,4.0
RIC,2.0,NOR,38.414999999999964,SOFT,5.0
RIC,3.0,NOR,45.83055555555438,SOFT,6.0
RIC,4.0,NOR,56.63527777778745,SOFT,7.0
RIC,5.0,NOR,43.384444444442124,SOFT,8.0
RIC,6.0,NOR,45.35194444443732,SOFT,9.0
RIC,7.0,NOR,46.42083333333085,SOFT,10.0
RIC,8.0,LEC,454.97500000000673,MEDIUM,11.0
RIC,9.0,LEC,459.70055555555973,MEDIUM,12.0
RIC,10.0,LEC,510.57500000000437,MEDIUM,13.0
RIC,11.0,LEC,547.0194444444469,MEDIUM,14.0
RIC,12.0,LEC,560.1480555555581,MEDIUM,15.0
RIC,13.0,VER,272.34361111111775,MEDIUM,16.0
RIC,14.0,VER,349.3302777777799,HARD,2.0
RIC,15.0,VER,550.0700000000088,HARD,3.0
RIC,16.0,LEC,552.2044444444418,MEDIUM,19.0
RIC,17.0,LEC,581.5444444444374,MEDIUM,20.0
RIC,18.0,LEC,593.4063888888841,MEDIUM,21.0
RIC,19.0,LEC,604.4666666666626,MEDIUM,22.0
RIC,20.0,VER,1332.5725000000102,HARD,8.0
RIC,21.0,VER,1587.4991666666601,HARD,9.0
RIC,22.0,PER,10.792499999993197,MEDIUM,22.0
RIC,23.0,HUL,109.42194444443976,HARD,23.0
RIC,24.0,LEC,555.9608333333326,HARD,4.0
RIC,25.0,LEC,623.3161111111076,HARD,5.0
RIC,26.0,LEC,672.2905555555581,HARD,6.0
RIC,27.0,LEC,735.8994444444406,HARD,7.0
RIC,28.0,LEC,784.7186111111159,HARD,8.0
RIC,29.0,LEC,832.1213888888951,HARD,9.0
RIC,30.0,LEC,979.9847222222234,HARD,10.0
RIC,31.0,LEC,1150.28361111111,HARD,11.0
RIC,32.0,LEC,1253.172499999997,HARD,12.0
RIC,33.0,LEC,1397.4824999999964,HARD,13.0
RIC,34.0,LEC,1492.768888888887,HARD,14.0
RIC,35.0,LEC,1554.9266666666654,HARD,15.0
RIC,36.0,LEC,1578.9152777777745,HARD,16.0
RIC,37.0,ALB,64.48583333333954,MEDIUM,17.0
RIC,38.0,ALB,124.52527777778505,MEDIUM,18.0
RIC,39.0,ALB,181.05694444443998,MEDIUM,19.0
RIC,40.0,ALB,22.403611111113605,MEDIUM,20.0
RIC,41.0,LEC,1786.0327777777784,HARD,21.0
RIC,42.0,LEC,559.0222222222201,HARD,22.0
RIC,43.0,LEC,632.2499999999945,SOFT,1.0
RIC,44.0,LEC,737.0447222222156,SOFT,2.0
RIC,45.0,LEC,819.5730555555529,SOFT,3.0
RIC,46.0,LEC,962.1938888888908,SOFT,4.0
RIC,47.0,LEC,1139.371944444446,SOFT,5.0
RIC,48.0,ALB,166.16333333333205,SOFT,11.0
RIC,49.0,ALB,224.72361111110695,SOFT,12.0
RIC,50.0,ALB,292.38305555556053,SOFT,13.0
RIC,51.0,ALB,349.9763888888856,SOFT,14.0
RIC,52.0,ALB,372.86750000000393,SOFT,15.0
RIC,53.0,ALB,391.9258333333264,SOFT,16.0
RIC,54.0,ALB,563.5977777777789,SOFT,17.0
RIC,55.0,ALB,639.5016666666615,SOFT,18.0
RIC,56.0,ALB,599.5602777777858,SOFT,19.0
RUS,1.0,KUB,70.63722222221895,MEDIUM,1.0
RUS,2.0,KUB,61.50499999999465,MEDIUM,2.0
RUS,3.0,KUB,46.53888888889742,MEDIUM,3.0
RUS,4.0,KUB,65.20638888889425,MEDIUM,4.0
RUS,5.0,KUB,57.232222222222845,MEDIUM,5.0
RUS,6.0,PER,400.80861111111244,MEDIUM,6.0
RUS,7.0,PER,380.2244444444459,MEDIUM,7.0
RUS,8.0,ALB,113.44888888888909,MEDIUM,7.0
RUS,9.0,STR,64.15805555555835,MEDIUM,9.0
RUS,10.0,ALB,484.0877777777778,MEDIUM,9.0
RUS,11.0,ALB,535.6469444444456,MEDIUM,10.0
RUS,12.0,GIO,564.3058333333374,MEDIUM,12.0
RUS,13.0,GIO,539.4613888888862,MEDIUM,13.0
RUS,14.0,GIO,515.7038888888901,MEDIUM,14.0
RUS,15.0,GIO,499.8038888888923,MEDIUM,15.0
RUS,16.0,GIO,514.6488888888971,MEDIUM,16.0
RUS,17.0,GIO,101.81166666666832,MEDIUM,17.0
RUS,18.0,MAG,124.13111111111903,MEDIUM,18.0
RUS,19.0,STR,434.9486111111164,HARD,10.0
RUS,20.0,ALB,481.3977777777809,MEDIUM,19.0
RUS,21.0,MAG,332.8916666666728,HARD,4.0
RUS,22.0,GIO,283.52750000000106,HARD,5.0
RUS,23.0,GIO,642.8027777777752,HARD,6.0
RUS,24.0,GRO,540.3838888888886,MEDIUM,24.0
RUS,25.0,GRO,426.6847222222232,HARD,2.0
RUS,26.0,GRO,398.04583333334085,HARD,3.0
RUS,27.0,GRO,515.7922222222214,HARD,4.0
RUS,28.0,HAM,299.7383333333373,HARD,4.0
RUS,29.0,GRO,401.724999999994,HARD,6.0
RUS,30.0,GRO,424.23055555555675,HARD,7.0
RUS,31.0,GRO,402.43972222222055,HARD,8.0
RUS,32.0,GRO,399.59388888890226,HARD,9.0
RUS,33.0,VER,344.00777777777694,HARD,21.0
RUS,34.0,GRO,345.7925000000032,HARD,11.0
RUS,35.0,GRO,396.49249999999756,HARD,12.0
RUS,36.0,GRO,436.48555555555413,HARD,13.0
RUS,37.0,GRO,466.5875000000051,HARD,14.0
RUS,38.0,GRO,618.6619444444468,HARD,15.0
RUS,39.0,LEC,320.01500000000124,HARD,19.0
RUS,40.0,LEC,404.6955555555596,HARD,20.0
RUS,41.0,MAG,637.3749999999955,SOFT,1.0
RUS,42.0,GRO,660.432222222219,HARD,19.0
RUS,43.0,GRO,681.9730555555552,HARD,20.0
RUS,44.0,GRO,764.6416666666701,HARD,21.0
RUS,45.0,GRO,1011.1224999999995,HARD,22.0
RUS,46.0,LEC,720.0872222222215,SOFT,4.0
RUS,47.0,LEC,2226.964166666672,SOFT,5.0
RUS,48.0,PER,42.5644444444506,HARD,24.0
RUS,49.0,PER,77.27611111111582,HARD,25.0
RUS,50.0,PER,65.83250000000226,HARD,26.0
RUS,51.0,GAS,75.61750000000302,HARD,32.0
RUS,52.0,PER,615.2016666666677,HARD,28.0
RUS,53.0,RAI,189.00333333332765,SOFT,13.0
RUS,54.0,NOR,1848.8911111111047,MEDIUM,12.0
SAI,1.0,MAG,9.536944444444998,MEDIUM,1.0
SAI,2.0,GAS,76.836388888898,SOFT,5.0
SAI,3.0,GAS,79.10916666666708,SOFT,6.0
SAI,4.0,GAS,78.5225000000055,SOFT,7.0
SAI,5.0,GAS,107.56333333332623,SOFT,8.0
SAI,6.0,GAS,137.54638888889713,SOFT,9.0
SAI,7.0,GAS,143.84944444444682,SOFT,10.0
SAI,8.0,GAS,135.0516666666681,SOFT,11.0
SAI,9.0,GAS,128.1452777777704,SOFT,12.0
SAI,10.0,GAS,111.22194444443994,SOFT,13.0
SAI,11.0,GAS,100.14749999999822,SOFT,14.0
SAI,12.0,GAS,105.63916666666773,SOFT,15.0
SAI,13.0,GAS,124.87138888889422,SOFT,16.0
SAI,14.0,GAS,126.14861111111531,SOFT,17.0
SAI,15.0,GAS,150.69722222222845,SOFT,18.0
SAI,16.0,GAS,161.2958333333354,SOFT,19.0
SAI,17.0,GAS,186.97638888888832,SOFT,20.0
SAI,18.0,GAS,263.04583333333085,SOFT,21.0
SAI,19.0,GAS,242.31666666667115,SOFT,22.0
SAI,20.0,NOR,293.24055555555424,HARD,1.0
SAI,21.0,KVY,60.068888888894435,HARD,21.0
SAI,22.0,NOR,395.9297222222176,HARD,3.0
SAI,23.0,PER,209.59194444444438,MEDIUM,23.0
SAI,24.0,NOR,333.3533333333362,HARD,5.0
SAI,25.0,HUL,111.13527777777381,HARD,25.0
SAI,26.0,NOR,330.38305555555417,HARD,7.0
SAI,27.0,NOR,379.37805555555315,HARD,8.0
SAI,28.0,NOR,434.66416666666646,HARD,9.0
SAI,29.0,NOR,434.6516666666639,HARD,10.0
SAI,30.0,NOR,357.7713888888902,HARD,11.0
SAI,31.0,ALB,115.31777777777825,MEDIUM,11.0
SAI,32.0,ALB,246.6347222222239,MEDIUM,12.0
SAI,33.0,ALB,330.9883333333346,MEDIUM,13.0
SAI,34.0,ALB,384.93888888888887,MEDIUM,14.0
SAI,35.0,NOR,286.82750000000306,HARD,16.0
SAI,36.0,NOR,256.433055555558,HARD,17.0
SAI,37.0,NOR,248.83277777777403,HARD,18.0
SAI,38.0,NOR,227.70666666666693,HARD,19.0
SAI,39.0,NOR,190.7447222222254,HARD,20.0
SAI,40.0,ALB,53.57666666666228,MEDIUM,20.0
SAI,41.0,NOR,126.28222222222757,HARD,22.0
SAI,42.0,RIC,466.7411111111169,HARD,21.0
SAI,43.0,RIC,455.1630555555621,HARD,22.0
SAI,44.0,RIC,446.98194444445016,HARD,23.0
SAI,45.0,ALB,166.5944444444458,SOFT,8.0
SAI,46.0,ALB,396.0450000000037,SOFT,9.0
SAI,47.0,ALB,560.8158333333386,SOFT,10.0
SAI,48.0,RIC,561.4366666666683,HARD,27.0
SAI,49.0,RIC,589.9877777777783,HARD,28.0
SAI,50.0,RIC,619.7625000000035,HARD,29.0
SAI,51.0,RIC,651.5847222222274,HARD,30.0
SAI,52.0,NOR,251.23833333333005,MEDIUM,10.0
SAI,53.0,NOR,474.24694444444685,MEDIUM,11.0
SAI,54.0,NOR,671.4686111111077,MEDIUM,12.0
SAI,55.0,NOR,1024.9241666666603,MEDIUM,13.0
STR,1.0,KUB,5.50999999999749,MEDIUM,1.0
STR,2.0,GIO,71.8419444444462,MEDIUM,2.0
STR,3.0,GIO,96.25277777777592,MEDIUM,3.0
STR,4.0,GIO,75.89305555554893,MEDIUM,4.0
STR,5.0,GIO,85.70055555555246,MEDIUM,5.0
STR,6.0,GIO,90.50805555555962,MEDIUM,6.0
STR,7.0,GIO,74.91750000000411,MEDIUM,7.0
STR,8.0,GIO,78.41750000000047,MEDIUM,8.0
STR,9.0,PER,75.1627777777694,MEDIUM,9.0
STR,10.0,KUB,343.68805555555264,MEDIUM,10.0
STR,11.0,RUS,648.2855555555552,MEDIUM,11.0
STR,12.0,RUS,597.972499999998,MEDIUM,12.0
STR,13.0,RUS,519.9608333333335,MEDIUM,13.0
STR,14.0,RUS,386.55833333332794,MEDIUM,14.0
STR,15.0,RUS,262.2077777777731,MEDIUM,15.0
STR,16.0,RUS,126.28583333332699,MEDIUM,16.0
STR,17.0,RUS,45.42166666666435,MEDIUM,17.0
STR,18.0,RAI,372.42166666666526,SOFT,18.0
STR,19.0,RAI,483.4405555555595,HARD,1.0
STR,20.0,ALB,200.7416666666595,MEDIUM,19.0
STR,21.0,GRO,84.06138888889836,MEDIUM,21.0
STR,22.0,ALB,100.33472222222645,MEDIUM,2.0
STR,23.0,ALB,277.4574999999995,MEDIUM,3.0
STR,24.0,PER,158.77305555555995,MEDIUM,24.0
STR,25.0,RAI,517.4591666666638,HARD,7.0
STR,26.0,RAI,516.0369444444359,HARD,8.0
STR,27.0,RAI,536.5938888888932,HARD,9.0
STR,28.0,RAI,583.7102777777809,HARD,10.0
STR,29.0,KVY,14.42722222223074,MEDIUM,8.0
STR,30.0,GIO,588.2619444444445,HARD,13.0
STR,31.0,BOT,428.5458333333281,HARD,17.0
STR,32.0,BOT,359.54111111110615,HARD,18.0
STR,33.0,GIO,255.7552777777746,HARD,16.0
STR,34.0,GIO,184.74833333333572,HARD,17.0
STR,35.0,GIO,114.0533333333351,HARD,18.0
STR,36.0,GIO,87.80777777777166,HARD,19.0
STR,37.0,GIO,92.26527777777937,HARD,20.0
STR,38.0,MAG,131.25277777776955,HARD,21.0
STR,39.0,MAG,89.76750000000084,HARD,22.0
STR,40.0,KVY,365.5538888888859,SOFT,1.0
STR,41.0,KVY,603.8200000000033,SOFT,2.0
STR,42.0,VER,400.03999999999724,MEDIUM,8.0
STR,43.0,VER,545.8413888888899,MEDIUM,9.0
STR,44.0,KVY,581.0874999999969,SOFT,5.0
STR,45.0,KVY,617.9636111111049,SOFT,6.0
STR,46.0,KVY,637.6613888888887,SOFT,7.0
STR,47.0,KVY,655.3961111111121,SOFT,8.0
STR,48.0,RAI,634.6980555555474,SOFT,8.0
STR,49.0,RAI,666.4777777777808,SOFT,9.0
STR,50.0,RAI,724.1402777777785,SOFT,10.0
STR,51.0,RAI,850.4747222222259,SOFT,11.0
STR,52.0,RAI,941.8888888889014,SOFT,12.0
STR,53.0,RAI,980.8788888888803,SOFT,13.0
STR,54.0,RAI,1136.9836111111044,SOFT,14.0
STR,55.0,NOR,2874.047777777775,MEDIUM,13.0
VER,1.0,BOT,53.10833333333812,MEDIUM,4.0
VER,2.0,BOT,77.101111111112,MEDIUM,5.0
VER,3.0,BOT,89.95833333333667,MEDIUM,6.0
VER,4.0,BOT,104.01833333332888,MEDIUM,7.0
VER,5.0,BOT,122.5169444444482,MEDIUM,8.0
VER,6.0,BOT,119.82027777777239,MEDIUM,9.0
VER,7.0,BOT,134.26750000000538,MEDIUM,10.0
VER,8.0,BOT,122.27555555555682,MEDIUM,11.0
VER,9.0,BOT,129.1461111111057,MEDIUM,12.0
VER,10.0,BOT,131.76166666666268,MEDIUM,13.0
VER,11.0,BOT,172.23249999999916,MEDIUM,14.0
VER,12.0,BOT,198.9397222222242,MEDIUM,15.0
VER,13.0,HAM,36.338333333339506,MEDIUM,16.0
VER,14.0,BOT,263.93472222222135,MEDIUM,17.0
VER,15.0,BOT,140.4555555555471,HARD,1.0
VER,16.0,BOT,220.5011111111071,HARD,2.0
VER,17.0,BOT,266.61027777777053,HARD,3.0
VER,18.0,BOT,334.47722222222455,HARD,4.0
VER,19.0,BOT,400.00166666667064,HARD,5.0
VER,20.0,BOT,407.29888888888036,HARD,6.0
VER,21.0,BOT,479.08111111111884,HARD,7.0
VER,22.0,BOT,454.0066666666671,HARD,8.0
VER,23.0,BOT,386.9061111111105,HARD,9.0
VER,24.0,BOT,375.7502777777818,HARD,10.0
VER,25.0,BOT,400.48888888889087,HARD,11.0
VER,26.0,BOT,425.90166666666664,HARD,12.0
VER,27.0,BOT,453.81055555555486,HARD,13.0
VER,28.0,BOT,455.189166666667,HARD,14.0
VER,29.0,BOT,471.6633333333366,HARD,15.0
VER,30.0,BOT,497.005000000011,HARD,16.0
VER,31.0,BOT,519.2402777777788,HARD,17.0
VER,32.0,BOT,543.4244444444412,HARD,18.0
VER,33.0,BOT,500.04611111111444,HARD,19.0
VER,34.0,BOT,590.5916666666672,HARD,20.0
VER,35.0,BOT,400.98972222223256,HARD,21.0
VER,36.0,BOT,359.79583333332994,MEDIUM,1.0
VER,37.0,BOT,496.5013888888907,MEDIUM,2.0
VER,38.0,BOT,453.21472222222565,MEDIUM,3.0
VER,39.0,BOT,393.91916666666384,MEDIUM,4.0
VER,40.0,BOT,455.457500000005,MEDIUM,5.0
VER,41.0,BOT,474.3461111111037,MEDIUM,6.0
VER,42.0,BOT,415.90138888888487,MEDIUM,7.0
VER,43.0,BOT,412.4369444444483,MEDIUM,8.0
VER,44.0,BOT,452.68416666666326,MEDIUM,9.0
VER,45.0,BOT,459.35444444445056,MEDIUM,10.0
VER,46.0,BOT,439.65833333333467,MEDIUM,11.0
VER,47.0,BOT,411.60888888888076,MEDIUM,12.0
VER,48.0,BOT,416.43805555555537,MEDIUM,13.0
VER,49.0,BOT,394.97861111111706,MEDIUM,14.0
VER,50.0,BOT,331.5552777777757,MEDIUM,15.0
VER,51.0,BOT,246.94666666667763,MEDIUM,16.0
VER,52.0,HAM,267.87833333333583,HARD,28.0
VER,53.0,HAM,153.05361111111688,HARD,29.0
VER,54.0,HAM,80.43027777778389,HARD,30.0
VER,55.0,HAM,71.17583333333187,HARD,31.0
VER,56.0,HAM,53.96249999999873,HARD,32.0
VET,1.0,GAS,9.001666666662459,SOFT,4.0
VET,2.0,RIC,57.651666666663914,SOFT,5.0
VET,3.0,RIC,70.31888888888443,SOFT,6.0
VET,4.0,RIC,63.44083333333492,SOFT,7.0
VET,5.0,RIC,44.704444444438195,SOFT,8.0
VET,6.0,RIC,59.57972222221906,SOFT,9.0
VET,7.0,RIC,52.88694444445082,SOFT,10.0
VET,8.0,RUS,249617.54250000065,MEDIUM,8.0
