Driver,LapNumber,ahead_driver,distance_to_ahead_m,ahead_compound,ahead_tyre_age,TyreLife,Compound,is_pit_in,approx_gap_s,tyre_age_gap,in_pit_decision_window,undercut_opportunity
ALB,1.0,STR,68.64944444444791,SOFT,4.0,1.0,SOFT,False,0.8271017402945531,-3.0,False,False
ALB,2.0,OCO,37.85916666666617,SOFT,5.0,2.0,SOFT,False,0.45613453815260446,-3.0,False,False
ALB,3.0,OCO,50.025277777777774,SOFT,6.0,3.0,SOFT,False,0.6027141900937081,-3.0,False,False
ALB,4.0,OCO,84.83333333333485,SOFT,7.0,4.0,SOFT,False,1.0220883534136729,-3.0,False,False
ALB,5.0,OCO,111.998888888892,SOFT,8.0,5.0,SOFT,False,1.3493842034806265,-3.0,False,False
ALB,6.0,OCO,139.77249999999822,SOFT,9.0,6.0,SOFT,False,1.6840060240963641,-3.0,False,False
ALB,7.0,OCO,140.5955555555529,SOFT,10.0,7.0,SOFT,False,1.6939223560909986,-3.0,False,False
ALB,8.0,OCO,179.83916666666755,SOFT,11.0,8.0,SOFT,False,2.1667369477911755,-3.0,True,False
ALB,9.0,OCO,206.2455555555516,SOFT,12.0,9.0,SOFT,False,2.48488621151267,-3.0,True,False
ALB,10.0,OCO,218.3069444444436,SOFT,13.0,10.0,SOFT,False,2.6302041499330553,-3.0,True,False
ALB,11.0,SAR,38.85166666666373,SOFT,11.0,11.0,SOFT,True,0.4680923694778763,0.0,True,False
ALB,12.0,ZHO,192.41166666666504,SOFT,12.0,1.0,SOFT,False,2.318212851405603,-11.0,False,False
ALB,13.0,RUS,362.43194444443634,SOFT,16.0,2.0,SOFT,False,4.366649933065498,-14.0,False,False
ALB,14.0,MAG,286.04388888889025,HARD,14.0,3.0,SOFT,False,3.446311914323979,-11.0,False,False
ALB,15.0,STR,369.270833333344,SOFT,18.0,4.0,SOFT,False,4.4490461847390845,-14.0,False,False
ALB,16.0,STR,187.48999999999344,HARD,1.0,5.0,SOFT,False,2.2589156626505233,4.0,False,False
ALB,17.0,STR,311.8074999999935,HARD,2.0,6.0,SOFT,False,3.7567168674698017,4.0,False,False
ALB,18.0,STR,415.9133333333384,HARD,3.0,7.0,SOFT,False,5.0110040160643186,4.0,False,False
ALB,19.0,STR,504.1772222222244,HARD,4.0,8.0,SOFT,False,6.074424364123185,4.0,False,False
ALB,20.0,BOT,393.7769444444439,HARD,9.0,9.0,SOFT,False,4.744300535475228,0.0,False,False
ALB,21.0,BOT,384.76111111111095,HARD,10.0,10.0,SOFT,False,4.635676037483265,0.0,False,False
ALB,22.0,BOT,415.8791666666602,HARD,11.0,11.0,SOFT,False,5.010592369477833,0.0,False,False
ALB,23.0,BOT,456.55000000000655,HARD,12.0,12.0,SOFT,False,5.500602409638633,0.0,True,False
ALB,24.0,BOT,510.4699999999975,HARD,13.0,13.0,SOFT,False,6.150240963855392,0.0,True,False
ALB,25.0,BOT,517.7919444444451,HARD,14.0,14.0,SOFT,False,6.238457161981266,0.0,True,False
ALB,26.0,TSU,11.418611111113025,HARD,16.0,15.0,SOFT,True,0.13757362784473523,-1.0,True,False
ALB,27.0,DEV,177.12416666666468,HARD,16.0,1.0,HARD,False,2.1340261044176465,-15.0,False,False
ALB,28.0,MAG,308.9827777777746,HARD,13.0,2.0,HARD,False,3.722684069611742,-11.0,False,False
ALB,29.0,BOT,396.267777777779,HARD,18.0,3.0,HARD,False,4.774310575635892,-15.0,False,False
ALB,30.0,SAR,184.33888888889211,SOFT,18.0,4.0,HARD,False,2.220950468540869,-14.0,False,False
ALB,31.0,BOT,346.39166666666733,HARD,2.0,5.0,HARD,False,4.173393574297196,3.0,False,False
ALB,32.0,ZHO,103.9350000000086,HARD,20.0,6.0,HARD,False,1.2522289156627542,-14.0,False,False
ALB,33.0,BOT,399.3041666666632,HARD,4.0,7.0,HARD,False,4.810893574297147,3.0,False,False
ALB,34.0,BOT,405.3149999999923,HARD,5.0,8.0,HARD,False,4.883313253011956,3.0,False,False
ALB,35.0,BOT,405.5483333333359,HARD,6.0,9.0,HARD,False,4.886124497991998,3.0,False,False
ALB,36.0,BOT,456.70583333333707,HARD,7.0,10.0,HARD,False,5.50247991967876,3.0,False,False
ALB,37.0,BOT,480.9455555555624,HARD,8.0,11.0,HARD,False,5.794524765729667,3.0,True,True
ALB,38.0,BOT,537.7808333333369,HARD,9.0,12.0,HARD,False,6.479287148594421,3.0,True,True
ALB,39.0,BOT,566.2902777777763,HARD,10.0,13.0,HARD,False,6.822774431057546,3.0,True,True
ALB,40.0,GAS,2.763055555554274,HARD,15.0,14.0,HARD,True,0.033289825970533427,-1.0,True,False
ALB,41.0,BOT,1158.0908333333382,HARD,12.0,1.0,SOFT,False,13.952901606425762,-11.0,False,False
ALB,42.0,GAS,175.43194444444907,SOFT,2.0,2.0,SOFT,False,2.1136378848728805,0.0,False,False
ALB,43.0,GAS,276.5161111111156,SOFT,3.0,3.0,SOFT,False,3.3315194109772963,0.0,False,False
ALB,44.0,GAS,424.0847222222183,SOFT,4.0,4.0,SOFT,False,5.10945448460504,0.0,False,False
ALB,45.0,GAS,512.7755555555559,SOFT,5.0,5.0,SOFT,False,6.1780187416332035,0.0,False,False
ALB,46.0,GAS,646.255277777781,SOFT,6.0,6.0,SOFT,False,7.786208165997361,0.0,False,False
ALB,47.0,GAS,701.6911111111085,SOFT,7.0,7.0,SOFT,False,8.454109772422994,0.0,False,False
ALB,48.0,GAS,744.8774999999996,SOFT,8.0,8.0,SOFT,False,8.974427710843369,0.0,False,False
ALB,49.0,GAS,751.2563888888963,SOFT,9.0,9.0,SOFT,False,9.051281793842124,0.0,False,False
ALB,50.0,GAS,794.5694444444462,SOFT,10.0,10.0,SOFT,False,9.573125836680074,0.0,False,False
ALB,51.0,GAS,796.8049999999976,SOFT,11.0,11.0,SOFT,False,9.600060240963826,0.0,False,False
ALB,52.0,GAS,843.8111111111057,SOFT,12.0,12.0,SOFT,False,10.166398929049466,0.0,False,False
ALB,53.0,GAS,861.5111111111173,SOFT,13.0,13.0,SOFT,False,10.3796519410978,0.0,False,False
ALB,54.0,GAS,912.7911111111134,SOFT,14.0,14.0,SOFT,False,10.997483266398957,0.0,False,False
ALB,55.0,GAS,915.542500000004,SOFT,15.0,15.0,SOFT,False,11.03063253012053,0.0,False,False
ALB,56.0,GAS,921.0750000000036,SOFT,16.0,16.0,SOFT,False,11.09728915662655,0.0,False,False
ALB,57.0,GAS,1021.5386111111128,SOFT,17.0,17.0,SOFT,False,12.307694109772443,0.0,False,False
ALO,1.0,BOT,18.05138888889087,SOFT,1.0,4.0,SOFT,False,0.21748661311916712,3.0,False,False
ALO,2.0,RUS,114.29833333333409,SOFT,5.0,5.0,SOFT,False,1.3770883534136638,0.0,False,False
ALO,3.0,RUS,94.51333333333967,SOFT,6.0,6.0,SOFT,False,1.1387148594378274,0.0,False,False
ALO,4.0,RUS,129.4852777777778,SOFT,7.0,7.0,SOFT,False,1.56006358768407,0.0,False,False
ALO,5.0,RUS,130.20722222222048,SOFT,8.0,8.0,SOFT,False,1.5687617135207286,0.0,False,False
ALO,6.0,RUS,159.76111111110183,SOFT,9.0,9.0,SOFT,False,1.9248326639891786,0.0,False,False
ALO,7.0,RUS,128.501666666667,SOFT,10.0,10.0,SOFT,False,1.5482128514056266,0.0,False,False
ALO,8.0,RUS,122.45055555556064,SOFT,11.0,11.0,SOFT,False,1.4753078982597667,0.0,False,False
ALO,9.0,RUS,69.06750000000102,SOFT,12.0,12.0,SOFT,False,0.8321385542168798,0.0,False,False
ALO,10.0,RUS,67.57972222221815,SOFT,13.0,13.0,SOFT,False,0.8142135207496163,0.0,False,False
ALO,11.0,RUS,68.65527777778243,SOFT,14.0,14.0,SOFT,False,0.8271720214190654,0.0,True,False
ALO,12.0,HAM,40.50972222221844,SOFT,15.0,15.0,SOFT,False,0.4880689424363668,0.0,True,False
ALO,13.0,SAI,77.0041666666666,SOFT,16.0,16.0,SOFT,False,0.9277610441767061,0.0,True,False
ALO,14.0,STR,15.2402777777761,SOFT,17.0,17.0,SOFT,True,0.18361780455151927,0.0,True,False
ALO,15.0,BOT,112.3025000000016,HARD,4.0,1.0,HARD,False,1.353042168674718,-3.0,False,False
ALO,16.0,BOT,53.72666666665919,HARD,5.0,2.0,HARD,False,0.6473092369477011,-3.0,False,False
ALO,17.0,HAM,368.6783333333351,HARD,5.0,3.0,HARD,False,4.44190763052211,-2.0,False,False
ALO,18.0,HAM,332.5183333333398,HARD,6.0,4.0,HARD,False,4.006244979919757,-2.0,False,False
ALO,19.0,HAM,282.6722222222261,HARD,7.0,5.0,HARD,False,3.4056894243641698,-2.0,False,False
ALO,20.0,HAM,299.64694444444194,HARD,8.0,6.0,HARD,False,3.6102041499330353,-2.0,False,False
ALO,21.0,HAM,277.8013888888918,HARD,9.0,7.0,HARD,False,3.3470046854083346,-2.0,False,False
ALO,22.0,HAM,242.46972222221663,HARD,10.0,8.0,HARD,False,2.921321954484538,-2.0,False,False
ALO,23.0,HAM,206.2666666666628,HARD,11.0,9.0,HARD,False,2.485140562248949,-2.0,False,False
ALO,24.0,HAM,149.52583333333223,HARD,12.0,10.0,HARD,False,1.8015160642570147,-2.0,False,False
ALO,25.0,HAM,154.59888888888872,HARD,13.0,11.0,HARD,False,1.8626372155287798,-2.0,False,False
ALO,26.0,HAM,155.81361111110073,HARD,14.0,12.0,HARD,False,1.87727242302531,-2.0,False,False
ALO,27.0,HAM,183.5675000000001,HARD,15.0,13.0,HARD,False,2.2116566265060253,-2.0,False,False
ALO,28.0,HAM,165.74222222221397,HARD,16.0,14.0,HARD,False,1.996894243641132,-2.0,False,False
ALO,29.0,HAM,164.5927777777788,HARD,17.0,15.0,HARD,False,1.9830455153949251,-2.0,False,False
ALO,30.0,SAI,452.8441666666722,HARD,17.0,16.0,HARD,False,5.455953815261111,-1.0,False,False
ALO,31.0,SAI,32.867222222217606,HARD,18.0,17.0,HARD,False,0.39599062918334466,-1.0,True,False
ALO,32.0,LEC,905.0827777777776,HARD,19.0,18.0,HARD,False,10.90461178045515,-1.0,True,False
ALO,33.0,LEC,164.26111111111368,HARD,20.0,19.0,HARD,False,1.979049531459201,-1.0,True,False
ALO,34.0,PER,396.6927777777792,SOFT,19.0,20.0,HARD,True,4.779431057563605,1.0,True,False
ALO,35.0,HAM,73.00750000000698,HARD,5.0,1.0,HARD,False,0.879608433735024,-4.0,False,False
ALO,36.0,HAM,61.808333333331575,HARD,6.0,2.0,HARD,False,0.7446787148594166,-4.0,False,False
ALO,37.0,HAM,59.62388888888836,HARD,7.0,3.0,HARD,False,0.7183601070950405,-4.0,False,False
ALO,38.0,SAI,252.4488888888891,HARD,7.0,4.0,HARD,False,3.041552878179387,-3.0,False,False
ALO,39.0,SAI,189.04555555555544,HARD,8.0,5.0,HARD,False,2.2776572958500654,-3.0,False,False
ALO,40.0,SAI,176.32138888889403,HARD,9.0,6.0,HARD,False,2.1243540829987233,-3.0,False,False
ALO,41.0,SAI,195.73916666666355,HARD,10.0,7.0,HARD,False,2.358303212851368,-3.0,False,False
ALO,42.0,SAI,125.31361111110346,HARD,11.0,8.0,HARD,False,1.5098025435072706,-3.0,False,False
ALO,43.0,SAI,87.82194444444121,HARD,12.0,9.0,HARD,False,1.0580957161980868,-3.0,False,False
ALO,44.0,SAI,76.251666666667,HARD,13.0,10.0,HARD,False,0.9186947791164699,-3.0,False,False
ALO,45.0,PER,1545.385555555555,HARD,11.0,11.0,HARD,False,18.61910307898259,0.0,False,False
ALO,46.0,PER,1530.899444444448,HARD,12.0,12.0,HARD,False,18.444571619812624,0.0,False,False
ALO,47.0,PER,1529.5416666666697,HARD,13.0,13.0,HARD,False,18.428212851405657,0.0,False,False
ALO,48.0,PER,1544.4388888888843,HARD,14.0,14.0,HARD,False,18.60769745649258,0.0,False,False
ALO,49.0,PER,1517.3383333333322,HARD,15.0,15.0,HARD,False,18.28118473895581,0.0,False,False
ALO,50.0,PER,1475.0641666666695,HARD,16.0,16.0,HARD,False,17.77185742971891,0.0,False,False
ALO,51.0,PER,1455.0766666666632,HARD,17.0,17.0,HARD,False,17.531044176706786,0.0,False,False
ALO,52.0,PER,1450.3986111111162,HARD,18.0,18.0,HARD,False,17.474682061579713,0.0,False,False
ALO,53.0,PER,1438.2202777777802,HARD,19.0,19.0,HARD,False,17.32795515394916,0.0,False,False
ALO,54.0,PER,1471.7263888888892,HARD,20.0,20.0,HARD,False,17.73164323962517,0.0,False,False
ALO,55.0,PER,1491.2872222222177,HARD,21.0,21.0,HARD,False,17.967315930388164,0.0,False,False
ALO,56.0,PER,1526.860555555555,HARD,22.0,22.0,HARD,False,18.395910307898255,0.0,False,False
ALO,57.0,PER,1611.0519444444476,HARD,23.0,23.0,HARD,False,19.41026439089696,0.0,False,False
BOT,1.0,RUS,75.50888888888767,SOFT,4.0,1.0,SOFT,False,0.9097456492637068,-3.0,False,False
BOT,2.0,ALO,47.64277777777079,SOFT,5.0,2.0,SOFT,False,0.5740093708165155,-3.0,False,False
BOT,3.0,ALO,72.97166666665726,SOFT,6.0,3.0,SOFT,False,0.8791767068271958,-3.0,False,False
BOT,4.0,ALO,85.43583333333663,SOFT,7.0,4.0,SOFT,False,1.0293473895582728,-3.0,False,False
BOT,5.0,STR,101.02055555555398,SOFT,8.0,5.0,SOFT,False,1.217115127175349,-3.0,False,False
BOT,6.0,STR,158.80916666666326,SOFT,9.0,6.0,SOFT,False,1.91336345381522,-3.0,False,False
BOT,7.0,STR,210.9736111111124,SOFT,10.0,7.0,SOFT,False,2.541850736278463,-3.0,False,False
BOT,8.0,STR,229.38416666667217,SOFT,11.0,8.0,SOFT,False,2.7636646586346045,-3.0,True,False
BOT,9.0,STR,252.898888888888,SOFT,12.0,9.0,SOFT,False,3.0469745649263613,-3.0,True,False
BOT,10.0,STR,269.8547222222287,SOFT,13.0,10.0,SOFT,False,3.2512617135208277,-3.0,True,False
BOT,11.0,STR,502.66416666666737,SOFT,14.0,11.0,SOFT,True,6.056194779116474,-3.0,True,False
BOT,12.0,ZHO,83.8233333333419,SOFT,12.0,1.0,HARD,False,1.0099196787149627,-11.0,False,False
BOT,13.0,MAG,28.66861111110484,HARD,13.0,2.0,HARD,False,0.34540495314584146,-11.0,False,False
BOT,14.0,ALO,264.5352777777798,SOFT,17.0,3.0,HARD,False,3.187172021419034,-14.0,False,False
BOT,15.0,HAM,385.2327777777755,HARD,3.0,4.0,HARD,False,4.641358768406934,1.0,False,False
BOT,16.0,HAM,368.329166666671,HARD,4.0,5.0,HARD,False,4.437700803212903,1.0,False,False
BOT,17.0,ALO,100.23777777777376,HARD,3.0,6.0,HARD,False,1.207684069611732,3.0,False,False
BOT,18.0,RUS,132.9713888888964,HARD,5.0,7.0,HARD,False,1.6020649263722457,2.0,False,False
BOT,19.0,RUS,208.16333333333387,HARD,6.0,8.0,HARD,False,2.5079919678714924,2.0,False,False
BOT,20.0,STR,166.95083333333696,HARD,5.0,9.0,HARD,False,2.0114558232932165,4.0,False,False
BOT,21.0,STR,246.01805555555163,HARD,6.0,10.0,HARD,False,2.964072958500622,4.0,False,False
BOT,22.0,STR,308.3633333333355,HARD,7.0,11.0,HARD,False,3.7152208835341627,4.0,False,False
BOT,23.0,STR,395.0166666666628,HARD,8.0,12.0,HARD,False,4.759236947791118,4.0,False,False
BOT,24.0,STR,451.1025000000009,HARD,9.0,13.0,HARD,False,5.434969879518083,4.0,False,False
BOT,25.0,STR,560.2880555555494,HARD,10.0,14.0,HARD,False,6.75045850066927,4.0,False,False
BOT,26.0,STR,631.5755555555515,HARD,11.0,15.0,HARD,False,7.609344042837971,4.0,True,True
BOT,27.0,STR,684.0197222222232,HARD,12.0,16.0,HARD,False,8.241201472556906,4.0,True,True
BOT,28.0,STR,683.7133333333313,HARD,13.0,17.0,HARD,False,8.237510040160618,4.0,True,True
BOT,29.0,STR,724.033611111121,HARD,14.0,18.0,HARD,True,8.723296519411097,4.0,True,True
BOT,30.0,SAR,94.49527777778805,SOFT,18.0,1.0,HARD,False,1.1384973226239523,-17.0,False,False
BOT,31.0,ZHO,315.51416666667046,HARD,19.0,2.0,HARD,False,3.801375502008078,-17.0,False,False
BOT,32.0,RUS,728.9008333333322,HARD,1.0,3.0,HARD,False,8.781937751004003,2.0,False,False
BOT,33.0,RUS,727.1650000000091,HARD,2.0,4.0,HARD,False,8.76102409638565,2.0,False,False
BOT,34.0,RUS,722.3830555555587,HARD,3.0,5.0,HARD,False,8.703410307898297,2.0,False,False
BOT,35.0,RUS,752.1741666666694,HARD,4.0,6.0,HARD,False,9.062339357429751,2.0,False,False
BOT,36.0,RUS,736.9013888888894,HARD,5.0,7.0,HARD,False,8.878329986613126,2.0,False,False
BOT,37.0,RUS,718.0205555555513,HARD,6.0,8.0,HARD,False,8.650850066934353,2.0,False,False
BOT,38.0,RUS,726.1041666666688,HARD,7.0,9.0,HARD,False,8.748242971887576,2.0,False,False
BOT,39.0,RUS,740.8280555555548,HARD,8.0,10.0,HARD,False,8.925639223560902,2.0,False,False
BOT,40.0,RUS,930.9072222222276,HARD,9.0,11.0,HARD,False,11.215749665328042,2.0,False,False
BOT,41.0,RUS,775.8758333333299,HARD,10.0,12.0,HARD,False,9.34790160642566,2.0,False,False
BOT,42.0,RUS,800.439999999996,HARD,11.0,13.0,HARD,False,9.643855421686698,2.0,False,False
BOT,43.0,RUS,792.1549999999997,HARD,12.0,14.0,HARD,False,9.54403614457831,2.0,False,False
BOT,44.0,RUS,800.0725000000011,HARD,13.0,15.0,HARD,False,9.639427710843387,2.0,False,False
BOT,45.0,RUS,824.5588888888933,HARD,14.0,16.0,HARD,False,9.934444444444498,2.0,False,False
BOT,46.0,RUS,845.9916666666668,HARD,15.0,17.0,HARD,False,10.192670682730926,2.0,False,False
BOT,47.0,RUS,860.9205555555527,HARD,16.0,18.0,HARD,False,10.372536813922322,2.0,False,False
BOT,48.0,RUS,865.574444444439,HARD,17.0,19.0,HARD,False,10.428607764390831,2.0,False,False
BOT,49.0,RUS,870.8611111111013,HARD,18.0,20.0,HARD,False,10.492302543507245,2.0,False,False
BOT,50.0,RUS,878.0324999999957,HARD,19.0,21.0,HARD,False,10.578704819277057,2.0,False,False
BOT,51.0,RUS,872.2972222222179,HARD,20.0,22.0,HARD,False,10.509605087014673,2.0,False,False
BOT,52.0,RUS,897.8461111111055,HARD,21.0,23.0,HARD,False,10.817423025435007,2.0,False,False
BOT,53.0,RUS,882.4863888888904,HARD,22.0,24.0,HARD,False,10.63236613119145,2.0,False,False
BOT,54.0,RUS,879.400277777776,HARD,23.0,25.0,HARD,False,10.595184069611758,2.0,False,False
BOT,55.0,RUS,883.6400000000003,HARD,24.0,26.0,HARD,False,10.646265060240967,2.0,False,False
BOT,56.0,RUS,902.1544444444398,HARD,25.0,27.0,HARD,False,10.869330655957107,2.0,False,False
BOT,57.0,RUS,1048.178055555556,HARD,26.0,28.0,HARD,False,12.628651271753688,2.0,False,False
DEV,1.0,GAS,19.00083333333623,SOFT,1.0,1.0,SOFT,False,0.22892570281127989,0.0,False,False
DEV,2.0,MAG,30.07027777777421,HARD,2.0,2.0,SOFT,False,0.36229250334667723,0.0,False,False
DEV,3.0,GAS,135.97805555554532,SOFT,3.0,3.0,SOFT,False,1.6382898259704255,0.0,False,False
DEV,4.0,GAS,74.00305555555587,SOFT,4.0,4.0,SOFT,False,0.8916030789826009,0.0,False,False
DEV,5.0,GAS,68.47333333333245,SOFT,5.0,5.0,SOFT,False,0.8249799196787042,0.0,False,False
DEV,6.0,GAS,64.16111111110513,SOFT,6.0,6.0,SOFT,False,0.7730254350735558,0.0,False,False
DEV,7.0,GAS,60.6308333333327,SOFT,7.0,7.0,SOFT,False,0.7304919678714783,0.0,False,False
DEV,8.0,GAS,85.50694444444798,SOFT,8.0,8.0,SOFT,False,1.0302041499331083,0.0,True,False
DEV,9.0,ZHO,110.22027777778294,SOFT,9.0,9.0,SOFT,False,1.327955153949192,0.0,True,False
DEV,10.0,TSU,30.422499999999676,SOFT,10.0,10.0,SOFT,False,0.36653614457830935,0.0,True,False
DEV,11.0,HUL,47.61999999999534,SOFT,14.0,11.0,SOFT,True,0.57373493975898,-3.0,True,False
DEV,12.0,NOR,159.46833333332506,HARD,2.0,1.0,HARD,False,1.9213052208834345,-1.0,False,False
DEV,13.0,NOR,111.84750000000167,HARD,3.0,2.0,HARD,False,1.3475602409638756,-1.0,False,False
DEV,14.0,NOR,87.98222222222103,HARD,4.0,3.0,HARD,False,1.060026773761699,-1.0,False,False
DEV,15.0,NOR,97.288055555553,HARD,5.0,4.0,HARD,False,1.1721452476572651,-1.0,False,False
DEV,16.0,NOR,107.33222222221502,HARD,6.0,5.0,HARD,False,1.2931593038821088,-1.0,False,False
DEV,17.0,SAR,490.0319444444467,SOFT,5.0,6.0,HARD,False,5.903999330655984,1.0,False,False
DEV,18.0,SAR,461.0202777777786,SOFT,6.0,7.0,HARD,False,5.554461178045525,1.0,False,False
DEV,19.0,SAR,436.9213888888908,SOFT,7.0,8.0,HARD,False,5.264113119143263,1.0,False,False
DEV,20.0,SAR,424.9330555555589,SOFT,8.0,9.0,HARD,False,5.119675368139264,1.0,False,False
DEV,21.0,SAR,392.3299999999999,SOFT,9.0,10.0,HARD,False,4.726867469879517,1.0,False,False
DEV,22.0,SAR,399.7747222222206,SOFT,10.0,11.0,HARD,False,4.816562918340007,1.0,False,False
DEV,23.0,SAR,389.2174999999979,SOFT,11.0,12.0,HARD,False,4.689367469879493,1.0,False,False
DEV,24.0,SAR,389.9883333333282,SOFT,12.0,13.0,HARD,False,4.698654618473834,1.0,True,False
DEV,25.0,GAS,104.19750000000111,HARD,16.0,14.0,HARD,False,1.2553915662650736,-2.0,True,False
DEV,26.0,ALB,149.7038888888883,SOFT,15.0,15.0,HARD,False,1.8036613119143168,0.0,True,False
DEV,27.0,ZHO,425.1855555555603,HARD,15.0,16.0,HARD,True,5.12271753681398,1.0,True,False
DEV,28.0,TSU,739.9550000000108,HARD,2.0,1.0,HARD,False,8.915120481927842,-1.0,False,False
DEV,29.0,MAG,300.85583333334125,HARD,14.0,2.0,HARD,False,3.6247690763053164,-12.0,False,False
DEV,30.0,SAR,336.15944444445086,SOFT,18.0,3.0,HARD,False,4.0501137884873595,-15.0,False,False
DEV,31.0,SAR,124.89805555556086,HARD,1.0,4.0,HARD,False,1.5047958500669982,3.0,False,False
DEV,32.0,SAR,132.72277777778345,HARD,2.0,5.0,HARD,False,1.5990696117805234,3.0,False,False
DEV,33.0,SAR,140.91083333333336,HARD,3.0,6.0,HARD,False,1.6977208835341369,3.0,False,False
DEV,34.0,SAR,169.30833333332794,HARD,4.0,7.0,HARD,False,2.039859437750939,3.0,False,False
DEV,35.0,SAR,178.152222222222,HARD,5.0,8.0,HARD,False,2.1464123159303856,3.0,False,False
DEV,36.0,SAR,207.14499999999407,HARD,6.0,9.0,HARD,False,2.4957228915661935,3.0,False,False
DEV,37.0,SAR,250.72138888888185,HARD,7.0,10.0,HARD,False,3.020739625167251,3.0,False,False
DEV,38.0,SAR,287.8358333333272,HARD,8.0,11.0,HARD,False,3.4679016064256287,3.0,False,False
DEV,39.0,SAR,321.5791666666637,HARD,9.0,12.0,HARD,False,3.8744477911646227,3.0,False,False
DEV,40.0,SAR,76.94111111111033,HARD,10.0,13.0,HARD,False,0.9270013386880763,3.0,False,False
DEV,41.0,GAS,265.0822222222232,SOFT,1.0,14.0,HARD,False,3.1937617135207614,13.0,False,False
DEV,42.0,TSU,211.14305555555256,SOFT,5.0,15.0,HARD,False,2.543892235609067,10.0,False,False
DEV,43.0,ZHO,120.03027777777788,SOFT,14.0,16.0,HARD,False,1.4461479250334686,2.0,False,False
DEV,44.0,SAR,165.58333333333212,SOFT,4.0,17.0,HARD,False,1.9949799196787001,13.0,False,False
DEV,45.0,SAR,278.37111111111426,SOFT,5.0,18.0,HARD,False,3.3538688085676416,13.0,False,False
DEV,46.0,SAR,338.0938888888859,SOFT,6.0,19.0,HARD,False,4.073420348058866,13.0,False,False
DEV,47.0,ZHO,329.5036111111076,SOFT,18.0,20.0,HARD,False,3.9699230254350315,2.0,False,False
DEV,48.0,ZHO,469.8847222222239,SOFT,19.0,21.0,HARD,False,5.66126171352077,2.0,False,False
DEV,49.0,VER,323.555277777783,HARD,13.0,22.0,HARD,False,3.8982563587684695,9.0,False,False
DEV,50.0,ZHO,439.1263888888861,SOFT,21.0,23.0,HARD,False,5.290679384203447,2.0,False,False
DEV,51.0,MAG,149.63222222222794,SOFT,11.0,24.0,HARD,False,1.8027978580991317,13.0,False,False
DEV,52.0,MAG,349.01916666667057,SOFT,12.0,25.0,HARD,False,4.20505020080326,13.0,False,False
DEV,53.0,PER,277.46777777777515,HARD,19.0,26.0,HARD,False,3.342985274431026,7.0,False,False
DEV,54.0,ZHO,134.1461111111139,SOFT,25.0,27.0,HARD,False,1.6162182061579988,2.0,False,False
DEV,55.0,MAG,423.2516666666643,SOFT,15.0,28.0,HARD,False,5.099417670682702,13.0,False,False
DEV,56.0,TSU,1702.6874999999982,SOFT,19.0,29.0,HARD,False,20.51430722891564,10.0,False,False
GAS,1.0,MAG,16.5722222222239,HARD,1.0,1.0,SOFT,False,0.1996653279786012,0.0,False,False
GAS,2.0,ZHO,45.65499999999884,SOFT,2.0,2.0,SOFT,False,0.5500602409638414,0.0,False,False
GAS,3.0,ZHO,76.17388888889218,SOFT,3.0,3.0,SOFT,False,0.9177576974565322,0.0,False,False
GAS,4.0,ZHO,45.65861111110735,SOFT,4.0,4.0,SOFT,False,0.5501037483265946,0.0,False,False
GAS,5.0,ZHO,47.878888888893925,SOFT,5.0,5.0,SOFT,False,0.576854082998722,0.0,False,False
GAS,6.0,ZHO,72.0727777777829,SOFT,6.0,6.0,SOFT,False,0.8683467202142519,0.0,True,False
GAS,7.0,ZHO,48.64361111110793,SOFT,7.0,7.0,SOFT,False,0.5860676037482883,0.0,True,False
GAS,8.0,ZHO,52.82527777777523,SOFT,8.0,8.0,SOFT,False,0.6364491298527136,0.0,True,False
GAS,9.0,MAG,1.0483333333258995,HARD,9.0,9.0,SOFT,True,0.01263052208826385,0.0,True,False
GAS,10.0,NOR,209.5272222222184,SOFT,10.0,1.0,HARD,False,2.524424364123113,-9.0,False,False
GAS,11.0,TSU,261.1638888888883,HARD,1.0,2.0,HARD,False,3.1465528781793775,1.0,False,False
GAS,12.0,TSU,224.95027777778068,HARD,2.0,3.0,HARD,False,2.710244310575671,1.0,False,False
GAS,13.0,TSU,195.76777777778443,HARD,3.0,4.0,HARD,False,2.3586479250335475,1.0,False,False
GAS,14.0,TSU,222.03027777777788,HARD,4.0,5.0,HARD,False,2.675063587684071,1.0,False,False
GAS,15.0,OCO,8.331388888893343,HARD,3.0,6.0,HARD,False,0.10037817938425715,3.0,False,False
GAS,16.0,TSU,210.3333333333394,HARD,6.0,7.0,HARD,False,2.534136546184812,1.0,False,False
GAS,17.0,TSU,227.5411111111025,HARD,7.0,8.0,HARD,False,2.7414591700132833,1.0,False,False
GAS,18.0,TSU,182.88694444444627,HARD,8.0,9.0,HARD,False,2.20345716198128,1.0,False,False
GAS,19.0,TSU,163.82277777778015,HARD,9.0,10.0,HARD,False,1.9737684069612065,1.0,False,False
GAS,20.0,TSU,150.1297222222247,HARD,10.0,11.0,HARD,False,1.8087918340027072,1.0,False,False
GAS,21.0,TSU,152.24611111111426,HARD,11.0,12.0,HARD,False,1.8342904953146297,1.0,False,False
GAS,22.0,TSU,168.56583333332765,HARD,12.0,13.0,HARD,False,2.0309136546184052,1.0,True,False
GAS,23.0,TSU,125.1463888888893,HARD,13.0,14.0,HARD,False,1.5077878179384254,1.0,True,False
GAS,24.0,TSU,113.7549999999992,HARD,14.0,15.0,HARD,False,1.3705421686746893,1.0,True,False
GAS,25.0,SAR,0.2405555555560568,SOFT,13.0,16.0,HARD,True,0.00289825970549466,3.0,True,True
GAS,26.0,HUL,112.03527777777435,HARD,15.0,1.0,HARD,False,1.3498226238286066,-14.0,False,False
GAS,27.0,ALB,82.4072222222203,HARD,1.0,2.0,HARD,False,0.9928580990628951,1.0,False,False
GAS,28.0,ALB,85.71805555556602,HARD,2.0,3.0,HARD,False,1.0327476572959762,1.0,False,False
GAS,29.0,MAG,33.112777777784686,HARD,14.0,4.0,HARD,False,0.39894912985282754,-10.0,False,False
GAS,30.0,ALB,76.04333333333761,HARD,4.0,5.0,HARD,False,0.9161847389558748,1.0,False,False
GAS,31.0,ALB,64.59750000000167,HARD,5.0,6.0,HARD,False,0.7782831325301407,1.0,False,False
GAS,32.0,ALB,60.605277777768606,HARD,6.0,7.0,HARD,False,0.7301840696116699,1.0,False,False
GAS,33.0,ALB,51.25944444444576,HARD,7.0,8.0,HARD,False,0.6175836680053707,1.0,False,False
GAS,34.0,ALB,40.91055555556159,HARD,8.0,9.0,HARD,False,0.4928982597055613,1.0,False,False
GAS,35.0,ALB,69.7019444444386,HARD,9.0,10.0,HARD,False,0.8397824631860071,1.0,False,False
GAS,36.0,ALB,66.82166666665853,HARD,10.0,11.0,HARD,False,0.8050803212850425,1.0,False,False
GAS,37.0,ALB,65.38166666665893,HARD,11.0,12.0,HARD,False,0.7877309236946859,1.0,True,False
GAS,38.0,ALB,59.45166666666319,HARD,12.0,13.0,HARD,False,0.7162851405622072,1.0,True,False
GAS,39.0,ALB,73.72166666666908,HARD,13.0,14.0,HARD,False,0.8882128514056515,1.0,True,False
GAS,40.0,BOT,505.31027777777217,HARD,11.0,15.0,HARD,True,6.088075635876773,4.0,True,True
GAS,41.0,ALB,7.605277777777701,SOFT,1.0,1.0,SOFT,False,0.09162985274430965,0.0,False,False
GAS,42.0,BOT,974.5430555555596,HARD,13.0,2.0,SOFT,False,11.741482597054935,-11.0,False,False
GAS,43.0,BOT,854.9311111111119,HARD,14.0,3.0,SOFT,False,10.300374832664,-11.0,False,False
GAS,44.0,BOT,784.3441666666668,HARD,15.0,4.0,SOFT,False,9.449929718875502,-11.0,False,False
GAS,45.0,BOT,755.9713888888882,HARD,16.0,5.0,SOFT,False,9.108089022757689,-11.0,False,False
GAS,46.0,BOT,703.7708333333276,HARD,17.0,6.0,SOFT,False,8.479166666666597,-11.0,False,False
GAS,47.0,BOT,695.1633333333357,HARD,18.0,7.0,SOFT,False,8.375461847389587,-11.0,False,False
GAS,48.0,BOT,609.9605555555563,HARD,19.0,8.0,SOFT,False,7.34892235609104,-11.0,False,False
GAS,49.0,BOT,530.6758333333319,HARD,20.0,9.0,SOFT,False,6.393684738955805,-11.0,False,False
GAS,50.0,BOT,438.68916666666337,HARD,21.0,10.0,SOFT,False,5.285411646586305,-11.0,False,False
GAS,51.0,BOT,346.6486111111144,HARD,22.0,11.0,SOFT,False,4.176489290495354,-11.0,False,False
GAS,52.0,BOT,247.84222222222525,HARD,23.0,12.0,SOFT,False,2.986050870147292,-11.0,False,False
GAS,53.0,BOT,202.85583333333489,HARD,24.0,13.0,SOFT,False,2.4440461847389745,-11.0,False,False
GAS,54.0,BOT,153.00944444444212,HARD,25.0,14.0,SOFT,False,1.843487282463158,-11.0,False,False
GAS,55.0,BOT,133.49444444444998,HARD,26.0,15.0,SOFT,False,1.608366800535542,-11.0,False,False
GAS,56.0,BOT,100.65472222222525,HARD,27.0,16.0,SOFT,False,1.2127074966533162,-11.0,False,False
GAS,57.0,BOT,89.95416666667188,HARD,28.0,17.0,SOFT,False,1.0837851405623118,-11.0,False,False
HAM,1.0,SAI,49.89250000000629,SOFT,4.0,4.0,SOFT,False,0.601114457831401,0.0,False,False
HAM,2.0,SAI,62.48805555556101,SOFT,5.0,5.0,SOFT,False,0.7528681392236266,0.0,False,False
HAM,3.0,SAI,87.700555555557,SOFT,6.0,6.0,SOFT,False,1.0566331994645421,0.0,False,False
HAM,4.0,SAI,102.50305555555316,SOFT,7.0,7.0,SOFT,False,1.2349765729584719,0.0,False,False
HAM,5.0,SAI,110.95694444444143,SOFT,8.0,8.0,SOFT,False,1.3368306559571257,0.0,False,False
HAM,6.0,SAI,155.02611111111491,SOFT,9.0,9.0,SOFT,False,1.867784471218252,0.0,False,False
HAM,7.0,SAI,158.48305555555362,SOFT,10.0,10.0,SOFT,False,1.9094344042837785,0.0,False,False
HAM,8.0,SAI,207.9333333333316,SOFT,11.0,11.0,SOFT,False,2.5052208835341157,0.0,False,False
HAM,9.0,SAI,283.81277777777177,SOFT,12.0,12.0,SOFT,False,3.419431057563515,0.0,True,False
HAM,10.0,SAI,264.96833333333234,SOFT,13.0,13.0,SOFT,False,3.19238955823292,0.0,True,False
HAM,11.0,SAI,293.0641666666679,SOFT,14.0,14.0,SOFT,False,3.530893574297204,0.0,True,False
HAM,12.0,RUS,28.324444444441724,SOFT,15.0,15.0,SOFT,True,0.3412583668005027,0.0,True,False
HAM,13.0,RUS,100.18888888889342,SOFT,16.0,1.0,HARD,False,1.2070950468541375,-15.0,False,False
HAM,14.0,SAI,136.59611111110917,HARD,1.0,2.0,HARD,False,1.6457362784470984,1.0,False,False
HAM,15.0,SAI,183.7427777777766,HARD,2.0,3.0,HARD,False,2.213768406961164,1.0,False,False
HAM,16.0,SAI,187.4672222222216,HARD,3.0,4.0,HARD,False,2.2586412315930313,1.0,False,False
HAM,17.0,SAI,240.61055555554597,HARD,4.0,5.0,HARD,False,2.898922356090915,1.0,False,False
HAM,18.0,SAI,257.89694444443376,HARD,5.0,6.0,HARD,False,3.1071921017401656,1.0,False,False
HAM,19.0,SAI,332.29027777778265,HARD,6.0,7.0,HARD,False,4.003497322623887,1.0,False,False
HAM,20.0,SAI,330.9094444444463,HARD,7.0,8.0,HARD,False,3.986860776439112,1.0,False,False
HAM,21.0,SAI,363.4597222222201,HARD,8.0,9.0,HARD,False,4.379032797858073,1.0,False,False
HAM,22.0,SAI,371.59694444445176,HARD,9.0,10.0,HARD,False,4.477071619812672,1.0,False,False
HAM,23.0,SAI,332.3761111111144,HARD,10.0,11.0,HARD,False,4.004531459170053,1.0,False,False
HAM,24.0,SAI,358.9186111111121,HARD,11.0,12.0,HARD,False,4.324320615796531,1.0,False,False
HAM,25.0,SAI,322.2349999999988,HARD,12.0,13.0,HARD,False,3.8823493975903474,1.0,False,False
HAM,26.0,SAI,291.8752777777772,HARD,13.0,14.0,HARD,False,3.5165696117804486,1.0,False,False
HAM,27.0,SAI,324.2469444444514,HARD,14.0,15.0,HARD,False,3.906589692101824,1.0,True,False
HAM,28.0,SAI,303.6155555555579,HARD,15.0,16.0,HARD,False,3.6580187416332275,1.0,True,False
HAM,29.0,SAI,280.2072222222241,HARD,16.0,17.0,HARD,False,3.375990629183423,1.0,True,False
HAM,30.0,ALO,54.3299999999972,HARD,16.0,18.0,HARD,True,0.6545783132529783,2.0,True,False
HAM,31.0,RUS,177.15555555554783,HARD,18.0,1.0,HARD,False,2.134404283801781,-17.0,False,False
HAM,32.0,SAI,279.91333333333114,HARD,1.0,2.0,HARD,False,3.372449799196761,1.0,False,False
HAM,33.0,SAI,272.2888888888856,HARD,2.0,3.0,HARD,False,3.280589022757658,1.0,False,False
HAM,34.0,ALO,294.513888888886,HARD,20.0,4.0,HARD,False,3.548360107095012,-16.0,False,False
HAM,35.0,SAI,282.6947222222197,HARD,4.0,5.0,HARD,False,3.405960508701442,1.0,False,False
HAM,36.0,SAI,169.95805555555944,HARD,5.0,6.0,HARD,False,2.0476874163320415,1.0,False,False
HAM,37.0,SAI,215.2569444444416,HARD,6.0,7.0,HARD,False,2.593457161981224,1.0,False,False
HAM,38.0,ALO,41.55555555556021,HARD,4.0,8.0,HARD,False,0.5006693440428941,4.0,False,False
HAM,39.0,ALO,96.06777777778188,HARD,5.0,9.0,HARD,False,1.1574431057564083,4.0,False,False
HAM,40.0,ALO,94.84027777777555,HARD,6.0,10.0,HARD,False,1.142653949129826,4.0,False,False
HAM,41.0,ALO,103.0311111111132,HARD,7.0,11.0,HARD,False,1.2413386880857014,4.0,False,False
HAM,42.0,ALO,141.30861111111608,HARD,8.0,12.0,HARD,False,1.7025133868809166,4.0,False,False
HAM,43.0,ALO,157.99111111111688,HARD,9.0,13.0,HARD,False,1.9035073627845407,4.0,False,False
HAM,44.0,ALO,157.36194444444482,HARD,10.0,14.0,HARD,False,1.8959270414993352,4.0,False,False
HAM,45.0,SAI,48.62000000000262,HARD,14.0,15.0,HARD,False,0.585783132530152,1.0,False,False
HAM,46.0,SAI,56.447777777777446,HARD,15.0,16.0,HARD,False,0.6800937081659933,1.0,False,False
HAM,47.0,SAI,83.30388888889684,HARD,16.0,17.0,HARD,False,1.0036613119144198,1.0,False,False
HAM,48.0,SAI,89.16861111111484,HARD,17.0,18.0,HARD,False,1.0743206157965643,1.0,False,False
HAM,49.0,SAI,103.95361111111652,HARD,18.0,19.0,HARD,False,1.2524531459170665,1.0,False,False
HAM,50.0,SAI,102.2652777777712,HARD,19.0,20.0,HARD,False,1.2321117804550747,1.0,False,False
HAM,51.0,SAI,127.5536111111087,HARD,20.0,21.0,HARD,False,1.5367904953145626,1.0,False,False
HAM,52.0,SAI,151.24777777777126,HARD,21.0,22.0,HARD,False,1.822262382864714,1.0,False,False
HAM,53.0,SAI,176.78055555555875,HARD,22.0,23.0,HARD,False,2.129886211512756,1.0,False,False
HAM,54.0,SAI,217.65888888888367,HARD,23.0,24.0,HARD,False,2.622396251673297,1.0,False,False
HAM,55.0,SAI,216.95388888889283,HARD,24.0,25.0,HARD,False,2.613902275769793,1.0,False,False
HAM,56.0,SAI,243.3147222222251,HARD,25.0,26.0,HARD,False,2.931502677376206,1.0,False,False
HAM,57.0,SAI,241.05166666666355,HARD,26.0,27.0,HARD,False,2.904236947791127,1.0,False,False
HUL,1.0,ZHO,8.779166666654419,SOFT,1.0,4.0,SOFT,False,0.10577309236933034,3.0,False,False
HUL,2.0,SAR,35.266388888892834,SOFT,2.0,5.0,SOFT,False,0.42489625167340767,3.0,False,False
HUL,3.0,SAR,33.58333333333212,SOFT,3.0,6.0,SOFT,False,0.4046184738955677,3.0,False,False
HUL,4.0,TSU,41.92916666666497,SOFT,4.0,7.0,SOFT,False,0.5051706827309033,3.0,False,False
HUL,5.0,TSU,50.46555555555005,SOFT,5.0,8.0,SOFT,False,0.6080187416331331,3.0,False,False
HUL,6.0,TSU,47.81111111111022,SOFT,6.0,9.0,SOFT,False,0.5760374832663883,3.0,False,False
HUL,7.0,TSU,70.13694444444354,SOFT,7.0,10.0,SOFT,False,0.8450234270414885,3.0,False,False
HUL,8.0,TSU,88.75333333333492,SOFT,8.0,11.0,SOFT,False,1.0693172690763244,3.0,True,True
HUL,9.0,TSU,139.90444444443983,SOFT,9.0,12.0,SOFT,False,1.6855957161980704,3.0,True,True
HUL,10.0,NOR,26.8094444444514,SOFT,10.0,13.0,SOFT,False,0.32300535475242653,3.0,True,True
HUL,11.0,MAG,61.47388888889782,HARD,11.0,14.0,SOFT,True,0.7406492637216605,3.0,True,True
HUL,12.0,DEV,42.62777777777956,HARD,1.0,1.0,HARD,False,0.5135876840696333,0.0,False,False
HUL,13.0,DEV,71.12888888889483,HARD,2.0,2.0,HARD,False,0.8569745649264437,0.0,False,False
HUL,14.0,DEV,64.05000000000382,HARD,3.0,3.0,HARD,False,0.7716867469879979,0.0,False,False
HUL,15.0,DEV,84.32444444444172,HARD,4.0,4.0,HARD,False,1.0159571619812255,0.0,False,False
HUL,16.0,DEV,94.53194444445673,HARD,5.0,5.0,HARD,False,1.1389390896922498,0.0,False,False
HUL,17.0,NOR,0.851944444446417,HARD,7.0,6.0,HARD,False,0.010264390896944784,-1.0,False,False
HUL,18.0,ZHO,102.47361111111331,HARD,6.0,7.0,HARD,False,1.234621820615823,1.0,False,False
HUL,19.0,ZHO,136.90499999999247,HARD,7.0,8.0,HARD,False,1.6494578313252104,1.0,False,False
HUL,20.0,ZHO,214.7599999999993,HARD,8.0,9.0,HARD,False,2.587469879518064,1.0,False,False
HUL,21.0,ZHO,264.2344444444443,HARD,9.0,10.0,HARD,False,3.18354752342704,1.0,False,False
HUL,22.0,ZHO,331.2225000000026,HARD,10.0,11.0,HARD,False,3.990632530120513,1.0,False,False
HUL,23.0,ZHO,370.1699999999955,HARD,11.0,12.0,HARD,False,4.459879518072235,1.0,True,False
HUL,24.0,ZHO,399.5644444444433,HARD,12.0,13.0,HARD,False,4.814029451137872,1.0,True,False
HUL,25.0,DEV,387.3569444444456,HARD,14.0,14.0,HARD,False,4.666951137884887,0.0,True,False
HUL,26.0,MAG,106.67888888889684,HARD,11.0,15.0,HARD,True,1.285287817938516,4.0,True,True
HUL,27.0,OCO,818.2911111111125,HARD,15.0,1.0,HARD,False,9.858929049531476,-14.0,False,False
HUL,28.0,VER,697.8302777777753,SOFT,14.0,2.0,HARD,False,8.407593708165967,-12.0,False,False
HUL,29.0,MAG,518.1005555555648,HARD,14.0,3.0,HARD,False,6.2421753681393355,-11.0,False,False
HUL,30.0,MAG,328.88083333334,SOFT,1.0,4.0,HARD,False,3.9624196787149395,3.0,False,False
HUL,31.0,MAG,255.39666666666835,SOFT,2.0,5.0,HARD,False,3.0770682730923897,3.0,False,False
HUL,32.0,MAG,255.49833333332845,SOFT,3.0,6.0,HARD,False,3.0782931726907043,3.0,False,False
HUL,33.0,MAG,319.8291666666619,SOFT,4.0,7.0,HARD,False,3.8533634538152035,3.0,False,False
HUL,34.0,MAG,348.2786111111118,SOFT,5.0,8.0,HARD,False,4.196127844712191,3.0,False,False
HUL,35.0,MAG,404.0694444444425,SOFT,6.0,9.0,HARD,False,4.868306559571597,3.0,False,False
HUL,36.0,MAG,449.6052777777722,SOFT,7.0,10.0,HARD,False,5.41693105756352,3.0,False,False
HUL,37.0,MAG,459.8194444444416,SOFT,8.0,11.0,HARD,False,5.539993306559538,3.0,True,True
HUL,38.0,MAG,467.96611111112,SOFT,9.0,12.0,HARD,False,5.638145917001445,3.0,True,True
HUL,39.0,MAG,426.00972222221935,SOFT,10.0,13.0,HARD,False,5.13264725568939,3.0,True,True
HUL,40.0,MAG,122.83777777777776,SOFT,11.0,14.0,HARD,True,1.4799732262382863,3.0,True,True
HUL,41.0,MAG,698.1677777777777,SOFT,1.0,4.0,SOFT,False,8.411659973226238,3.0,False,False
HUL,42.0,PER,119.44888888888818,HARD,8.0,5.0,SOFT,False,1.4391432396251587,-3.0,False,False
HUL,43.0,PER,106.11888888888645,HARD,9.0,6.0,SOFT,False,1.2785408299865837,-3.0,False,False
HUL,44.0,PER,113.76333333333332,HARD,10.0,7.0,SOFT,False,1.3706425702811245,-3.0,False,False
HUL,45.0,PER,115.72361111111604,HARD,11.0,8.0,SOFT,False,1.3942603748327234,-3.0,False,False
HUL,46.0,PER,383.74972222222,HARD,12.0,9.0,SOFT,False,4.623490629183373,-3.0,False,False
HUL,47.0,PER,386.00722222221975,HARD,13.0,10.0,SOFT,False,4.650689424364093,-3.0,False,False
HUL,48.0,PER,377.02805555555005,HARD,14.0,11.0,SOFT,False,4.542506693440362,-3.0,False,False
HUL,49.0,PER,337.6058333333376,HARD,15.0,12.0,SOFT,False,4.067540160642622,-3.0,False,False
HUL,50.0,PER,329.06083333333663,HARD,16.0,13.0,SOFT,False,3.9645883534136943,-3.0,False,False
HUL,51.0,PER,351.9022222222284,HARD,17.0,14.0,SOFT,False,4.239785809906366,-3.0,False,False
HUL,52.0,DEV,275.58194444444234,HARD,25.0,15.0,SOFT,False,3.3202643908968956,-10.0,False,False
HUL,53.0,DEV,194.99416666667005,HARD,26.0,16.0,SOFT,False,2.3493273092369886,-10.0,False,False
HUL,54.0,DEV,155.5655555555495,HARD,27.0,17.0,SOFT,False,1.8742838018740904,-10.0,False,False
HUL,55.0,DEV,112.46527777777828,HARD,28.0,18.0,SOFT,False,1.3550033467202203,-10.0,False,False
HUL,56.0,TSU,1793.2077777777786,SOFT,19.0,19.0,SOFT,False,21.604912985274442,0.0,False,False
LEC,1.0,VER,66.51055555556559,SOFT,4.0,1.0,SOFT,False,0.8013319946453685,-3.0,False,False
LEC,2.0,VER,148.03611111111513,SOFT,5.0,2.0,SOFT,False,1.7835676037483752,-3.0,False,False
LEC,3.0,VER,219.97222222221532,SOFT,6.0,3.0,SOFT,False,2.6502677376170523,-3.0,False,False
LEC,4.0,VER,272.2241666666705,SOFT,7.0,4.0,SOFT,False,3.2798092369478375,-3.0,False,False
LEC,5.0,VER,348.0788888888856,SOFT,8.0,5.0,SOFT,False,4.19372155287814,-3.0,False,False
LEC,6.0,VER,388.1597222222126,SOFT,9.0,6.0,SOFT,False,4.676623159303767,-3.0,False,False
LEC,7.0,VER,458.7813888888868,SOFT,10.0,7.0,SOFT,False,5.527486613119118,-3.0,False,False
LEC,8.0,VER,467.57027777777694,SOFT,11.0,8.0,SOFT,False,5.633376840696108,-3.0,False,False
LEC,9.0,VER,522.211388888888,SOFT,12.0,9.0,SOFT,False,6.291703480589012,-3.0,False,False
LEC,10.0,VER,587.9136111111102,SOFT,13.0,10.0,SOFT,False,7.0832965194109665,-3.0,True,False
LEC,11.0,VER,634.2213888888882,SOFT,14.0,11.0,SOFT,False,7.6412215528781715,-3.0,True,False
LEC,12.0,VER,663.8136111111126,SOFT,15.0,12.0,SOFT,False,7.997754350736296,-3.0,True,False
LEC,13.0,PER,89.61277777777013,SOFT,16.0,13.0,SOFT,True,1.0796720214189173,-3.0,True,False
LEC,14.0,ALO,8.012777777780684,SOFT,17.0,1.0,HARD,False,0.09653949129856246,-16.0,False,False
LEC,15.0,VER,720.4349999999977,SOFT,1.0,2.0,HARD,False,8.679939759036117,1.0,False,False
LEC,16.0,VER,704.3097222222186,SOFT,2.0,3.0,HARD,False,8.485659303882152,1.0,False,False
LEC,17.0,PER,265.60749999999734,SOFT,20.0,4.0,HARD,False,3.200090361445751,-16.0,False,False
LEC,18.0,VER,712.4091666666709,SOFT,4.0,5.0,HARD,False,8.583242971887602,1.0,False,False
LEC,19.0,VER,722.2144444444466,SOFT,5.0,6.0,HARD,False,8.701378848728272,1.0,False,False
LEC,20.0,VER,713.7808333333332,SOFT,6.0,7.0,HARD,False,8.59976907630522,1.0,False,False
LEC,21.0,VER,733.516388888891,SOFT,7.0,8.0,HARD,False,8.837546854083024,1.0,False,False
LEC,22.0,VER,741.030833333336,SOFT,8.0,9.0,HARD,False,8.9280823293173,1.0,False,False
LEC,23.0,VER,745.902777777781,SOFT,9.0,10.0,HARD,False,8.986780455153989,1.0,False,False
LEC,24.0,VER,762.7736111111099,SOFT,10.0,11.0,HARD,False,9.19004350736277,1.0,False,False
LEC,25.0,VER,794.0122222222262,SOFT,11.0,12.0,HARD,False,9.566412315930437,1.0,False,False
LEC,26.0,PER,130.68500000000677,SOFT,11.0,13.0,HARD,False,1.5745180722892382,2.0,False,False
LEC,27.0,PER,230.98499999999603,SOFT,12.0,14.0,HARD,False,2.782951807228868,2.0,False,False
LEC,28.0,PER,365.4658333333364,SOFT,13.0,15.0,HARD,False,4.403202811245016,2.0,False,False
LEC,29.0,PER,449.4280555555633,SOFT,14.0,16.0,HARD,False,5.414795850067027,2.0,False,False
LEC,30.0,PER,500.2405555555533,SOFT,15.0,17.0,HARD,False,6.026994645247631,2.0,True,False
LEC,31.0,PER,579.8174999999956,SOFT,16.0,18.0,HARD,False,6.985753012048139,2.0,True,False
LEC,32.0,PER,651.8813888888917,SOFT,17.0,19.0,HARD,False,7.853992637215563,2.0,True,False
LEC,33.0,NOR,132.52472222222875,MEDIUM,6.0,20.0,HARD,True,1.5966834002678163,14.0,True,True
LEC,34.0,ALO,111.73805555555371,HARD,20.0,1.0,HARD,False,1.3462416331994422,-19.0,False,False
LEC,35.0,PER,716.0383333333302,HARD,1.0,2.0,HARD,False,8.626967871485906,1.0,False,False
LEC,36.0,PER,709.5769444444359,HARD,2.0,3.0,HARD,False,8.549119812583564,1.0,False,False
LEC,37.0,PER,713.898333333339,HARD,3.0,4.0,HARD,False,8.601184738955892,1.0,False,False
LEC,38.0,PER,743.4491666666681,HARD,4.0,5.0,HARD,False,8.957218875502026,1.0,False,False
LEC,39.0,PER,778.25583333333,HARD,5.0,6.0,HARD,False,9.376576305220842,1.0,False,False
LEC,40.0,NOR,94.32166666666126,HARD,3.0,7.0,HARD,False,1.1364056224898946,4.0,False,False
MAG,1.0,HUL,70.94805555556013,SOFT,4.0,1.0,HARD,False,0.8547958500669895,-3.0,False,False
MAG,2.0,GAS,75.88555555556468,SOFT,2.0,2.0,HARD,False,0.9142838018742733,0.0,False,False
MAG,3.0,DEV,36.51888888889607,SOFT,3.0,3.0,HARD,False,0.43998661311922976,0.0,False,False
MAG,4.0,DEV,77.74083333333238,SOFT,4.0,4.0,HARD,False,0.9366365461847274,0.0,False,False
MAG,5.0,DEV,134.03250000000023,SOFT,5.0,5.0,HARD,False,1.6148493975903642,0.0,False,False
MAG,6.0,DEV,130.95111111111055,SOFT,6.0,6.0,HARD,False,1.577724230254344,0.0,False,False
MAG,7.0,DEV,171.44611111111408,SOFT,7.0,7.0,HARD,False,2.0656157965194466,0.0,False,False
MAG,8.0,DEV,162.54555555555362,SOFT,8.0,8.0,HARD,False,1.9583801874163087,0.0,False,False
MAG,9.0,DEV,149.7519444444406,SOFT,9.0,9.0,HARD,False,1.8042402945113325,0.0,False,False
MAG,10.0,TSU,77.01444444444769,SOFT,10.0,10.0,HARD,False,0.9278848728246709,0.0,False,False
MAG,11.0,ALB,154.90222222222474,SOFT,11.0,11.0,HARD,False,1.8662918340027077,0.0,False,False
MAG,12.0,ZHO,14.287222222223136,SOFT,12.0,12.0,HARD,False,0.17213520749666428,0.0,True,False
MAG,13.0,RUS,210.87805555555408,SOFT,16.0,13.0,HARD,False,2.540699464524748,-3.0,True,False
MAG,14.0,RUS,8.674999999993815,HARD,1.0,14.0,HARD,False,0.10451807228908211,13.0,True,True
MAG,15.0,TSU,24.366666666668607,HARD,5.0,15.0,HARD,True,0.2935742971887784,10.0,True,True
MAG,16.0,ZHO,689.7411111111105,HARD,4.0,1.0,HARD,False,8.31013386880856,-3.0,False,False
MAG,17.0,NOR,192.401666666673,HARD,7.0,2.0,HARD,False,2.3180923694779882,-5.0,False,False
MAG,18.0,HUL,621.0680555555546,HARD,7.0,3.0,HARD,False,7.482747657295838,-4.0,False,False
MAG,19.0,HUL,538.2036111111101,HARD,8.0,4.0,HARD,False,6.484380856760363,-4.0,False,False
MAG,20.0,HUL,493.9408333333277,HARD,9.0,5.0,HARD,False,5.951094377509972,-4.0,False,False
MAG,21.0,HUL,459.53861111110655,HARD,10.0,6.0,HARD,False,5.53660977242297,-4.0,False,False
MAG,22.0,HUL,389.1483333333263,HARD,11.0,7.0,HARD,False,4.6885341365461,-4.0,False,False
MAG,23.0,HUL,314.61444444444896,HARD,12.0,8.0,HARD,False,3.790535475234325,-4.0,False,False
MAG,24.0,HUL,245.16861111110848,HARD,13.0,9.0,HARD,False,2.953838688085644,-4.0,False,False
MAG,25.0,GAS,155.6161111111096,HARD,16.0,10.0,HARD,False,1.8748929049531278,-6.0,False,False
MAG,26.0,ALB,276.50666666666893,SOFT,15.0,11.0,HARD,False,3.3314056224899873,-4.0,True,False
MAG,27.0,DEV,67.72527777777759,HARD,16.0,12.0,HARD,False,0.8159672021418987,-4.0,True,False
MAG,28.0,ZHO,668.0249999999896,HARD,16.0,13.0,HARD,False,8.04849397590349,-3.0,True,False
MAG,29.0,ALB,10.86444444443532,HARD,3.0,14.0,HARD,True,0.130896921017293,11.0,True,True
MAG,30.0,OCO,168.8927777777708,HARD,18.0,1.0,SOFT,False,2.0348527443104913,-17.0,False,False
MAG,31.0,OCO,90.27194444444469,HARD,19.0,2.0,SOFT,False,1.0876137884872854,-17.0,False,False
MAG,32.0,ZHO,532.5280555555546,HARD,20.0,3.0,SOFT,False,6.416000669344031,-17.0,False,False
MAG,33.0,ZHO,377.5383333333321,SOFT,4.0,4.0,SOFT,False,4.548654618473881,0.0,False,False
MAG,34.0,ZHO,406.713055555555,SOFT,5.0,5.0,SOFT,False,4.90015729585006,0.0,False,False
MAG,35.0,VER,22.15027777778141,SOFT,21.0,6.0,SOFT,False,0.266870816599776,-15.0,False,False
MAG,36.0,ZHO,368.5022222222242,SOFT,7.0,7.0,SOFT,False,4.439785809906316,0.0,False,False
MAG,37.0,ZHO,374.4233333333341,SOFT,8.0,8.0,SOFT,False,4.511124497991977,0.0,True,False
MAG,38.0,ZHO,351.70027777776886,SOFT,9.0,9.0,SOFT,False,4.237352744310468,0.0,True,False
MAG,39.0,ZHO,384.7586111111059,SOFT,10.0,10.0,SOFT,False,4.635645917001276,0.0,True,False
MAG,40.0,SAR,324.88249999999425,HARD,10.0,11.0,SOFT,True,3.914246987951738,1.0,True,False
MAG,41.0,SAR,732.3352777777773,SOFT,1.0,1.0,SOFT,False,8.823316599732257,0.0,False,False
MAG,42.0,VER,174.24999999999454,HARD,6.0,2.0,SOFT,False,2.09939759036138,-4.0,False,False
MAG,43.0,VER,233.67722222222343,HARD,7.0,3.0,SOFT,False,2.8153882195448605,-4.0,False,False
MAG,44.0,VER,183.90749999999295,HARD,8.0,4.0,SOFT,False,2.2157530120481077,-4.0,False,False
MAG,45.0,VER,223.06527777777683,HARD,9.0,5.0,SOFT,False,2.6875334672021305,-4.0,False,False
MAG,46.0,VER,274.6166666666668,HARD,10.0,6.0,SOFT,False,3.308634538152612,-4.0,False,False
MAG,47.0,VER,326.9836111111108,HARD,11.0,7.0,SOFT,False,3.9395615796519374,-4.0,False,False
MAG,48.0,DEV,203.20083333332693,HARD,21.0,8.0,SOFT,False,2.4482028112449026,-13.0,False,False
MAG,49.0,DEV,108.04027777778263,HARD,22.0,9.0,SOFT,False,1.3016900937082245,-13.0,False,False
MAG,50.0,DEV,42.02000000000498,HARD,23.0,10.0,SOFT,False,0.5062650602410238,-13.0,False,False
MAG,51.0,ZHO,451.8011111111055,SOFT,22.0,11.0,SOFT,False,5.443386880856693,-11.0,False,False
MAG,52.0,ZHO,378.3958333333303,SOFT,23.0,12.0,SOFT,False,4.558985943775064,-11.0,False,False
MAG,53.0,ZHO,301.2947222222237,SOFT,24.0,13.0,SOFT,False,3.630056894243659,-11.0,False,False
MAG,54.0,ZHO,31.105833333336705,SOFT,25.0,14.0,SOFT,False,0.3747690763052615,-11.0,False,False
MAG,55.0,PER,208.9355555555603,HARD,21.0,15.0,SOFT,False,2.5172958500669917,-6.0,False,False
MAG,56.0,ALB,1448.1013888888838,SOFT,16.0,16.0,SOFT,False,17.44700468540824,0.0,False,False
NOR,1.0,ALO,34.98638888888854,SOFT,4.0,1.0,SOFT,False,0.4215227576974523,-3.0,False,False
NOR,2.0,STR,87.27194444444285,SOFT,5.0,2.0,SOFT,False,1.0514692101740102,-3.0,False,False
NOR,3.0,STR,67.1011111111111,SOFT,6.0,3.0,SOFT,False,0.8084471218206156,-3.0,False,False
NOR,4.0,ALB,71.15861111111099,SOFT,4.0,4.0,SOFT,False,0.857332663989289,0.0,False,False
NOR,5.0,ALB,40.187222222218224,SOFT,5.0,5.0,SOFT,False,0.48418340026768947,0.0,False,False
NOR,6.0,ALB,82.57027777778057,SOFT,6.0,6.0,SOFT,False,0.9948226238286816,0.0,False,False
NOR,7.0,ALB,102.73388888889076,SOFT,7.0,7.0,SOFT,False,1.2377576974565152,0.0,True,False
NOR,8.0,ALB,74.03250000000025,SOFT,8.0,8.0,SOFT,False,0.8919578313253043,0.0,True,False
NOR,9.0,ALB,84.74972222223096,SOFT,9.0,9.0,SOFT,False,1.0210809906292886,0.0,True,False
NOR,10.0,SAR,111.34194444444074,SOFT,10.0,10.0,SOFT,True,1.341469210173985,0.0,True,False
NOR,11.0,DEV,277.3349999999928,SOFT,11.0,1.0,HARD,False,3.341385542168588,-10.0,False,False
NOR,12.0,ZHO,280.2947222222265,SOFT,12.0,2.0,HARD,False,3.3770448460509215,-10.0,False,False
NOR,13.0,SAR,387.6952777777742,SOFT,1.0,3.0,HARD,False,4.6710274431057135,2.0,False,False
NOR,14.0,SAR,452.2947222222201,SOFT,2.0,4.0,HARD,False,5.449334002677351,2.0,True,False
NOR,15.0,OCO,148.564722222226,HARD,3.0,5.0,HARD,False,1.789936412315976,2.0,True,False
NOR,16.0,SAR,412.7894444444392,SOFT,4.0,6.0,HARD,False,4.973366800535412,2.0,True,False
NOR,17.0,DEV,98.96027777777272,HARD,6.0,7.0,HARD,True,1.1922925033466591,1.0,True,False
NOR,18.0,OCO,187.5516666666645,HARD,6.0,4.0,SOFT,False,2.2596586345381264,-2.0,False,False
NOR,19.0,OCO,147.0933333333287,HARD,7.0,5.0,SOFT,False,1.7722088353413097,-2.0,False,False
NOR,20.0,OCO,110.95833333333576,HARD,8.0,6.0,SOFT,False,1.3368473895582622,-2.0,False,False
NOR,21.0,OCO,68.04666666666344,HARD,9.0,7.0,SOFT,False,0.8198393574296801,-2.0,False,False
NOR,22.0,OCO,68.49611111110607,HARD,10.0,8.0,SOFT,False,0.8252543507362178,-2.0,False,False
NOR,23.0,MAG,957.6233333333304,HARD,8.0,9.0,SOFT,False,11.537630522088318,1.0,False,False
NOR,24.0,MAG,946.9822222222228,HARD,9.0,10.0,SOFT,False,11.409424364123167,1.0,True,False
NOR,25.0,GAS,637.297499999996,HARD,16.0,11.0,SOFT,False,7.678283132530073,-5.0,True,False
NOR,26.0,HUL,299.5211111111057,HARD,15.0,12.0,SOFT,False,3.6086880856759724,-3.0,True,False
NOR,27.0,DEV,349.370277777778,HARD,16.0,13.0,SOFT,True,4.209280455153952,-3.0,True,False
NOR,28.0,HUL,769.7791666666699,HARD,2.0,1.0,MEDIUM,False,9.274447791164697,-1.0,False,False
NOR,29.0,LEC,287.1458333333403,HARD,16.0,2.0,MEDIUM,False,3.459588353413739,-14.0,False,False
NOR,30.0,LEC,202.33277777777403,HARD,17.0,3.0,MEDIUM,False,2.4377443105755905,-14.0,False,False
NOR,31.0,LEC,117.33361111110844,HARD,18.0,4.0,MEDIUM,False,1.4136579651940775,-14.0,False,False
NOR,32.0,PER,713.5883333333313,SOFT,17.0,5.0,MEDIUM,False,8.597449799196763,-12.0,False,False
NOR,33.0,HUL,787.19888888889,HARD,7.0,6.0,MEDIUM,False,9.484323962516747,-1.0,False,False
NOR,34.0,HUL,799.8202777777824,HARD,8.0,7.0,MEDIUM,False,9.636388888888945,-1.0,True,False
NOR,35.0,VER,312.8313888888979,SOFT,21.0,8.0,MEDIUM,False,3.7690528781794925,-13.0,True,False
NOR,36.0,VER,202.61333333334187,SOFT,22.0,9.0,MEDIUM,False,2.4411244979920705,-13.0,True,False
NOR,37.0,VER,501.7883333333348,HARD,1.0,10.0,MEDIUM,True,6.045642570281142,9.0,True,True
NOR,38.0,OCO,650.840000000001,HARD,6.0,1.0,HARD,False,7.841445783132543,-5.0,False,False
NOR,39.0,HAM,131.89027777778028,HARD,9.0,2.0,HARD,False,1.5890394912985577,-7.0,False,False
NOR,40.0,HAM,280.59749999999894,HARD,10.0,3.0,HARD,False,3.3806927710843246,-7.0,False,False
NOR,41.0,HAM,245.30999999999585,HARD,11.0,4.0,HARD,False,2.955542168674649,-7.0,False,False
NOR,42.0,HAM,220.0180555555462,HARD,12.0,5.0,HARD,False,2.650819946452364,-7.0,False,False
NOR,43.0,HAM,168.0202777777822,HARD,13.0,6.0,HARD,False,2.024340696117858,-7.0,False,False
NOR,44.0,HAM,157.09833333333427,HARD,14.0,7.0,HARD,False,1.8927510040160755,-7.0,True,False
NOR,45.0,HAM,86.09027777777828,HARD,15.0,8.0,HARD,False,1.037232262382871,-7.0,True,False
NOR,46.0,HAM,50.25916666665671,HARD,16.0,9.0,HARD,False,0.6055321285139362,-7.0,True,False
NOR,47.0,HAM,263.6308333333245,HARD,17.0,10.0,HARD,True,3.1762751004015004,-7.0,True,False
NOR,48.0,HAM,1794.6722222222288,HARD,18.0,5.0,SOFT,False,21.622556894243722,-13.0,False,False
NOR,49.0,GAS,477.1730555555523,SOFT,9.0,6.0,SOFT,False,5.74907295850063,-3.0,False,False
NOR,50.0,GAS,354.77500000000146,SOFT,10.0,7.0,SOFT,False,4.274397590361463,-3.0,False,False
NOR,51.0,GAS,277.85138888889014,SOFT,11.0,8.0,SOFT,False,3.347607095046869,-3.0,True,False
NOR,52.0,GAS,199.9147222222291,SOFT,12.0,9.0,SOFT,False,2.408611111111194,-3.0,True,False
NOR,53.0,GAS,145.34138888889083,SOFT,13.0,10.0,SOFT,False,1.751101070950492,-3.0,True,False
NOR,54.0,GAS,351.4724999999962,SOFT,14.0,11.0,SOFT,True,4.234608433734894,-3.0,True,False
NOR,55.0,GAS,1761.9694444444458,SOFT,15.0,7.0,SOFT,False,21.228547523427057,-8.0,False,False
OCO,1.0,SAR,24.08472222221917,SOFT,1.0,4.0,SOFT,False,0.2901773761713153,3.0,False,False
OCO,2.0,NOR,52.53416666666544,SOFT,2.0,5.0,SOFT,False,0.6329417670682583,3.0,False,False
OCO,3.0,NOR,83.92444444444573,SOFT,3.0,6.0,SOFT,False,1.01113788487284,3.0,False,False
OCO,4.0,STR,139.1455555555567,SOFT,7.0,7.0,SOFT,False,1.6764524765729725,0.0,False,False
OCO,5.0,BOT,141.26916666666602,SOFT,5.0,8.0,SOFT,False,1.702038152610434,3.0,False,False
OCO,6.0,BOT,126.66638888888974,SOFT,6.0,9.0,SOFT,False,1.5261010709504788,3.0,False,False
OCO,7.0,BOT,129.9666666666717,SOFT,7.0,10.0,SOFT,False,1.5658634538153218,3.0,False,False
OCO,8.0,BOT,156.7030555555557,SOFT,8.0,11.0,SOFT,False,1.8879886211512733,3.0,False,False
OCO,9.0,BOT,177.69638888889222,SOFT,9.0,12.0,SOFT,False,2.1409203480589425,3.0,True,True
OCO,10.0,BOT,199.6161111111087,SOFT,10.0,13.0,SOFT,False,2.4050133868808277,3.0,True,True
OCO,11.0,STR,510.617777777773,SOFT,14.0,14.0,SOFT,False,6.152021419009313,0.0,True,False
OCO,12.0,ALO,681.4272222222244,SOFT,15.0,15.0,SOFT,True,8.209966532797884,0.0,True,False
OCO,13.0,ALB,36.4430555555582,SOFT,2.0,1.0,HARD,False,0.4390729585007012,-1.0,True,False
OCO,14.0,ALB,63.41777777777406,SOFT,3.0,2.0,HARD,False,0.7640696117804104,-1.0,True,False
OCO,15.0,MAG,25.10972222221517,HARD,15.0,3.0,HARD,True,0.30252677376162856,-12.0,True,False
OCO,16.0,MAG,931.4772222222192,HARD,1.0,4.0,HARD,False,11.22261713520746,3.0,False,False
OCO,17.0,NOR,253.1988888888909,HARD,7.0,5.0,HARD,False,3.050589022757722,-2.0,False,False
OCO,18.0,MAG,1017.7233333333334,HARD,3.0,6.0,HARD,False,12.261726907630523,3.0,False,False
OCO,19.0,MAG,1001.5763888888988,HARD,4.0,7.0,HARD,False,12.067185408299986,3.0,False,False
OCO,20.0,MAG,979.2372222222184,HARD,5.0,8.0,HARD,False,11.798038821954439,3.0,False,False
OCO,21.0,MAG,973.9041666666662,HARD,6.0,9.0,HARD,False,11.733785140562244,3.0,False,False
OCO,22.0,MAG,967.1475000000082,HARD,7.0,10.0,HARD,False,11.652379518072388,3.0,False,False
OCO,23.0,NOR,105.53083333333416,SOFT,9.0,11.0,HARD,False,1.2714558232931825,2.0,False,False
OCO,24.0,NOR,148.71305555555043,SOFT,10.0,12.0,HARD,False,1.7917235609102462,2.0,False,False
OCO,25.0,NOR,203.4238888888949,SOFT,11.0,13.0,HARD,False,2.450890227577047,2.0,False,False
OCO,26.0,NOR,326.3177777777828,SOFT,12.0,14.0,HARD,False,3.931539491298588,2.0,False,False
OCO,27.0,NOR,25.28055555555329,SOFT,13.0,15.0,HARD,False,0.3045850066934131,2.0,False,False
OCO,28.0,DEV,195.93222222221905,HARD,1.0,16.0,HARD,False,2.3606291834002295,15.0,False,False
OCO,29.0,MAG,317.9058333333405,HARD,14.0,17.0,HARD,False,3.8301907630522956,3.0,True,True
OCO,30.0,VER,365.8027777777807,SOFT,16.0,18.0,HARD,False,4.407262382864828,2.0,True,False
OCO,31.0,VER,551.2208333333356,SOFT,17.0,19.0,HARD,False,6.6412148594377785,2.0,True,False
OCO,32.0,HUL,201.7677777777853,HARD,6.0,20.0,HARD,True,2.430937081660064,14.0,True,True
OCO,33.0,NOR,1678.8858333333346,MEDIUM,6.0,1.0,HARD,False,20.227540160642587,-5.0,False,False
OCO,34.0,LEC,442.2386111111164,HARD,1.0,2.0,HARD,False,5.32817603748333,1.0,False,False
OCO,35.0,LEC,413.3055555555648,HARD,2.0,3.0,HARD,False,4.979585006693552,1.0,False,False
OCO,36.0,LEC,421.5336111111092,HARD,3.0,4.0,HARD,False,5.078718206157943,1.0,False,False
OCO,37.0,NOR,197.28722222222405,MEDIUM,10.0,5.0,HARD,False,2.376954484605109,-5.0,False,False
OCO,38.0,LEC,431.6380555555543,HARD,5.0,6.0,HARD,False,5.2004585006693285,1.0,True,False
OCO,39.0,PER,1057.3475000000008,HARD,5.0,7.0,HARD,False,12.739126506024105,2.0,True,False
OCO,40.0,PER,1143.1013888888965,HARD,6.0,8.0,HARD,False,13.772305890227669,2.0,True,False
OCO,41.0,HUL,1483.733333333329,SOFT,4.0,9.0,HARD,True,17.87630522088348,5.0,True,True
PER,1.0,LEC,102.8547222222196,SOFT,1.0,4.0,SOFT,False,1.2392135207496338,3.0,False,False
PER,2.0,LEC,79.17611111111273,SOFT,2.0,5.0,SOFT,False,0.9539290495314787,3.0,False,False
PER,3.0,LEC,87.07805555556115,SOFT,3.0,6.0,SOFT,False,1.0491331994645923,3.0,False,False
PER,4.0,LEC,90.31833333333816,SOFT,4.0,7.0,SOFT,False,1.0881726907631104,3.0,False,False
PER,5.0,LEC,91.17388888889673,SOFT,5.0,8.0,SOFT,False,1.0984805890228522,3.0,False,False
PER,6.0,LEC,80.60138888889924,SOFT,6.0,9.0,SOFT,False,0.9711010709505932,3.0,False,False
PER,7.0,LEC,88.23944444444533,SOFT,7.0,10.0,SOFT,False,1.0631258366800642,3.0,False,False
PER,8.0,LEC,125.50222222222328,SOFT,8.0,11.0,SOFT,False,1.5120749665328106,3.0,False,False
PER,9.0,LEC,128.96638888889265,SOFT,9.0,12.0,SOFT,False,1.553811914324008,3.0,False,False
PER,10.0,LEC,125.1166666666668,SOFT,10.0,13.0,SOFT,False,1.5074297188755037,3.0,False,False
PER,11.0,LEC,143.25555555556184,SOFT,11.0,14.0,SOFT,False,1.7259705488621908,3.0,False,False
PER,12.0,LEC,121.59611111110098,SOFT,12.0,15.0,SOFT,False,1.4650133868807347,3.0,False,False
PER,13.0,VER,711.1158333333397,SOFT,16.0,16.0,SOFT,False,8.567660642570358,0.0,False,False
PER,14.0,VER,105.90888888889732,SOFT,17.0,17.0,SOFT,False,1.276010709504787,0.0,True,False
PER,15.0,VER,18.118888888888875,SOFT,1.0,18.0,SOFT,False,0.21829986613119126,17.0,True,True
PER,16.0,,,,,19.0,SOFT,False,,,True,False
PER,17.0,,,,,20.0,SOFT,True,,,True,False
PER,18.0,LEC,310.4622222222169,HARD,5.0,3.0,SOFT,False,3.7405087014724927,-2.0,False,False
PER,19.0,LEC,317.086388888888,HARD,6.0,4.0,SOFT,False,3.820317938420337,-2.0,False,False
PER,20.0,LEC,291.35833333333176,HARD,7.0,5.0,SOFT,False,3.5103413654618283,-2.0,False,False
PER,21.0,LEC,260.3850000000002,HARD,8.0,6.0,SOFT,False,3.1371686746987977,-2.0,False,False
PER,22.0,LEC,164.91361111110928,HARD,9.0,7.0,SOFT,False,1.9869109772422804,-2.0,False,False
PER,23.0,LEC,107.5258333333286,HARD,10.0,8.0,SOFT,False,1.295491967871429,-2.0,False,False
PER,24.0,LEC,48.24388888889007,HARD,11.0,9.0,SOFT,False,0.5812516733601213,-2.0,False,False
PER,25.0,LEC,52.00277777777683,HARD,12.0,10.0,SOFT,False,0.626539491298516,-2.0,False,False
PER,26.0,VER,817.3061111111147,SOFT,12.0,11.0,SOFT,False,9.847061579651983,-1.0,False,False
PER,27.0,VER,814.2169444444453,SOFT,13.0,12.0,SOFT,False,9.809842704149943,-1.0,False,False
PER,28.0,VER,791.2111111111117,SOFT,14.0,13.0,SOFT,False,9.532663989290501,-1.0,False,False
PER,29.0,VER,787.9711111111073,SOFT,15.0,14.0,SOFT,False,9.493627844712137,-1.0,False,False
PER,30.0,VER,811.4316666666646,SOFT,16.0,15.0,SOFT,False,9.776285140562223,-1.0,False,False
PER,31.0,VER,805.4755555555603,SOFT,17.0,16.0,SOFT,False,9.704524765729643,-1.0,True,False
PER,32.0,VER,813.649166666668,SOFT,18.0,17.0,SOFT,False,9.803002008032143,-1.0,True,False
PER,33.0,VER,811.4438888888826,SOFT,19.0,18.0,SOFT,False,9.776432396251598,-1.0,True,False
PER,34.0,VER,951.8977777777808,SOFT,20.0,19.0,SOFT,True,11.468647925033503,-1.0,True,False
PER,35.0,NOR,788.9983333333312,MEDIUM,8.0,1.0,HARD,False,9.506004016064232,-7.0,False,False
PER,36.0,VER,731.469166666674,SOFT,22.0,2.0,HARD,False,8.812881526104507,-20.0,False,False
PER,37.0,VER,757.1419444444473,HARD,1.0,3.0,HARD,False,9.122192101740328,2.0,False,False
PER,38.0,VER,739.1358333333328,HARD,2.0,4.0,HARD,False,8.905251004016058,2.0,False,False
PER,39.0,VER,738.1038888888907,HARD,3.0,5.0,HARD,False,8.89281793842037,2.0,False,False
PER,40.0,VER,732.0069444444425,HARD,4.0,6.0,HARD,False,8.819360776439067,2.0,False,False
PER,41.0,VER,730.2741666666734,HARD,5.0,7.0,HARD,False,8.798483935743054,2.0,False,False
PER,42.0,VER,695.9108333333288,HARD,6.0,8.0,HARD,False,8.384467871485889,2.0,False,False
PER,43.0,VER,674.6205555555516,HARD,7.0,9.0,HARD,False,8.127958500669296,2.0,False,False
PER,44.0,VER,695.1441666666678,HARD,8.0,10.0,HARD,False,8.375230923694794,2.0,False,False
PER,45.0,VER,695.436111111112,HARD,9.0,11.0,HARD,False,8.378748326639904,2.0,False,False
PER,46.0,VER,716.8341666666602,HARD,10.0,12.0,HARD,False,8.63655622489952,2.0,False,False
PER,47.0,VER,718.6475000000019,HARD,11.0,13.0,HARD,False,8.658403614457853,2.0,False,False
PER,48.0,VER,711.1511111111113,HARD,12.0,14.0,HARD,False,8.568085676037485,2.0,False,False
PER,49.0,VER,732.248611111112,HARD,13.0,15.0,HARD,False,8.822272423025446,2.0,False,False
PER,50.0,VER,721.8902777777766,HARD,14.0,16.0,HARD,False,8.697473226238273,2.0,False,False
PER,51.0,VER,727.6586111111137,HARD,15.0,17.0,HARD,False,8.766971218206189,2.0,False,False
PER,52.0,VER,736.1597222222108,HARD,16.0,18.0,HARD,False,8.869394243641095,2.0,False,False
PER,53.0,VER,748.2872222222231,HARD,17.0,19.0,HARD,False,9.015508701472568,2.0,False,False
PER,54.0,VER,770.966944444438,HARD,18.0,20.0,HARD,False,9.288758366800458,2.0,False,False
PER,55.0,VER,757.5772222222258,HARD,19.0,21.0,HARD,False,9.127436412315975,2.0,False,False
PER,56.0,VER,727.2550000000001,HARD,20.0,22.0,HARD,False,8.76210843373494,2.0,False,False
PER,57.0,VER,690.9755555555575,HARD,21.0,23.0,HARD,False,8.325006693440452,2.0,False,False
PIA,1.0,OCO,73.61361111111546,SOFT,4.0,1.0,SOFT,False,0.8869109772423549,-3.0,False,False
PIA,2.0,TSU,24.026111111113096,SOFT,2.0,2.0,SOFT,False,0.2894712182061819,0.0,False,False
PIA,3.0,TSU,52.60472222222597,SOFT,3.0,3.0,SOFT,False,0.6337918340027225,0.0,False,False
PIA,4.0,HUL,82.99277777778116,SOFT,7.0,4.0,SOFT,False,0.9999129852744718,-3.0,False,False
PIA,5.0,HUL,66.89361111110975,SOFT,8.0,5.0,SOFT,False,0.8059471218205994,-3.0,False,False
PIA,6.0,HUL,58.52499999999873,SOFT,9.0,6.0,SOFT,False,0.7051204819276955,-3.0,False,False
PIA,7.0,HUL,67.83305555555307,SOFT,10.0,7.0,SOFT,False,0.8172657295849768,-3.0,False,False
PIA,8.0,HUL,88.10638888889116,SOFT,11.0,8.0,SOFT,False,1.061522757697484,-3.0,False,False
PIA,9.0,HUL,73.67027777778003,SOFT,12.0,9.0,SOFT,False,0.8875937081660245,-3.0,False,False
PIA,10.0,TSU,4.351944444447327,SOFT,10.0,10.0,SOFT,False,0.052433065595750936,0.0,True,False
PIA,11.0,ALB,68.85611111111302,SOFT,11.0,11.0,SOFT,False,0.8295917001338918,0.0,True,False
PIA,12.0,SAR,5.679722222219425,SOFT,12.0,12.0,SOFT,False,0.06843038821951114,0.0,True,False
PIA,13.0,SAR,280.22333333333154,SOFT,1.0,13.0,SOFT,True,3.3761847389558017,12.0,True,True
RUS,1.0,HAM,27.03111111110502,SOFT,4.0,4.0,SOFT,False,0.325676037483193,0.0,False,False
RUS,2.0,HAM,48.41583333333711,SOFT,5.0,5.0,SOFT,False,0.5833232931727362,0.0,False,False
RUS,3.0,HAM,63.044166666658384,SOFT,6.0,6.0,SOFT,False,0.7595682730922697,0.0,False,False
RUS,4.0,HAM,53.50777777777421,SOFT,7.0,7.0,SOFT,False,0.6446720214189664,0.0,False,False
RUS,5.0,HAM,63.80750000000535,SOFT,8.0,8.0,SOFT,False,0.7687650602410283,0.0,False,False
RUS,6.0,HAM,68.68750000000364,SOFT,9.0,9.0,SOFT,False,0.8275602409638992,0.0,False,False
RUS,7.0,HAM,81.84888888889418,SOFT,10.0,10.0,SOFT,False,0.98613119143246,0.0,False,False
RUS,8.0,HAM,85.96527777777374,SOFT,11.0,11.0,SOFT,False,1.0357262382864305,0.0,False,False
RUS,9.0,HAM,101.85194444444642,SOFT,12.0,12.0,SOFT,False,1.2271318607764627,0.0,False,False
RUS,10.0,HAM,120.03694444444864,SOFT,13.0,13.0,SOFT,False,1.4462282463186582,0.0,True,False
RUS,11.0,HAM,156.07222222222117,SOFT,14.0,14.0,SOFT,False,1.8803882195448334,0.0,True,False
RUS,12.0,SAI,494.510555555561,SOFT,15.0,15.0,SOFT,False,5.95795850066941,0.0,True,False
RUS,13.0,STR,156.31583333333674,SOFT,16.0,16.0,SOFT,True,1.8833232931727317,0.0,True,False
RUS,14.0,BOT,254.7063888888952,HARD,3.0,1.0,HARD,False,3.068751673360183,-2.0,False,False
RUS,15.0,ALO,74.52194444445377,HARD,1.0,2.0,HARD,False,0.8978547523428164,1.0,False,False
RUS,16.0,ALO,91.61972222222084,HARD,2.0,3.0,HARD,False,1.1038520749665162,1.0,False,False
RUS,17.0,BOT,24.176111111110917,HARD,6.0,4.0,HARD,False,0.2912784471218183,-2.0,False,False
RUS,18.0,ALO,136.69694444444212,HARD,4.0,5.0,HARD,False,1.646951137884845,1.0,False,False
RUS,19.0,ALO,138.58805555555136,HARD,5.0,6.0,HARD,False,1.6697356091030284,1.0,False,False
RUS,20.0,ALO,176.76222222222168,HARD,6.0,7.0,HARD,False,2.1296653279785747,1.0,False,False
RUS,21.0,ALO,184.86722222222303,HARD,7.0,8.0,HARD,False,2.2273159303882295,1.0,False,False
RUS,22.0,ALO,202.6166666666641,HARD,8.0,9.0,HARD,False,2.441164658634507,1.0,False,False
RUS,23.0,ALO,286.7427777777757,HARD,9.0,10.0,HARD,False,3.45473226238284,1.0,False,False
RUS,24.0,ALO,368.5449999999973,HARD,10.0,11.0,HARD,False,4.440301204819244,1.0,False,False
RUS,25.0,ALO,373.9530555555557,HARD,11.0,12.0,HARD,False,4.505458500669346,1.0,False,False
RUS,26.0,ALO,383.6102777777815,HARD,12.0,13.0,HARD,False,4.621810575635922,1.0,False,False
RUS,27.0,ALO,378.02277777777454,HARD,13.0,14.0,HARD,False,4.554491298527404,1.0,False,False
RUS,28.0,ALO,412.4022222222257,HARD,14.0,15.0,HARD,False,4.968701472556936,1.0,True,False
RUS,29.0,ALO,443.054444444444,HARD,15.0,16.0,HARD,False,5.338005354752338,1.0,True,False
RUS,30.0,HAM,89.46277777778141,HARD,18.0,17.0,HARD,False,1.0778647925033904,-1.0,True,False
RUS,31.0,SAI,115.71083333333354,HARD,18.0,18.0,HARD,True,1.3941064257028137,0.0,True,False
RUS,32.0,STR,72.36833333333198,HARD,2.0,1.0,HARD,False,0.871907630522072,-1.0,False,False
RUS,33.0,STR,84.82583333333332,HARD,3.0,2.0,HARD,False,1.0219979919678714,-1.0,False,False
RUS,34.0,STR,91.03055555556148,HARD,4.0,3.0,HARD,False,1.096753681392307,-1.0,False,False
RUS,35.0,STR,100.92444444444028,HARD,5.0,4.0,HARD,False,1.2159571619812082,-1.0,False,False
RUS,36.0,STR,86.12055555555435,HARD,6.0,5.0,HARD,False,1.037597054886197,-1.0,False,False
RUS,37.0,STR,121.7133333333295,HARD,7.0,6.0,HARD,False,1.4664257028111989,-1.0,False,False
RUS,38.0,STR,142.54944444444118,HARD,8.0,7.0,HARD,False,1.7174631860776046,-1.0,False,False
RUS,39.0,STR,141.9933333333347,HARD,9.0,8.0,HARD,False,1.710763052208852,-1.0,False,False
RUS,40.0,STR,139.86583333333328,HARD,10.0,9.0,HARD,False,1.6851305220883528,-1.0,False,False
RUS,41.0,STR,102.64777777777454,HARD,11.0,10.0,HARD,False,1.2367202141900546,-1.0,False,False
RUS,42.0,STR,90.6227777777758,HARD,12.0,11.0,HARD,False,1.0918406961177807,-1.0,False,False
RUS,43.0,STR,114.5302777777797,HARD,13.0,12.0,HARD,False,1.3798828647925265,-1.0,False,False
RUS,44.0,STR,148.70194444444132,HARD,14.0,13.0,HARD,False,1.7915896921017027,-1.0,False,False
RUS,45.0,STR,142.75611111110993,HARD,15.0,14.0,HARD,False,1.7199531459169872,-1.0,False,False
RUS,46.0,STR,150.41333333333478,HARD,16.0,15.0,HARD,False,1.8122088353413828,-1.0,False,False
RUS,47.0,STR,151.86472222222892,HARD,17.0,16.0,HARD,False,1.8296954484605894,-1.0,False,False
RUS,48.0,STR,141.9380555555599,HARD,18.0,17.0,HARD,False,1.710097054886264,-1.0,False,False
RUS,49.0,STR,155.35361111111615,HARD,19.0,18.0,HARD,False,1.871730254350797,-1.0,False,False
RUS,50.0,STR,176.63472222222845,HARD,20.0,19.0,HARD,False,2.128129183400343,-1.0,False,False
RUS,51.0,STR,179.33111111111612,HARD,21.0,20.0,HARD,False,2.160615796519471,-1.0,False,False
RUS,52.0,STR,166.16472222222183,HARD,22.0,21.0,HARD,False,2.00198460508701,-1.0,False,False
RUS,53.0,STR,138.06444444444332,HARD,23.0,22.0,HARD,False,1.663427041499317,-1.0,False,False
RUS,54.0,STR,136.48944444443987,HARD,24.0,23.0,HARD,False,1.6444511378848177,-1.0,False,False
RUS,55.0,STR,156.66444444443914,HARD,25.0,24.0,HARD,False,1.8875234270414354,-1.0,False,False
RUS,56.0,STR,131.136944444439,HARD,26.0,25.0,HARD,False,1.5799631860775782,-1.0,False,False
RUS,57.0,STR,105.71999999999844,HARD,27.0,26.0,HARD,False,1.2737349397590172,-1.0,False,False
SAI,1.0,PER,20.13666666666813,SOFT,4.0,4.0,SOFT,False,0.2426104417670859,0.0,False,False
SAI,2.0,PER,80.99861111110204,SOFT,5.0,5.0,SOFT,False,0.9758868808566511,0.0,False,False
SAI,3.0,PER,67.62694444444605,SOFT,6.0,6.0,SOFT,False,0.814782463186097,0.0,False,False
SAI,4.0,PER,109.51444444444678,SOFT,7.0,7.0,SOFT,False,1.319451137884901,0.0,False,False
SAI,5.0,PER,140.22277777777344,SOFT,8.0,8.0,SOFT,False,1.6894310575635354,0.0,False,False
SAI,6.0,PER,194.39638888887657,SOFT,9.0,9.0,SOFT,False,2.3421251673358623,0.0,False,False
SAI,7.0,PER,257.71750000000065,SOFT,10.0,10.0,SOFT,False,3.1050301204819357,0.0,False,False
SAI,8.0,PER,323.79555555555726,SOFT,11.0,11.0,SOFT,False,3.901151271753702,0.0,False,False
SAI,9.0,PER,381.795000000001,SOFT,12.0,12.0,SOFT,False,4.599939759036157,0.0,False,False
SAI,10.0,PER,485.3808333333309,SOFT,13.0,13.0,SOFT,False,5.847961847389529,0.0,True,False
SAI,11.0,PER,564.9874999999956,SOFT,14.0,14.0,SOFT,False,6.807078313252959,0.0,True,False
SAI,12.0,PER,656.4119444444514,SOFT,15.0,15.0,SOFT,False,7.9085776439090525,0.0,True,False
SAI,13.0,LEC,144.16500000000906,SOFT,13.0,16.0,SOFT,True,1.7369277108434826,3.0,True,True
SAI,14.0,ALO,216.7019444444504,SOFT,17.0,1.0,HARD,False,2.610866800535547,-16.0,False,False
SAI,15.0,STR,179.08972222222835,SOFT,18.0,2.0,HARD,False,2.1577074966533534,-16.0,False,False
SAI,16.0,LEC,760.2433333333383,HARD,3.0,3.0,HARD,False,9.159558232931786,0.0,False,False
SAI,17.0,PER,670.2580555555587,SOFT,20.0,4.0,HARD,False,8.075398259705526,-16.0,False,False
SAI,18.0,PER,658.0202777777822,SOFT,3.0,5.0,HARD,False,7.927955153949183,2.0,False,False
SAI,19.0,PER,639.9719444444381,SOFT,4.0,6.0,HARD,False,7.710505354752266,2.0,False,False
SAI,20.0,PER,683.7555555555537,SOFT,5.0,7.0,HARD,False,8.238018741633176,2.0,False,False
SAI,21.0,PER,695.5969444444472,SOFT,6.0,8.0,HARD,False,8.380686077643942,2.0,False,False
SAI,22.0,PER,721.7277777777817,SOFT,7.0,9.0,HARD,False,8.695515394913032,2.0,False,False
SAI,23.0,PER,765.0327777777748,SOFT,8.0,10.0,HARD,False,9.217262382864757,2.0,False,False
SAI,24.0,PER,823.213055555555,SOFT,9.0,11.0,HARD,False,9.918229585006687,2.0,False,False
SAI,25.0,PER,779.8108333333294,SOFT,10.0,12.0,HARD,False,9.395311244979872,2.0,False,False
SAI,26.0,LEC,783.6033333333316,HARD,13.0,13.0,HARD,False,9.441004016064237,0.0,False,False
SAI,27.0,LEC,767.530555555546,HARD,14.0,14.0,HARD,False,9.247356091030674,0.0,False,False
SAI,28.0,LEC,746.0513888888881,HARD,15.0,15.0,HARD,False,8.988570950468532,0.0,True,False
SAI,29.0,LEC,743.5716666666585,HARD,16.0,16.0,HARD,False,8.958694779116367,0.0,True,False
SAI,30.0,LEC,770.3902777777776,HARD,17.0,17.0,HARD,False,9.281810575635873,0.0,True,False
SAI,31.0,LEC,863.098333333337,HARD,18.0,18.0,HARD,True,10.39877510040165,0.0,True,False
SAI,32.0,ALO,1038.269722222224,HARD,18.0,1.0,HARD,False,12.50927376171354,-17.0,False,False
SAI,33.0,LEC,725.1766666666708,HARD,20.0,2.0,HARD,False,8.737068273092419,-18.0,False,False
SAI,34.0,ALO,252.49888888888745,HARD,20.0,3.0,HARD,False,3.042155287817921,-17.0,False,False
SAI,35.0,LEC,669.9344444444432,HARD,2.0,4.0,HARD,False,8.071499330655943,2.0,False,False
SAI,36.0,LEC,721.6227777777804,HARD,3.0,5.0,HARD,False,8.694250334672052,2.0,False,False
SAI,37.0,LEC,704.0919444444398,HARD,4.0,6.0,HARD,False,8.483035475234216,2.0,False,False
SAI,38.0,LEC,690.0874999999951,HARD,5.0,7.0,HARD,False,8.314307228915604,2.0,False,False
SAI,39.0,LEC,715.4374999999991,HARD,6.0,8.0,HARD,False,8.61972891566264,2.0,False,False
SAI,40.0,PER,1366.047777777777,HARD,6.0,9.0,HARD,False,16.458406961178035,3.0,False,False
SAI,41.0,PER,1324.823055555561,HARD,7.0,10.0,HARD,False,15.961723560910373,3.0,False,False
SAI,42.0,PER,1419.996111111118,HARD,8.0,11.0,HARD,False,17.10838688085684,3.0,False,False
SAI,43.0,PER,1453.748333333332,HARD,9.0,12.0,HARD,False,17.515040160642556,3.0,False,False
SAI,44.0,PER,1463.2147222222147,HARD,10.0,13.0,HARD,False,17.629093038821864,3.0,False,False
SAI,45.0,ALO,73.70722222222139,HARD,11.0,14.0,HARD,False,0.8880388219544746,3.0,False,False
SAI,46.0,ALO,144.36555555555242,HARD,12.0,15.0,HARD,False,1.739344042837981,3.0,False,False
SAI,47.0,ALO,197.1269444444424,HARD,13.0,16.0,HARD,False,2.3750234270414747,3.0,False,False
SAI,48.0,ALO,300.59222222222616,HARD,14.0,17.0,HARD,False,3.621593038822002,3.0,False,False
SAI,49.0,ALO,381.8419444444417,HARD,15.0,18.0,HARD,False,4.600505354752309,3.0,False,False
SAI,50.0,ALO,507.46361111111673,HARD,16.0,19.0,HARD,False,6.11401941097731,3.0,False,False
SAI,51.0,ALO,550.305555555562,HARD,17.0,20.0,HARD,False,6.630187416332072,3.0,False,False
SAI,52.0,ALO,586.8997222222215,HARD,18.0,21.0,HARD,False,7.0710809906291745,3.0,False,False
SAI,53.0,ALO,629.6438888888888,HARD,19.0,22.0,HARD,False,7.58607095046854,3.0,False,False
SAI,54.0,ALO,632.0841666666711,HARD,20.0,23.0,HARD,False,7.615471887550254,3.0,False,False
SAI,55.0,ALO,671.0133333333288,HARD,21.0,24.0,HARD,False,8.084497991967817,3.0,False,False
SAI,56.0,ALO,654.8819444444471,HARD,22.0,25.0,HARD,False,7.890143908969242,3.0,False,False
SAI,57.0,ALO,513.415277777779,HARD,23.0,26.0,HARD,False,6.185726238286494,3.0,False,False
SAR,1.0,ALB,6.330833333331611,SOFT,1.0,1.0,SOFT,False,0.07627510040158568,0.0,False,False
SAR,2.0,ALB,33.08499999999822,SOFT,2.0,2.0,SOFT,False,0.39861445783130384,0.0,False,False
SAR,3.0,ALB,51.70583333332979,SOFT,3.0,3.0,SOFT,False,0.6229618473895155,0.0,False,False
SAR,4.0,NOR,57.53222222222303,SOFT,4.0,4.0,SOFT,False,0.6931593038822051,0.0,False,False
SAR,5.0,NOR,95.17555555555464,SOFT,5.0,5.0,SOFT,False,1.146693440428369,0.0,False,False
SAR,6.0,NOR,61.12111111110698,SOFT,6.0,6.0,SOFT,False,0.7363989290494817,0.0,False,False
SAR,7.0,NOR,66.66972222222375,SOFT,7.0,7.0,SOFT,False,0.803249665327997,0.0,False,False
SAR,8.0,NOR,87.30611111110738,SOFT,8.0,8.0,SOFT,False,1.05188085676033,0.0,False,False
SAR,9.0,NOR,97.2163888888872,SOFT,9.0,9.0,SOFT,False,1.1712817938420144,0.0,True,False
SAR,10.0,ALB,186.5594444444496,SOFT,10.0,10.0,SOFT,False,2.247704149933128,0.0,True,False
SAR,11.0,BOT,112.67888888888685,SOFT,11.0,11.0,SOFT,False,1.3575769745649018,0.0,True,False
SAR,12.0,OCO,119.64222222222908,SOFT,15.0,12.0,SOFT,True,1.4414725568943263,-3.0,True,False
SAR,13.0,GAS,82.61250000000018,HARD,4.0,1.0,SOFT,False,0.995331325301207,-3.0,False,False
SAR,14.0,GAS,69.39333333333343,HARD,5.0,2.0,SOFT,False,0.8360642570281136,-3.0,False,False
SAR,15.0,OCO,45.24555555556071,HARD,3.0,3.0,SOFT,False,0.5451271753682013,0.0,False,False
SAR,16.0,GAS,81.90111111111219,HARD,7.0,4.0,SOFT,False,0.986760374832677,-3.0,False,False
SAR,17.0,GAS,102.14000000000306,HARD,8.0,5.0,SOFT,False,1.230602409638591,-3.0,False,False
SAR,18.0,GAS,135.32527777777796,HARD,9.0,6.0,SOFT,False,1.6304250334672044,-3.0,False,False
SAR,19.0,GAS,163.09305555555056,HARD,10.0,7.0,SOFT,False,1.9649765729584405,-3.0,False,False
SAR,20.0,GAS,158.774999999996,HARD,11.0,8.0,SOFT,False,1.9129518072288674,-3.0,False,False
SAR,21.0,GAS,193.50805555555417,HARD,12.0,9.0,SOFT,False,2.331422356091014,-3.0,False,False
SAR,22.0,GAS,177.5147222222322,HARD,13.0,10.0,SOFT,False,2.138731593038942,-3.0,False,False
SAR,23.0,GAS,210.4819444444456,HARD,14.0,11.0,SOFT,False,2.5359270414993444,-3.0,False,False
SAR,24.0,GAS,214.04666666666617,HARD,15.0,12.0,SOFT,False,2.5788755020080263,-3.0,False,False
SAR,25.0,TSU,326.6766666666663,HARD,15.0,13.0,SOFT,False,3.9358634538152564,-2.0,False,False
SAR,26.0,ALB,30.282222222221208,SOFT,15.0,14.0,SOFT,False,0.36484605087013505,-1.0,False,False
SAR,27.0,BOT,754.8561111111076,HARD,16.0,15.0,SOFT,False,9.094651941097682,-1.0,True,False
SAR,28.0,BOT,760.1802777777721,HARD,17.0,16.0,SOFT,False,9.158798527443038,-1.0,True,False
SAR,29.0,BOT,237.4608333333208,HARD,18.0,17.0,SOFT,False,2.860973895582178,-1.0,True,False
SAR,30.0,ZHO,31.993333333327428,HARD,18.0,18.0,SOFT,True,0.3854618473894871,0.0,True,False
SAR,31.0,TSU,701.706388888887,HARD,5.0,1.0,HARD,False,8.454293842034783,-4.0,False,False
SAR,32.0,TSU,730.596944444439,HARD,6.0,2.0,HARD,False,8.802372824631796,-4.0,False,False
SAR,33.0,ALB,700.9494444444408,HARD,7.0,3.0,HARD,False,8.445174029451094,-4.0,False,False
SAR,34.0,TSU,710.3402777777837,HARD,8.0,4.0,HARD,False,8.558316599732334,-4.0,False,False
SAR,35.0,TSU,724.8213888888913,HARD,9.0,5.0,HARD,False,8.73278781793845,-4.0,False,False
SAR,36.0,TSU,667.3922222222245,HARD,10.0,6.0,HARD,False,8.040870147255717,-4.0,False,False
SAR,37.0,TSU,699.1397222222176,HARD,11.0,7.0,HARD,False,8.423370147255634,-4.0,True,False
SAR,38.0,TSU,699.3541666666688,HARD,12.0,8.0,HARD,False,8.42595381526107,-4.0,True,False
SAR,39.0,GAS,702.8519444444473,HARD,14.0,9.0,HARD,False,8.46809571619816,-5.0,True,False
SAR,40.0,GAS,194.0994444444459,HARD,15.0,10.0,HARD,True,2.338547523427059,-5.0,True,False
SAR,41.0,TSU,593.7416666666677,SOFT,4.0,1.0,SOFT,False,7.153514056224912,-3.0,False,False
SAR,42.0,ZHO,270.55083333333914,SOFT,13.0,2.0,SOFT,False,3.25964859437758,-11.0,False,False
SAR,43.0,DEV,16.8030555555506,HARD,16.0,3.0,SOFT,False,0.20244645247651324,-13.0,False,False
SAR,44.0,ZHO,115.41722222221688,SOFT,15.0,4.0,SOFT,False,1.3905689424363479,-11.0,False,False
SAR,45.0,ZHO,68.68166666666639,SOFT,16.0,5.0,SOFT,False,0.827489959839354,-11.0,False,False
SAR,46.0,ZHO,59.23916666665991,SOFT,17.0,6.0,SOFT,False,0.7137248995983122,-11.0,False,False
SAR,47.0,TSU,615.7586111111104,SOFT,10.0,7.0,SOFT,False,7.418778447121812,-3.0,False,False
SAR,48.0,TSU,626.7319444444383,SOFT,11.0,8.0,SOFT,False,7.550987282463113,-3.0,False,False
SAR,49.0,TSU,613.9286111111041,SOFT,12.0,9.0,SOFT,False,7.396730254350652,-3.0,False,False
SAR,50.0,TSU,562.9313888888864,SOFT,13.0,10.0,SOFT,False,6.782305890227548,-3.0,False,False
SAR,51.0,TSU,548.5094444444376,SOFT,14.0,11.0,SOFT,False,6.608547523426958,-3.0,False,False
SAR,52.0,TSU,580.6008333333311,SOFT,15.0,12.0,SOFT,False,6.995190763052182,-3.0,False,False
SAR,53.0,TSU,573.6933333333318,SOFT,16.0,13.0,SOFT,False,6.911967871485925,-3.0,False,False
SAR,54.0,TSU,576.724444444435,SOFT,17.0,14.0,SOFT,False,6.948487282463073,-3.0,False,False
SAR,55.0,TSU,612.9316666666637,SOFT,18.0,15.0,SOFT,False,7.384718875501972,-3.0,False,False
SAR,56.0,TSU,703.0508333333337,SOFT,19.0,16.0,SOFT,False,8.47049196787149,-3.0,False,False
STR,1.0,NOR,18.15555555555329,SOFT,1.0,4.0,SOFT,False,0.2187416331994372,3.0,False,False
STR,2.0,BOT,47.74694444444958,SOFT,2.0,5.0,SOFT,False,0.5752643908969829,3.0,False,False
STR,3.0,BOT,82.76361111111692,SOFT,3.0,6.0,SOFT,False,0.9971519410977941,3.0,False,False
STR,4.0,BOT,69.0108333333319,SOFT,4.0,7.0,SOFT,False,0.8314558232931555,3.0,False,False
STR,5.0,ALO,115.85694444444744,SOFT,8.0,8.0,SOFT,False,1.3958668005355113,0.0,False,False
STR,6.0,ALO,108.31500000000688,SOFT,9.0,9.0,SOFT,False,1.3050000000000828,0.0,False,False
STR,7.0,ALO,122.2486111111075,SOFT,10.0,10.0,SOFT,False,1.4728748326639458,0.0,False,False
STR,8.0,ALO,85.514722222214,SOFT,11.0,11.0,SOFT,False,1.030297858098964,0.0,False,False
STR,9.0,ALO,88.10277777777628,SOFT,12.0,12.0,SOFT,False,1.061479250334654,0.0,False,False
STR,10.0,ALO,106.93749999999818,SOFT,13.0,13.0,SOFT,False,1.2884036144578095,0.0,False,False
STR,11.0,ALO,71.89138888888283,SOFT,14.0,14.0,SOFT,False,0.8661613119142509,0.0,False,False
STR,12.0,HAM,36.8794444444402,SOFT,15.0,15.0,SOFT,False,0.4443306559571109,0.0,True,False
STR,13.0,SAI,136.87277777777217,SOFT,16.0,16.0,SOFT,False,1.6490696117803876,0.0,True,False
STR,14.0,ALO,0.3152777777795563,SOFT,17.0,17.0,SOFT,False,0.003798527443127184,0.0,True,False
STR,15.0,LEC,159.73249999999734,HARD,2.0,18.0,SOFT,True,1.924487951807197,16.0,True,True
STR,16.0,RUS,353.2680555555662,HARD,3.0,1.0,HARD,False,4.2562416331995925,-2.0,False,False
STR,17.0,RUS,263.0369444444568,HARD,4.0,2.0,HARD,False,3.169119812583817,-2.0,False,False
STR,18.0,BOT,73.50027777776904,HARD,7.0,3.0,HARD,False,0.8855455153948077,-4.0,False,False
STR,19.0,BOT,32.99833333333936,HARD,8.0,4.0,HARD,False,0.3975702811245706,-4.0,False,False
STR,20.0,RUS,166.59916666666868,HARD,7.0,5.0,HARD,False,2.007218875502032,-2.0,False,False
STR,21.0,RUS,183.94972222222717,HARD,8.0,6.0,HARD,False,2.2162617135208094,-2.0,False,False
STR,22.0,RUS,203.0527777777797,HARD,9.0,7.0,HARD,False,2.44641900937084,-2.0,False,False
STR,23.0,RUS,153.79277777778134,HARD,10.0,8.0,HARD,False,1.8529250334672451,-2.0,False,False
STR,24.0,RUS,136.7480555555603,HARD,11.0,9.0,HARD,False,1.647566934404341,-2.0,False,False
STR,25.0,RUS,143.78305555555653,HARD,12.0,10.0,HARD,False,1.7323259705488738,-2.0,False,False
STR,26.0,RUS,141.6172222222276,HARD,13.0,11.0,HARD,False,1.706231593038887,-2.0,False,False
STR,27.0,RUS,146.98861111111546,HARD,14.0,12.0,HARD,False,1.7709471218206683,-2.0,True,False
STR,28.0,RUS,181.30055555555828,HARD,15.0,13.0,HARD,False,2.1843440428380516,-2.0,True,False
STR,29.0,RUS,193.0644444444397,HARD,16.0,14.0,HARD,False,2.3260776439089117,-2.0,True,False
STR,30.0,RUS,424.6327777777806,HARD,17.0,15.0,HARD,True,5.1160575635877175,-2.0,True,False
STR,31.0,RUS,333.2969444444443,HARD,18.0,1.0,HARD,False,4.0156258366800515,-17.0,False,False
STR,32.0,HAM,536.4822222222201,HARD,2.0,2.0,HARD,False,6.463641231593013,0.0,False,False
STR,33.0,HAM,516.1663888888861,HARD,3.0,3.0,HARD,False,6.218872155287785,0.0,False,False
STR,34.0,ALO,442.30083333333096,HARD,20.0,4.0,HARD,False,5.328925702811216,-16.0,False,False
STR,35.0,ALO,407.7955555555545,HARD,1.0,5.0,HARD,False,4.9131994645247525,4.0,False,False
STR,36.0,ALO,532.2261111111138,HARD,2.0,6.0,HARD,False,6.4123627844712505,4.0,False,False
STR,37.0,ALO,548.2797222222252,HARD,3.0,7.0,HARD,False,6.6057797858099425,4.0,False,False
STR,38.0,HAM,530.2424999999976,HARD,8.0,8.0,HARD,False,6.388463855421658,0.0,False,False
STR,39.0,HAM,534.1530555555473,HARD,9.0,9.0,HARD,False,6.435578982596955,0.0,False,False
STR,40.0,HAM,568.7527777777732,HARD,10.0,10.0,HARD,False,6.852443105756303,0.0,False,False
STR,41.0,HAM,574.9241666666694,HARD,11.0,11.0,HARD,False,6.926797188755053,0.0,False,False
STR,42.0,HAM,592.4930555555566,HARD,12.0,12.0,HARD,False,7.138470548862127,0.0,False,False
STR,43.0,HAM,615.814444444437,HARD,13.0,13.0,HARD,False,7.419451137884782,0.0,False,False
STR,44.0,HAM,602.5233333333381,HARD,14.0,14.0,HARD,False,7.259317269076362,0.0,False,False
STR,45.0,HAM,608.407222222223,HARD,15.0,15.0,HARD,False,7.33020749665329,0.0,False,False
STR,46.0,HAM,566.0705555555569,HARD,16.0,16.0,HARD,False,6.820127175368155,0.0,False,False
STR,47.0,HAM,501.0730555555456,HARD,17.0,17.0,HARD,False,6.0370247657294644,0.0,False,False
STR,48.0,HAM,448.0052777777737,HARD,18.0,18.0,HARD,False,5.397653949129803,0.0,False,False
STR,49.0,HAM,420.6597222222217,HARD,19.0,19.0,HARD,False,5.0681894243641175,0.0,False,False
STR,50.0,HAM,361.9449999999979,HARD,20.0,20.0,HARD,False,4.360783132530095,0.0,False,False
STR,51.0,HAM,357.7786111111064,HARD,21.0,21.0,HARD,False,4.310585676037427,0.0,False,False
STR,52.0,HAM,360.4869444444512,HARD,22.0,22.0,HARD,False,4.343216198125918,0.0,False,False
STR,53.0,HAM,375.7772222222202,HARD,23.0,23.0,HARD,False,4.527436412315906,0.0,False,False
STR,54.0,HAM,346.316944444452,HARD,24.0,24.0,HARD,False,4.172493306559663,0.0,False,False
STR,55.0,HAM,314.80249999999614,HARD,25.0,25.0,HARD,False,3.7928012048192308,0.0,False,False
STR,56.0,HAM,301.3347222222301,HARD,26.0,26.0,HARD,False,3.630538821954579,0.0,False,False
STR,57.0,HAM,231.82694444444587,HARD,27.0,27.0,HARD,False,2.793095716198143,0.0,False,False
TSU,1.0,PIA,7.589722222219279,SOFT,1.0,1.0,SOFT,False,0.09144243641228046,0.0,False,False
TSU,2.0,HUL,66.1722222222188,SOFT,5.0,2.0,SOFT,False,0.797255689424323,-3.0,False,False
TSU,3.0,HUL,63.38583333332826,SOFT,6.0,3.0,SOFT,False,0.7636847389557622,-3.0,False,False
TSU,4.0,SAR,26.248055555553947,SOFT,4.0,4.0,SOFT,False,0.31624163319944515,0.0,False,False
TSU,5.0,SAR,46.22305555556159,SOFT,5.0,5.0,SOFT,False,0.5569042838019468,0.0,False,False
TSU,6.0,SAR,62.49555555555708,SOFT,6.0,6.0,SOFT,False,0.7529585006693624,0.0,False,False
TSU,7.0,SAR,66.99416666666548,SOFT,7.0,7.0,SOFT,False,0.8071586345381383,0.0,True,False
TSU,8.0,SAR,67.51888888889061,SOFT,8.0,8.0,SOFT,False,0.8134805890227785,0.0,True,False
TSU,9.0,SAR,68.34361111111139,SOFT,9.0,9.0,SOFT,False,0.8234170013386914,0.0,True,False
TSU,10.0,NOR,39.18749999999818,SOFT,10.0,10.0,SOFT,True,0.47213855421684553,0.0,True,False
TSU,11.0,DEV,201.228611111108,SOFT,11.0,1.0,HARD,False,2.4244410977241926,-10.0,False,False
TSU,12.0,ALB,103.3241666666645,SOFT,1.0,2.0,HARD,False,1.2448694779116205,1.0,False,False
TSU,13.0,OCO,148.9327777777762,HARD,1.0,3.0,HARD,False,1.7943708165997134,2.0,False,False
TSU,14.0,OCO,113.55166666666535,HARD,2.0,4.0,HARD,False,1.368092369477896,2.0,False,False
TSU,15.0,ALB,149.13888888888596,SOFT,4.0,5.0,HARD,False,1.796854082998626,1.0,False,False
TSU,16.0,ALB,130.49777777777217,SOFT,5.0,6.0,HARD,False,1.5722623828647249,1.0,False,False
TSU,17.0,ALB,116.3530555555626,SOFT,6.0,7.0,HARD,False,1.4018440428381036,1.0,False,False
TSU,18.0,ALB,147.67499999999654,SOFT,7.0,8.0,HARD,False,1.7792168674698379,1.0,False,False
TSU,19.0,ALB,132.27999999999247,SOFT,8.0,9.0,HARD,False,1.5937349397589453,1.0,False,False
TSU,20.0,ALB,152.0658333333322,SOFT,9.0,10.0,HARD,False,1.8321184738955687,1.0,False,False
TSU,21.0,ALB,129.59694444444813,SOFT,10.0,11.0,HARD,False,1.5614089692102184,1.0,False,False
TSU,22.0,ALB,101.74833333333572,SOFT,11.0,12.0,HARD,False,1.225883534136575,1.0,False,False
TSU,23.0,ALB,92.5361111111115,SOFT,12.0,13.0,HARD,False,1.1148929049531506,1.0,True,False
TSU,24.0,ALB,92.072222222223,SOFT,13.0,14.0,HARD,False,1.109303882195458,1.0,True,False
TSU,25.0,ALB,120.19277777778008,SOFT,14.0,15.0,HARD,False,1.4481057563587962,1.0,True,False
TSU,26.0,BOT,722.4747222222131,HARD,15.0,16.0,HARD,True,8.704514725568833,1.0,True,False
TSU,27.0,GAS,42.747777777784,HARD,2.0,1.0,HARD,False,0.5150334672022169,-1.0,False,False
TSU,28.0,GAS,61.68083333332561,HARD,3.0,2.0,HARD,False,0.7431425702810315,-1.0,False,False
TSU,29.0,MAG,23.73333333334176,HARD,14.0,3.0,HARD,False,0.2859437751005032,-11.0,False,False
TSU,30.0,GAS,71.95444444444183,HARD,5.0,4.0,HARD,False,0.8669210174029136,-1.0,False,False
TSU,31.0,GAS,46.46472222222292,HARD,6.0,5.0,HARD,False,0.559815930388228,-1.0,False,False
TSU,32.0,GAS,60.811666666669225,HARD,7.0,6.0,HARD,False,0.7326706827309545,-1.0,False,False
TSU,33.0,GAS,61.43555555555122,HARD,8.0,7.0,HARD,False,0.7401874163319424,-1.0,False,False
TSU,34.0,GAS,74.2019444444395,HARD,9.0,8.0,HARD,False,0.8939993306558977,-1.0,False,False
TSU,35.0,GAS,73.98249999999916,HARD,10.0,9.0,HARD,False,0.8913554216867369,-1.0,False,False
TSU,36.0,GAS,84.48055555555493,HARD,11.0,10.0,HARD,False,1.0178380187416256,-1.0,False,False
TSU,37.0,GAS,68.82527777778705,HARD,12.0,11.0,HARD,False,0.8292202141902054,-1.0,True,False
TSU,38.0,GAS,57.92722222222165,HARD,13.0,12.0,HARD,False,0.6979183400267669,-1.0,True,False
TSU,39.0,GAS,34.652500000001055,HARD,14.0,13.0,HARD,False,0.4175000000000127,-1.0,True,False
TSU,40.0,ALB,38.12111111110971,HARD,14.0,14.0,HARD,True,0.45929049531457483,0.0,True,False
TSU,41.0,ZHO,24.47444444444318,SOFT,12.0,4.0,SOFT,False,0.29487282463184555,-8.0,False,False
TSU,42.0,ALB,276.96027777777726,SOFT,2.0,5.0,SOFT,False,3.3368708165997263,3.0,False,False
TSU,43.0,ALB,252.59249999999335,SOFT,3.0,6.0,SOFT,False,3.0432831325300405,3.0,False,False
TSU,44.0,ALB,215.36916666666912,SOFT,4.0,7.0,SOFT,False,2.5948092369478206,3.0,False,False
TSU,45.0,ALB,179.14861111110895,SOFT,5.0,8.0,SOFT,False,2.158417001338662,3.0,False,False
TSU,46.0,ALB,153.49666666666417,SOFT,6.0,9.0,SOFT,False,1.8493574297188453,3.0,False,False
TSU,47.0,ALB,140.26555555555478,SOFT,7.0,10.0,SOFT,False,1.6899464524765637,3.0,False,False
TSU,48.0,ALB,97.638055555557,SOFT,8.0,11.0,SOFT,False,1.1763621151271928,3.0,False,False
TSU,49.0,ALB,89.38916666666046,SOFT,9.0,12.0,SOFT,False,1.0769779116465115,3.0,False,False
TSU,50.0,ALB,73.66638888888974,SOFT,10.0,13.0,SOFT,False,0.8875468540830089,3.0,False,False
TSU,51.0,ALB,87.6436111111143,SOFT,11.0,14.0,SOFT,False,1.0559471218206542,3.0,False,False
TSU,52.0,ALB,54.23583333333954,SOFT,12.0,15.0,SOFT,False,0.6534437751004765,3.0,False,False
TSU,53.0,ALB,56.00638888888443,SOFT,13.0,16.0,SOFT,False,0.6747757697455955,3.0,False,False
TSU,54.0,ALB,42.81833333333998,SOFT,14.0,17.0,SOFT,False,0.5158835341366262,3.0,False,False
TSU,55.0,ALB,55.9905555555506,SOFT,15.0,18.0,SOFT,False,0.6745850066933807,3.0,False,False
TSU,56.0,ALB,59.42944444443765,SOFT,16.0,19.0,SOFT,False,0.7160174029450319,3.0,False,False
TSU,57.0,ALB,57.73972222222437,SOFT,17.0,20.0,SOFT,False,0.6956593038822213,3.0,False,False
VER,1.0,LEC,0.000277777777228,SOFT,1.0,4.0,SOFT,False,3.346720207566265e-06,3.0,False,False
VER,2.0,,,,,5.0,SOFT,False,,,False,False
VER,3.0,,,,,6.0,SOFT,False,,,False,False
VER,4.0,,,,,7.0,SOFT,False,,,False,False
VER,5.0,,,,,8.0,SOFT,False,,,False,False
VER,6.0,,,,,9.0,SOFT,False,,,False,False
VER,7.0,,,,,10.0,SOFT,False,,,False,False
VER,8.0,,,,,11.0,SOFT,False,,,False,False
VER,9.0,,,,,12.0,SOFT,False,,,False,False
VER,10.0,,,,,13.0,SOFT,False,,,False,False
VER,11.0,,,,,14.0,SOFT,False,,,True,False
VER,12.0,,,,,15.0,SOFT,False,,,True,False
VER,13.0,,,,,16.0,SOFT,False,,,True,False
VER,14.0,,,,,17.0,SOFT,True,,,True,False
VER,15.0,PER,716.7274999999963,SOFT,18.0,1.0,SOFT,False,8.635271084337305,-17.0,False,False
VER,16.0,PER,710.9441666666662,SOFT,19.0,2.0,SOFT,False,8.565592369477907,-17.0,False,False
VER,17.0,PER,183.68749999999727,SOFT,20.0,3.0,SOFT,False,2.2131024096385215,-17.0,False,False
VER,18.0,,,,,4.0,SOFT,False,,,False,False
VER,19.0,,,,,5.0,SOFT,False,,,False,False
VER,20.0,,,,,6.0,SOFT,False,,,False,False
VER,21.0,,,,,7.0,SOFT,False,,,False,False
VER,22.0,,,,,8.0,SOFT,False,,,False,False
VER,23.0,,,,,9.0,SOFT,False,,,False,False
VER,24.0,,,,,10.0,SOFT,False,,,False,False
VER,25.0,,,,,11.0,SOFT,False,,,False,False
VER,26.0,,,,,12.0,SOFT,False,,,False,False
VER,27.0,,,,,13.0,SOFT,False,,,False,False
VER,28.0,,,,,14.0,SOFT,False,,,False,False
VER,29.0,,,,,15.0,SOFT,False,,,False,False
VER,30.0,,,,,16.0,SOFT,False,,,False,False
VER,31.0,,,,,17.0,SOFT,False,,,False,False
VER,32.0,,,,,18.0,SOFT,False,,,False,False
VER,33.0,,,,,19.0,SOFT,False,,,True,False
VER,34.0,,,,,20.0,SOFT,False,,,True,False
VER,35.0,,,,,21.0,SOFT,False,,,True,False
VER,36.0,ZHO,176.8369444444461,SOFT,7.0,22.0,SOFT,True,2.130565595716218,15.0,True,True
VER,37.0,HUL,748.06833333333,HARD,11.0,1.0,HARD,False,9.012871485943734,-10.0,False,False
VER,38.0,,,,,2.0,HARD,False,,,False,False
VER,39.0,,,,,3.0,HARD,False,,,False,False
VER,40.0,,,,,4.0,HARD,False,,,False,False
VER,41.0,,,,,5.0,HARD,False,,,False,False
VER,42.0,,,,,6.0,HARD,False,,,False,False
VER,43.0,,,,,7.0,HARD,False,,,False,False
VER,44.0,,,,,8.0,HARD,False,,,False,False
VER,45.0,,,,,9.0,HARD,False,,,False,False
VER,46.0,,,,,10.0,HARD,False,,,False,False
VER,47.0,,,,,11.0,HARD,False,,,False,False
VER,48.0,,,,,12.0,HARD,False,,,False,False
VER,49.0,,,,,13.0,HARD,False,,,False,False
VER,50.0,,,,,14.0,HARD,False,,,False,False
VER,51.0,,,,,15.0,HARD,False,,,False,False
VER,52.0,,,,,16.0,HARD,False,,,False,False
VER,53.0,,,,,17.0,HARD,False,,,False,False
VER,54.0,,,,,18.0,HARD,False,,,False,False
VER,55.0,,,,,19.0,HARD,False,,,False,False
VER,56.0,,,,,20.0,HARD,False,,,False,False
VER,57.0,,,,,21.0,HARD,False,,,False,False
ZHO,1.0,TSU,23.35250000000906,SOFT,1.0,1.0,SOFT,False,0.2813554216868561,0.0,False,False
ZHO,2.0,PIA,26.47555555555209,SOFT,2.0,2.0,SOFT,False,0.3189825970548445,0.0,False,False
ZHO,3.0,PIA,25.59833333333609,SOFT,3.0,3.0,SOFT,False,0.3084136546185071,0.0,False,False
ZHO,4.0,PIA,55.08083333333434,SOFT,4.0,4.0,SOFT,False,0.66362449799198,0.0,False,False
ZHO,5.0,PIA,41.22194444444176,SOFT,5.0,5.0,SOFT,False,0.4966499330655634,0.0,False,False
ZHO,6.0,PIA,40.65027777778141,SOFT,6.0,6.0,SOFT,False,0.4897623828648363,0.0,False,False
ZHO,7.0,PIA,51.83027777777989,SOFT,7.0,7.0,SOFT,False,0.6244611780455408,0.0,False,False
ZHO,8.0,PIA,32.59916666666595,SOFT,8.0,8.0,SOFT,False,0.3927610441766982,0.0,False,False
ZHO,9.0,PIA,43.76999999999953,SOFT,9.0,9.0,SOFT,False,0.5273493975903557,0.0,True,False
ZHO,10.0,TSU,10.1319444444498,SOFT,10.0,10.0,SOFT,False,0.12207161981264819,0.0,True,False
ZHO,11.0,ALB,100.00388888889574,SOFT,11.0,11.0,SOFT,False,1.204866131191515,0.0,True,False
ZHO,12.0,SAR,110.11805555554838,SOFT,12.0,12.0,SOFT,True,1.3267235609102215,0.0,True,False
ZHO,13.0,HUL,10.741944444443106,HARD,2.0,1.0,HARD,False,0.129421017402929,-1.0,False,False
ZHO,14.0,HUL,63.66750000000047,HARD,3.0,2.0,HARD,False,0.7670783132530178,-1.0,False,False
ZHO,15.0,HUL,57.13444444445031,HARD,4.0,3.0,HARD,False,0.6883668005355459,-1.0,False,False
ZHO,16.0,HUL,55.39361111110611,HARD,5.0,4.0,HARD,False,0.6673929049530857,-1.0,False,False
ZHO,17.0,NOR,12.109999999996944,HARD,7.0,5.0,HARD,False,0.1459036144577945,-2.0,False,False
ZHO,18.0,DEV,132.85916666666526,HARD,7.0,6.0,HARD,False,1.6007128514056055,-1.0,False,False
ZHO,19.0,DEV,142.75083333333805,HARD,8.0,7.0,HARD,False,1.7198895582329885,-1.0,False,False
ZHO,20.0,DEV,114.87111111111244,HARD,9.0,8.0,HARD,False,1.3839892904953306,-1.0,False,False
ZHO,21.0,DEV,83.95833333333303,HARD,10.0,9.0,HARD,False,1.0115461847389522,-1.0,False,False
ZHO,22.0,DEV,59.93138888889098,HARD,11.0,10.0,HARD,False,0.7220649263721804,-1.0,False,False
ZHO,23.0,DEV,65.59888888889054,HARD,12.0,11.0,HARD,False,0.7903480589022956,-1.0,False,False
ZHO,24.0,DEV,40.47916666667243,HARD,13.0,12.0,HARD,False,0.4877008032129208,-1.0,False,False
ZHO,25.0,GAS,49.560277777782176,HARD,16.0,13.0,HARD,False,0.597111780455207,-3.0,False,False
ZHO,26.0,ALB,80.98250000000189,SOFT,15.0,14.0,HARD,False,0.9756927710843601,-1.0,False,False
ZHO,27.0,SAR,272.2830555555511,SOFT,15.0,15.0,HARD,False,3.2805187416331454,0.0,False,False
ZHO,28.0,SAR,247.93083333333925,SOFT,16.0,16.0,HARD,False,2.9871184738956535,0.0,False,False
ZHO,29.0,SAR,231.0194444444469,SOFT,17.0,17.0,HARD,False,2.7833668005355046,0.0,True,False
ZHO,30.0,STR,386.0397222222255,HARD,15.0,18.0,HARD,False,4.651080990629223,3.0,True,True
ZHO,31.0,STR,509.7361111111031,HARD,1.0,19.0,HARD,False,6.141398929049435,18.0,True,True
ZHO,32.0,BOT,26.55388888888501,HARD,3.0,20.0,HARD,True,0.31992637215524106,17.0,True,True
ZHO,33.0,DEV,372.5124999999989,HARD,6.0,4.0,SOFT,False,4.488102409638541,-2.0,False,False
ZHO,34.0,VER,104.23305555555908,SOFT,20.0,5.0,SOFT,False,1.255819946452519,-15.0,False,False
ZHO,35.0,DEV,230.09944444444136,HARD,8.0,6.0,SOFT,False,2.7722824631860403,-2.0,False,False
ZHO,36.0,DEV,234.26583333333565,HARD,9.0,7.0,SOFT,False,2.822479919678743,-2.0,False,False
ZHO,37.0,DEV,186.20361111111745,HARD,10.0,8.0,SOFT,False,2.2434170013387646,-2.0,False,False
ZHO,38.0,DEV,193.54444444445016,HARD,11.0,9.0,SOFT,False,2.3318607764391586,-2.0,False,False
ZHO,39.0,DEV,180.9619444444488,HARD,12.0,10.0,SOFT,False,2.180264390896973,-2.0,False,False
ZHO,40.0,SAR,124.71888888888316,HARD,10.0,11.0,SOFT,False,1.5026372155287127,1.0,False,False
ZHO,41.0,DEV,6.724444444445908,HARD,14.0,12.0,SOFT,False,0.08101740294513142,-2.0,False,False
ZHO,42.0,DEV,19.61916666666275,HARD,15.0,13.0,SOFT,False,0.23637550200798493,-2.0,False,False
ZHO,43.0,TSU,345.32833333333656,SOFT,6.0,14.0,SOFT,False,4.160582329317308,8.0,False,False
ZHO,44.0,TSU,403.64000000000215,SOFT,7.0,15.0,SOFT,False,4.863132530120508,8.0,False,False
ZHO,45.0,TSU,501.50055555555446,SOFT,8.0,16.0,SOFT,False,6.04217536813921,8.0,False,False
ZHO,46.0,TSU,578.377500000005,SOFT,9.0,17.0,SOFT,False,6.968403614457892,8.0,False,False
ZHO,47.0,SAR,146.84166666666624,SOFT,7.0,18.0,SOFT,False,1.769176706827304,11.0,False,False
ZHO,48.0,SAR,248.47916666666424,SOFT,8.0,19.0,SOFT,False,2.9937248995983645,11.0,False,False
ZHO,49.0,SAR,363.2294444444469,SOFT,9.0,20.0,SOFT,False,4.376258366800565,11.0,False,False
ZHO,50.0,SAR,595.7152777777783,SOFT,10.0,21.0,SOFT,False,7.1772925033467265,11.0,False,False
ZHO,51.0,VER,163.10583333332852,HARD,15.0,22.0,SOFT,False,1.9651305220882953,7.0,True,True
ZHO,52.0,VER,311.18750000000364,HARD,16.0,23.0,SOFT,False,3.749246987951851,7.0,True,True
ZHO,53.0,VER,496.6141666666608,HARD,17.0,24.0,SOFT,False,5.983303212851335,7.0,True,True
ZHO,54.0,VER,742.9972222222159,HARD,18.0,25.0,SOFT,True,8.951773761713445,7.0,True,True
ZHO,55.0,HUL,1182.618611111111,SOFT,18.0,4.0,SOFT,False,14.248417001338687,-14.0,False,False
ZHO,56.0,TSU,2467.413611111111,SOFT,19.0,5.0,SOFT,False,29.72787483266399,-14.0,False,False
