race_label,status,coverage,pit_loss_constant_s,n_events,known_backfilled_limitation,year,race,session,era
2018 Abu Dhabi Grand Prix (R),skipped_existing,,19.250499999999995,10,False,2018,Abu Dhabi Grand Prix,R,2018-2021 (pre ground-effect)
2018 Austrian Grand Prix (R),skipped_existing,,18.15000000000001,9,False,2018,Austrian Grand Prix,R,2018-2021 (pre ground-effect)
2018 Azerbaijan Grand Prix (R),skipped_existing,,17.748500000000007,13,False,2018,Azerbaijan Grand Prix,R,2018-2021 (pre ground-effect)
2018 Belgian Grand Prix (R),skipped_existing,,7.478999999999999,12,False,2018,Belgian Grand Prix,R,2018-2021 (pre ground-effect)
2018 Brazilian Grand Prix (R),skipped_existing,,5.276499999999999,14,False,2018,Brazilian Grand Prix,R,2018-2021 (pre ground-effect)
2018 British Grand Prix (R),skipped_existing,,18.819250000000004,19,False,2018,British Grand Prix,R,2018-2021 (pre ground-effect)
2018 Canadian Grand Prix (R),skipped_existing,,14.521499999999996,15,False,2018,Canadian Grand Prix,R,2018-2021 (pre ground-effect)
2018 Chinese Grand Prix (R),skipped_existing,,16.235,6,False,2018,Chinese Grand Prix,R,2018-2021 (pre ground-effect)
2018 French Grand Prix (R),skipped_existing,,19.822000000000003,13,False,2018,French Grand Prix,R,2018-2021 (pre ground-effect)
2018 German Grand Prix (R),skipped_existing,,14.278999999999996,27,False,2018,German Grand Prix,R,2018-2021 (pre ground-effect)
2018 Hungarian Grand Prix (R),skipped_existing,,16.601,8,False,2018,Hungarian Grand Prix,R,2018-2021 (pre ground-effect)
2018 Japanese Grand Prix (R),skipped_existing,,8.372,13,False,2018,Japanese Grand Prix,R,2018-2021 (pre ground-effect)
2018 Mexican Grand Prix (R),skipped_existing,,17.095499999999987,11,False,2018,Mexican Grand Prix,R,2018-2021 (pre ground-effect)
2018 Monaco Grand Prix (R),skipped_existing,,14.994500000000002,18,False,2018,Monaco Grand Prix,R,2018-2021 (pre ground-effect)
2018 Russian Grand Prix (R),skipped_existing,,19.568,13,False,2018,Russian Grand Prix,R,2018-2021 (pre ground-effect)
2018 Singapore Grand Prix (R),skipped_existing,,16.766000000000005,13,False,2018,Singapore Grand Prix,R,2018-2021 (pre ground-effect)
2018 Spanish Grand Prix (R),skipped_existing,,18.76325,12,False,2018,Spanish Grand Prix,R,2018-2021 (pre ground-effect)
2018 United States Grand Prix (R),skipped_existing,,16.026749999999993,17,False,2018,United States Grand Prix,R,2018-2021 (pre ground-effect)
2019 Abu Dhabi Grand Prix (R),skipped_existing,,6.134999999999991,14,False,2019,Abu Dhabi Grand Prix,R,2018-2021 (pre ground-effect)
2019 Australian Grand Prix (R),skipped_existing,,10.606000000000002,14,False,2019,Australian Grand Prix,R,2018-2021 (pre ground-effect)
2019 Austrian Grand Prix (R),skipped_existing,,11.003,14,False,2019,Austrian Grand Prix,R,2018-2021 (pre ground-effect)
2019 Azerbaijan Grand Prix (R),skipped_existing,,14.856250000000005,20,False,2019,Azerbaijan Grand Prix,R,2018-2021 (pre ground-effect)
2019 Bahrain Grand Prix (R),skipped_existing,,17.349999999999994,27,False,2019,Bahrain Grand Prix,R,2018-2021 (pre ground-effect)
2019 Belgian Grand Prix (R),skipped_existing,,12.307000000000002,16,False,2019,Belgian Grand Prix,R,2018-2021 (pre ground-effect)
2019 Brazilian Grand Prix (R),skipped_existing,,16.395500000000013,31,False,2019,Brazilian Grand Prix,R,2018-2021 (pre ground-effect)
2019 British Grand Prix (R),skipped_existing,,20.54050000000001,15,False,2019,British Grand Prix,R,2018-2021 (pre ground-effect)
2019 Canadian Grand Prix (R),skipped_existing,,15.266000000000004,21,False,2019,Canadian Grand Prix,R,2018-2021 (pre ground-effect)
2019 Chinese Grand Prix (R),skipped_existing,,8.740000000000009,21,False,2019,Chinese Grand Prix,R,2018-2021 (pre ground-effect)
2019 French Grand Prix (R),skipped_existing,,18.7405,18,False,2019,French Grand Prix,R,2018-2021 (pre ground-effect)
2019 German Grand Prix (R),skipped_existing,,20.81200000000001,30,False,2019,German Grand Prix,R,2018-2021 (pre ground-effect)
2019 Hungarian Grand Prix (R),skipped_existing,,10.608250000000004,15,False,2019,Hungarian Grand Prix,R,2018-2021 (pre ground-effect)
2019 Italian Grand Prix (R),skipped_existing,,15.7155,14,False,2019,Italian Grand Prix,R,2018-2021 (pre ground-effect)
2019 Japanese Grand Prix (R),skipped_existing,,10.267499999999998,23,False,2019,Japanese Grand Prix,R,2018-2021 (pre ground-effect)
2019 Mexican Grand Prix (R),skipped_existing,,8.086999999999989,19,False,2019,Mexican Grand Prix,R,2018-2021 (pre ground-effect)
2019 Monaco Grand Prix (R),skipped_existing,,16.6015,12,False,2019,Monaco Grand Prix,R,2018-2021 (pre ground-effect)
2019 Russian Grand Prix (R),skipped_existing,,21.536999999999992,13,False,2019,Russian Grand Prix,R,2018-2021 (pre ground-effect)
2019 Singapore Grand Prix (R),skipped_existing,,19.214,16,False,2019,Singapore Grand Prix,R,2018-2021 (pre ground-effect)
2019 Spanish Grand Prix (R),skipped_existing,,19.206000000000003,24,False,2019,Spanish Grand Prix,R,2018-2021 (pre ground-effect)
2019 United States Grand Prix (R),skipped_existing,,9.002000000000002,16,False,2019,United States Grand Prix,R,2018-2021 (pre ground-effect)
2020 70th Anniversary Grand Prix (R),skipped_existing,,4.677000000000007,22,False,2020,70th Anniversary Grand Prix,R,2018-2021 (pre ground-effect)
2020 Abu Dhabi Grand Prix (R),skipped_existing,,21.78249999999999,12,False,2020,Abu Dhabi Grand Prix,R,2018-2021 (pre ground-effect)
2020 Austrian Grand Prix (R),skipped_existing,,38.6645,11,False,2020,Austrian Grand Prix,R,2018-2021 (pre ground-effect)
2020 Bahrain Grand Prix (R),skipped_existing,,18.076000000000008,32,False,2020,Bahrain Grand Prix,R,2018-2021 (pre ground-effect)
2020 Belgian Grand Prix (R),skipped_existing,,12.880999999999986,6,False,2020,Belgian Grand Prix,R,2018-2021 (pre ground-effect)
2020 British Grand Prix (R),skipped_existing,,28.28649999999999,3,False,2020,British Grand Prix,R,2018-2021 (pre ground-effect)
2020 Eifel Grand Prix (R),skipped_existing,,19.67525,17,False,2020,Eifel Grand Prix,R,2018-2021 (pre ground-effect)
2020 Emilia Romagna Grand Prix (R),skipped_existing,,23.18925,14,False,2020,Emilia Romagna Grand Prix,R,2018-2021 (pre ground-effect)
2020 Hungarian Grand Prix (R),skipped_existing,,20.270250000000004,20,False,2020,Hungarian Grand Prix,R,2018-2021 (pre ground-effect)
2020 Italian Grand Prix (R),skipped_existing,,32.505,10,False,2020,Italian Grand Prix,R,2018-2021 (pre ground-effect)
2020 Portuguese Grand Prix (R),skipped_existing,,18.963,17,False,2020,Portuguese Grand Prix,R,2018-2021 (pre ground-effect)
2020 Russian Grand Prix (R),skipped_existing,,19.178,15,False,2020,Russian Grand Prix,R,2018-2021 (pre ground-effect)
2020 Sakhir Grand Prix (R),skipped_existing,,20.289999999999992,19,False,2020,Sakhir Grand Prix,R,2018-2021 (pre ground-effect)
2020 Spanish Grand Prix (R),skipped_existing,,7.140000000000001,18,False,2020,Spanish Grand Prix,R,2018-2021 (pre ground-effect)
2020 Styrian Grand Prix (R),skipped_existing,,4.034749999999995,11,False,2020,Styrian Grand Prix,R,2018-2021 (pre ground-effect)
2020 Turkish Grand Prix (R),skipped_existing,,12.47325,21,False,2020,Turkish Grand Prix,R,2018-2021 (pre ground-effect)
2020 Tuscan Grand Prix (R),skipped_existing,,7.447499999999991,13,False,2020,Tuscan Grand Prix,R,2018-2021 (pre ground-effect)
2021 Abu Dhabi Grand Prix (R),skipped_existing,,19.072000000000003,18,False,2021,Abu Dhabi Grand Prix,R,2018-2021 (pre ground-effect)
2021 Austrian Grand Prix (R),skipped_existing,,15.737000000000007,17,False,2021,Austrian Grand Prix,R,2018-2021 (pre ground-effect)
2021 Azerbaijan Grand Prix (R),skipped_existing,,17.668499999999995,17,False,2021,Azerbaijan Grand Prix,R,2018-2021 (pre ground-effect)
2021 Bahrain Grand Prix (R),skipped_existing,,6.654499999999992,24,False,2021,Bahrain Grand Prix,R,2018-2021 (pre ground-effect)
2021 British Grand Prix (R),skipped_existing,,4.048000000000002,12,False,2021,British Grand Prix,R,2018-2021 (pre ground-effect)
2021 Dutch Grand Prix (R),skipped_existing,,12.498000000000005,16,False,2021,Dutch Grand Prix,R,2018-2021 (pre ground-effect)
2021 Emilia Romagna Grand Prix (R),skipped_existing,,25.9935,12,False,2021,Emilia Romagna Grand Prix,R,2018-2021 (pre ground-effect)
2021 French Grand Prix (R),skipped_existing,,14.64,17,False,2021,French Grand Prix,R,2018-2021 (pre ground-effect)
2021 Hungarian Grand Prix (R),skipped_existing,,17.889500000000012,5,False,2021,Hungarian Grand Prix,R,2018-2021 (pre ground-effect)
2021 Italian Grand Prix (R),skipped_existing,,19.613,7,False,2021,Italian Grand Prix,R,2018-2021 (pre ground-effect)
2021 Mexico City Grand Prix (R),skipped_existing,,18.064499999999995,15,False,2021,Mexico City Grand Prix,R,2018-2021 (pre ground-effect)
2021 Monaco Grand Prix (R),skipped_existing,,12.143500000000005,13,False,2021,Monaco Grand Prix,R,2018-2021 (pre ground-effect)
2021 Portuguese Grand Prix (R),skipped_existing,,23.241,12,False,2021,Portuguese Grand Prix,R,2018-2021 (pre ground-effect)
2021 Qatar Grand Prix (R),skipped_existing,,14.7205,25,False,2021,Qatar Grand Prix,R,2018-2021 (pre ground-effect)
2021 Russian Grand Prix (R),skipped_existing,,18.1535,23,False,2021,Russian Grand Prix,R,2018-2021 (pre ground-effect)
2021 Saudi Arabian Grand Prix (R),skipped_existing,,28.591000000000008,14,False,2021,Saudi Arabian Grand Prix,R,2018-2021 (pre ground-effect)
2021 Spanish Grand Prix (R),skipped_existing,,16.901000000000003,23,False,2021,Spanish Grand Prix,R,2018-2021 (pre ground-effect)
2021 Styrian Grand Prix (R),skipped_existing,,11.661250000000004,14,False,2021,Styrian Grand Prix,R,2018-2021 (pre ground-effect)
2021 São Paulo Grand Prix (R),skipped_existing,,18.194000000000003,20,False,2021,São Paulo Grand Prix,R,2018-2021 (pre ground-effect)
2021 Turkish Grand Prix (R),skipped_existing,,11.453750000000014,10,False,2021,Turkish Grand Prix,R,2018-2021 (pre ground-effect)
2021 United States Grand Prix (R),skipped_existing,,17.10199999999999,26,False,2021,United States Grand Prix,R,2018-2021 (pre ground-effect)
2022 Abu Dhabi Grand Prix (R),skipped_existing,,19.526,18,False,2022,Abu Dhabi Grand Prix,R,2022-2025 (ground-effect)
2022 Australian Grand Prix (R),skipped_existing,,14.457000000000008,11,False,2022,Australian Grand Prix,R,2022-2025 (ground-effect)
2022 Austrian Grand Prix (R),skipped_existing,,15.024,24,False,2022,Austrian Grand Prix,R,2022-2025 (ground-effect)
2022 Azerbaijan Grand Prix (R),skipped_existing,,20.36400000000002,13,False,2022,Azerbaijan Grand Prix,R,2022-2025 (ground-effect)
2022 Bahrain Grand Prix (R),skipped_existing,,19.549750000000003,38,False,2022,Bahrain Grand Prix,R,2022-2025 (ground-effect)
2022 Belgian Grand Prix (R),skipped_existing,,10.82050000000001,28,False,2022,Belgian Grand Prix,R,2022-2025 (ground-effect)
2022 British Grand Prix (R),skipped_existing,,21.8035,16,False,2022,British Grand Prix,R,2022-2025 (ground-effect)
2022 Canadian Grand Prix (R),skipped_existing,,18.288999999999987,24,False,2022,Canadian Grand Prix,R,2022-2025 (ground-effect)
2022 Dutch Grand Prix (R),skipped_existing,,19.685,39,False,2022,Dutch Grand Prix,R,2022-2025 (ground-effect)
2022 Emilia Romagna Grand Prix (R),skipped_existing,,,0,False,2022,Emilia Romagna Grand Prix,R,2022-2025 (ground-effect)
2022 French Grand Prix (R),skipped_existing,,33.483999999999995,5,False,2022,French Grand Prix,R,2022-2025 (ground-effect)
2022 Hungarian Grand Prix (R),skipped_existing,,16.531999999999996,29,False,2022,Hungarian Grand Prix,R,2022-2025 (ground-effect)
2022 Italian Grand Prix (R),skipped_existing,,20.11999999999999,15,False,2022,Italian Grand Prix,R,2022-2025 (ground-effect)
2022 Japanese Grand Prix (R),skipped_existing,,19.33450000000001,3,False,2022,Japanese Grand Prix,R,2022-2025 (ground-effect)
2022 Mexico City Grand Prix (R),skipped_existing,,11.926499999999995,18,False,2022,Mexico City Grand Prix,R,2022-2025 (ground-effect)
2022 Miami Grand Prix (R),skipped_existing,,16.564999999999998,14,False,2022,Miami Grand Prix,R,2022-2025 (ground-effect)
2022 Monaco Grand Prix (R),skipped_existing,,13.334250000000004,5,False,2022,Monaco Grand Prix,R,2022-2025 (ground-effect)
2022 Saudi Arabian Grand Prix (R),skipped_existing,,18.893,5,False,2022,Saudi Arabian Grand Prix,R,2022-2025 (ground-effect)
2022 Singapore Grand Prix (R),skipped_existing,,6.61099999999999,5,False,2022,Singapore Grand Prix,R,2022-2025 (ground-effect)
2022 Spanish Grand Prix (R),skipped_existing,,16.686000000000007,39,False,2022,Spanish Grand Prix,R,2022-2025 (ground-effect)
2022 São Paulo Grand Prix (R),skipped_existing,,17.081999999999994,31,False,2022,São Paulo Grand Prix,R,2022-2025 (ground-effect)
2022 United States Grand Prix (R),skipped_existing,,16.195,18,False,2022,United States Grand Prix,R,2022-2025 (ground-effect)
2023 Abu Dhabi Grand Prix (R),skipped_existing,,3.4039999999999964,21,False,2023,Abu Dhabi Grand Prix,R,2022-2025 (ground-effect)
2023 Australian Grand Prix (R),skipped_existing,,26.54675,11,False,2023,Australian Grand Prix,R,2022-2025 (ground-effect)
2023 Austrian Grand Prix (R),skipped_existing,,17.821000000000012,18,False,2023,Austrian Grand Prix,R,2022-2025 (ground-effect)
2023 Azerbaijan Grand Prix (R),skipped_existing,,14.906000000000006,5,False,2023,Azerbaijan Grand Prix,R,2022-2025 (ground-effect)
2023 Bahrain Grand Prix (R),skipped_existing,,19.7925,22,False,2023,Bahrain Grand Prix,R,2022-2025 (ground-effect)
2023 Belgian Grand Prix (R),skipped_existing,,8.799000000000007,13,False,2023,Belgian Grand Prix,R,2022-2025 (ground-effect)
2023 British Grand Prix (R),skipped_existing,,20.5605,14,False,2023,British Grand Prix,R,2022-2025 (ground-effect)
2023 Canadian Grand Prix (R),skipped_existing,,16.35199999999999,12,False,2023,Canadian Grand Prix,R,2022-2025 (ground-effect)
2023 Dutch Grand Prix (R),skipped_existing,,18.305499999999995,30,False,2023,Dutch Grand Prix,R,2022-2025 (ground-effect)
2023 Hungarian Grand Prix (R),skipped_existing,,16.20899999999999,23,False,2023,Hungarian Grand Prix,R,2022-2025 (ground-effect)
2023 Italian Grand Prix (R),skipped_existing,,18.982500000000016,15,False,2023,Italian Grand Prix,R,2022-2025 (ground-effect)
2023 Japanese Grand Prix (R),skipped_existing,,17.982,24,False,2023,Japanese Grand Prix,R,2022-2025 (ground-effect)
2023 Las Vegas Grand Prix (R),skipped_existing,,17.53,10,False,2023,Las Vegas Grand Prix,R,2022-2025 (ground-effect)
2023 Mexico City Grand Prix (R),skipped_existing,,17.824500000000008,22,False,2023,Mexico City Grand Prix,R,2022-2025 (ground-effect)
2023 Miami Grand Prix (R),skipped_existing,,13.85275,9,False,2023,Miami Grand Prix,R,2022-2025 (ground-effect)
2023 Monaco Grand Prix (R),skipped_existing,,14.667000000000002,23,False,2023,Monaco Grand Prix,R,2022-2025 (ground-effect)
2023 Qatar Grand Prix (R),skipped_existing,,22.48299999999999,41,False,2023,Qatar Grand Prix,R,2022-2025 (ground-effect)
2023 Saudi Arabian Grand Prix (R),skipped_existing,,19.894,3,False,2023,Saudi Arabian Grand Prix,R,2022-2025 (ground-effect)
2023 Singapore Grand Prix (R),skipped_existing,,25.361000000000004,5,False,2023,Singapore Grand Prix,R,2022-2025 (ground-effect)
2023 Spanish Grand Prix (R),skipped_existing,,14.108500000000006,36,False,2023,Spanish Grand Prix,R,2022-2025 (ground-effect)
2023 São Paulo Grand Prix (R),skipped_existing,,16.714,22,False,2023,São Paulo Grand Prix,R,2022-2025 (ground-effect)
2023 United States Grand Prix (R),skipped_existing,,8.174500000000002,26,False,2023,United States Grand Prix,R,2022-2025 (ground-effect)
2024 Abu Dhabi Grand Prix (R),skipped_existing,,19.337000000000003,11,False,2024,Abu Dhabi Grand Prix,R,2022-2025 (ground-effect)
2024 Australian Grand Prix (R),skipped_existing,,13.64,21,False,2024,Australian Grand Prix,R,2022-2025 (ground-effect)
2024 Austrian Grand Prix (R),skipped_existing,,15.724000000000004,27,False,2024,Austrian Grand Prix,R,2022-2025 (ground-effect)
2024 Azerbaijan Grand Prix (R),skipped_existing,,13.420000000000002,9,False,2024,Azerbaijan Grand Prix,R,2022-2025 (ground-effect)
2024 Bahrain Grand Prix (R),skipped_existing,,19.592,18,False,2024,Bahrain Grand Prix,R,2022-2025 (ground-effect)
2024 Belgian Grand Prix (R),skipped_existing,,9.648000000000003,16,False,2024,Belgian Grand Prix,R,2022-2025 (ground-effect)
2024 British Grand Prix (R),skipped_existing,,16.918499999999995,4,False,2024,British Grand Prix,R,2022-2025 (ground-effect)
2024 Canadian Grand Prix (R),skipped_existing,,20.62375,8,False,2024,Canadian Grand Prix,R,2022-2025 (ground-effect)
2024 Chinese Grand Prix (R),skipped_existing,,17.828749999999992,23,False,2024,Chinese Grand Prix,R,2022-2025 (ground-effect)
2024 Dutch Grand Prix (R),skipped_existing,,13.4735,17,False,2024,Dutch Grand Prix,R,2022-2025 (ground-effect)
2024 Emilia Romagna Grand Prix (R),skipped_existing,,8.072000000000003,12,False,2024,Emilia Romagna Grand Prix,R,2022-2025 (ground-effect)
2024 Hungarian Grand Prix (R),skipped_existing,,12.879499999999991,24,False,2024,Hungarian Grand Prix,R,2022-2025 (ground-effect)
2024 Italian Grand Prix (R),skipped_existing,,9.55125000000001,15,False,2024,Italian Grand Prix,R,2022-2025 (ground-effect)
2024 Japanese Grand Prix (R),skipped_existing,,17.2675,18,False,2024,Japanese Grand Prix,R,2022-2025 (ground-effect)
2024 Las Vegas Grand Prix (R),skipped_existing,,11.369999999999996,22,False,2024,Las Vegas Grand Prix,R,2022-2025 (ground-effect)
2024 Mexico City Grand Prix (R),skipped_existing,,7.998250000000006,10,False,2024,Mexico City Grand Prix,R,2022-2025 (ground-effect)
2024 Miami Grand Prix (R),skipped_existing,,15.132999999999996,12,False,2024,Miami Grand Prix,R,2022-2025 (ground-effect)
2024 Monaco Grand Prix (R),skipped_existing,,16.56949999999999,4,False,2024,Monaco Grand Prix,R,2022-2025 (ground-effect)
2024 Qatar Grand Prix (R),skipped_existing,,29.00199999999999,14,False,2024,Qatar Grand Prix,R,2022-2025 (ground-effect)
2024 Saudi Arabian Grand Prix (R),skipped_existing,,31.361499999999992,4,False,2024,Saudi Arabian Grand Prix,R,2022-2025 (ground-effect)
2024 Singapore Grand Prix (R),skipped_existing,,11.907749999999991,14,False,2024,Singapore Grand Prix,R,2022-2025 (ground-effect)
2024 Spanish Grand Prix (R),skipped_existing,,11.373499999999993,30,False,2024,Spanish Grand Prix,R,2022-2025 (ground-effect)
2024 São Paulo Grand Prix (R),skipped_existing,,13.349000000000004,11,False,2024,São Paulo Grand Prix,R,2022-2025 (ground-effect)
2024 United States Grand Prix (R),skipped_existing,,6.534499999999994,15,False,2024,United States Grand Prix,R,2022-2025 (ground-effect)
2025 Abu Dhabi Grand Prix (R),skipped_existing,,11.788000000000004,14,False,2025,Abu Dhabi Grand Prix,R,2022-2025 (ground-effect)
2025 Australian Grand Prix (R),skipped_existing,,32.656,11,False,2025,Australian Grand Prix,R,2022-2025 (ground-effect)
2025 Austrian Grand Prix (R),skipped_existing,,12.31275,17,False,2025,Austrian Grand Prix,R,2022-2025 (ground-effect)
2025 Azerbaijan Grand Prix (R),skipped_existing,,10.326500000000005,12,False,2025,Azerbaijan Grand Prix,R,2022-2025 (ground-effect)
2025 Bahrain Grand Prix (R),skipped_existing,,18.53150000000001,28,False,2025,Bahrain Grand Prix,R,2022-2025 (ground-effect)
2025 Belgian Grand Prix (R),skipped_existing,,23.05725,2,False,2025,Belgian Grand Prix,R,2022-2025 (ground-effect)
2025 British Grand Prix (R),skipped_existing,,8.075999999999993,9,False,2025,British Grand Prix,R,2022-2025 (ground-effect)
2025 Canadian Grand Prix (R),skipped_existing,,15.938000000000002,40,False,2025,Canadian Grand Prix,R,2022-2025 (ground-effect)
2025 Chinese Grand Prix (R),skipped_existing,,13.409000000000006,11,False,2025,Chinese Grand Prix,R,2022-2025 (ground-effect)
2025 Dutch Grand Prix (R),skipped_existing,,23.9325,11,False,2025,Dutch Grand Prix,R,2022-2025 (ground-effect)
2025 Emilia Romagna Grand Prix (R),skipped_existing,,28.567,15,False,2025,Emilia Romagna Grand Prix,R,2022-2025 (ground-effect)
2025 Hungarian Grand Prix (R),skipped_existing,,10.602249999999998,15,False,2025,Hungarian Grand Prix,R,2022-2025 (ground-effect)
2025 Italian Grand Prix (R),skipped_existing,,4.674250000000001,8,False,2025,Italian Grand Prix,R,2022-2025 (ground-effect)
2025 Japanese Grand Prix (R),skipped_existing,,11.793749999999996,15,False,2025,Japanese Grand Prix,R,2022-2025 (ground-effect)
2025 Las Vegas Grand Prix (R),skipped_existing,,16.16900000000001,8,False,2025,Las Vegas Grand Prix,R,2022-2025 (ground-effect)
2025 Mexico City Grand Prix (R),skipped_existing,,8.519249999999992,18,False,2025,Mexico City Grand Prix,R,2022-2025 (ground-effect)
2025 Miami Grand Prix (R),skipped_existing,,14.56275,2,False,2025,Miami Grand Prix,R,2022-2025 (ground-effect)
2025 Monaco Grand Prix (R),skipped_existing,,13.427999999999995,22,False,2025,Monaco Grand Prix,R,2022-2025 (ground-effect)
2025 Qatar Grand Prix (R),skipped_existing,,21.881,8,False,2025,Qatar Grand Prix,R,2022-2025 (ground-effect)
2025 Saudi Arabian Grand Prix (R),skipped_existing,,9.962250000000004,8,False,2025,Saudi Arabian Grand Prix,R,2022-2025 (ground-effect)
2025 Singapore Grand Prix (R),skipped_existing,,15.806250000000006,12,False,2025,Singapore Grand Prix,R,2022-2025 (ground-effect)
2025 Spanish Grand Prix (R),skipped_existing,,17.269999999999996,35,False,2025,Spanish Grand Prix,R,2022-2025 (ground-effect)
2025 São Paulo Grand Prix (R),skipped_existing,,9.865000000000007,27,False,2025,São Paulo Grand Prix,R,2022-2025 (ground-effect)
2025 United States Grand Prix (R),skipped_existing,,18.98225,12,False,2025,United States Grand Prix,R,2022-2025 (ground-effect)
2026 Australian Grand Prix (R),skipped_existing,,22.74425,12,False,2026,Australian Grand Prix,R,2026+ (new regs)
2026 Canadian Grand Prix (R),skipped_existing,,21.012,12,False,2026,Canadian Grand Prix,R,2026+ (new regs)
2026 Chinese Grand Prix (R),skipped_existing,,16.680000000000007,12,False,2026,Chinese Grand Prix,R,2026+ (new regs)
2026 Japanese Grand Prix (R),skipped_existing,,21.588,8,False,2026,Japanese Grand Prix,R,2026+ (new regs)
2026 Miami Grand Prix (R),skipped_existing,,13.37825,12,False,2026,Miami Grand Prix,R,2026+ (new regs)
2026 Monaco Grand Prix (R),skipped_existing,,17.563250000000004,4,False,2026,Monaco Grand Prix,R,2026+ (new regs)
